timestamp,voltage,current,power,energy,status,appliance,source
2013-04-18 09:00:00,230.9,0.407,94.0,2.61e-05,ON,Fridge,ukdale
2013-04-18 09:00:00,229.7,0.013,3.0,8e-07,ON,Television,ukdale
2013-04-18 09:00:00,231.6,0.026,6.0,1.7e-06,ON,Hi-Fi System,ukdale
2013-04-18 09:00:06,230.0,0.439,101.0,2.81e-05,ON,Fridge,ukdale
2013-04-18 09:00:06,231.9,0.013,3.0,8e-07,ON,Television,ukdale
2013-04-18 09:00:06,228.7,0.026,6.0,1.7e-06,ON,Hi-Fi System,ukdale
2013-04-18 09:00:12,230.3,0.499,115.0,3.19e-05,ON,Fridge,ukdale
2013-04-18 09:00:12,228.7,0.013,3.0,8e-07,ON,Television,ukdale
2013-04-18 09:00:12,228.9,0.031,7.0,1.9e-06,ON,Hi-Fi System,ukdale
2013-04-18 09:00:18,230.3,0.421,97.0,2.69e-05,ON,Fridge,ukdale
2013-04-18 09:00:18,229.4,0.013,3.0,8e-07,ON,Television,ukdale
2013-04-18 09:00:18,228.3,0.022,5.0,1.4e-06,ON,Hi-Fi System,ukdale
2013-04-18 09:00:24,228.9,0.489,112.0,3.11e-05,ON,Fridge,ukdale
2013-04-18 09:00:24,230.7,0.013,3.0,8e-07,ON,Television,ukdale
2013-04-18 09:00:24,230.4,0.026,6.0,1.7e-06,ON,Hi-Fi System,ukdale
2013-04-18 09:00:30,230.6,0.434,100.0,2.78e-05,ON,Fridge,ukdale
2013-04-18 09:00:30,229.3,0.013,3.0,8e-07,ON,Television,ukdale
2013-04-18 09:00:30,229.1,0.026,6.0,1.7e-06,ON,Hi-Fi System,ukdale
2013-04-18 09:00:36,230.1,0.417,96.0,2.67e-05,ON,Fridge,ukdale
2013-04-18 09:00:36,230.8,0.013,3.0,8e-07,ON,Television,ukdale
2013-04-18 09:00:36,228.3,0.022,5.0,1.4e-06,ON,Hi-Fi System,ukdale
2013-04-18 09:00:42,228.6,0.507,116.0,3.22e-05,ON,Fridge,ukdale
2013-04-18 09:00:42,230.6,0.013,3.0,8e-07,ON,Television,ukdale
2013-04-18 09:00:42,229.7,0.026,6.0,1.7e-06,ON,Hi-Fi System,ukdale
2013-04-18 09:00:48,231.7,0.505,117.0,3.25e-05,ON,Fridge,ukdale
2013-04-18 09:00:48,231.2,0.013,3.0,8e-07,ON,Television,ukdale
2013-04-18 09:00:48,230.3,0.026,6.0,1.7e-06,ON,Hi-Fi System,ukdale
2013-04-18 09:00:54,228.8,0.463,106.0,2.94e-05,ON,Fridge,ukdale
2013-04-18 09:00:54,231.7,0.013,3.0,8e-07,ON,Television,ukdale
2013-04-18 09:00:54,231.2,0.026,6.0,1.7e-06,ON,Hi-Fi System,ukdale
2013-04-18 09:01:00,229.4,0.432,99.0,2.75e-05,ON,Fridge,ukdale
2013-04-18 09:01:00,230.3,0.013,3.0,8e-07,ON,Television,ukdale
2013-04-18 09:01:00,230.7,0.022,5.0,1.4e-06,ON,Hi-Fi System,ukdale
2013-04-18 09:01:06,230.0,0.478,110.0,3.06e-05,ON,Fridge,ukdale
2013-04-18 09:01:06,228.9,0.013,3.0,8e-07,ON,Television,ukdale
2013-04-18 09:01:06,229.6,0.022,5.0,1.4e-06,ON,Hi-Fi System,ukdale
2013-04-18 09:01:12,231.7,0.501,116.0,3.22e-05,ON,Fridge,ukdale
2013-04-18 09:01:12,229.4,0.013,3.0,8e-07,ON,Television,ukdale
2013-04-18 09:01:12,230.6,0.022,5.0,1.4e-06,ON,Hi-Fi System,ukdale
2013-04-18 09:01:18,228.3,0.477,109.0,3.03e-05,ON,Fridge,ukdale
2013-04-18 09:01:18,228.1,0.013,3.0,8e-07,ON,Television,ukdale
2013-04-18 09:01:18,228.2,0.022,5.0,1.4e-06,ON,Hi-Fi System,ukdale
2013-04-18 09:01:24,230.9,0.407,94.0,2.61e-05,ON,Fridge,ukdale
2013-04-18 09:01:24,230.4,0.013,3.0,8e-07,ON,Television,ukdale
2013-04-18 09:01:24,230.9,0.026,6.0,1.7e-06,ON,Hi-Fi System,ukdale
2013-04-18 09:01:30,230.0,0.443,102.0,2.83e-05,ON,Fridge,ukdale
2013-04-18 09:01:30,228.1,0.013,3.0,8e-07,ON,Television,ukdale
2013-04-18 09:01:30,232.0,0.022,5.0,1.4e-06,ON,Hi-Fi System,ukdale
2013-04-18 09:01:36,229.0,0.493,113.0,3.14e-05,ON,Fridge,ukdale
2013-04-18 09:01:36,231.7,0.013,3.0,8e-07,ON,Television,ukdale
2013-04-18 09:01:36,231.0,0.026,6.0,1.7e-06,ON,Hi-Fi System,ukdale
2013-04-18 09:01:42,228.2,0.491,112.0,3.11e-05,ON,Fridge,ukdale
2013-04-18 09:01:42,228.6,0.013,3.0,8e-07,ON,Television,ukdale
2013-04-18 09:01:42,231.0,0.026,6.0,1.7e-06,ON,Hi-Fi System,ukdale
2013-04-18 09:01:48,230.4,0.508,117.0,3.25e-05,ON,Fridge,ukdale
2013-04-18 09:01:48,231.8,0.013,3.0,8e-07,ON,Television,ukdale
2013-04-18 09:01:48,231.1,0.026,6.0,1.7e-06,ON,Hi-Fi System,ukdale
2013-04-18 09:01:54,230.6,0.52,120.0,3.33e-05,ON,Fridge,ukdale
2013-04-18 09:01:54,231.1,0.013,3.0,8e-07,ON,Television,ukdale
2013-04-18 09:01:54,228.3,0.026,6.0,1.7e-06,ON,Hi-Fi System,ukdale
2013-04-18 09:02:00,228.4,0.499,114.0,3.17e-05,ON,Fridge,ukdale
2013-04-18 09:02:00,228.5,0.013,3.0,8e-07,ON,Television,ukdale
2013-04-18 09:02:00,230.6,0.03,7.0,1.9e-06,ON,Hi-Fi System,ukdale
2013-04-18 09:02:06,228.1,0.474,108.0,3e-05,ON,Fridge,ukdale
2013-04-18 09:02:06,228.7,0.013,3.0,8e-07,ON,Television,ukdale
2013-04-18 09:02:06,230.3,0.03,7.0,1.9e-06,ON,Hi-Fi System,ukdale
2013-04-18 09:02:12,230.6,0.468,108.0,3e-05,ON,Fridge,ukdale
2013-04-18 09:02:12,230.0,0.013,3.0,8e-07,ON,Television,ukdale
2013-04-18 09:02:12,229.3,0.026,6.0,1.7e-06,ON,Hi-Fi System,ukdale
2013-04-18 09:02:18,228.5,0.473,108.0,3e-05,ON,Fridge,ukdale
2013-04-18 09:02:18,230.7,0.013,3.0,8e-07,ON,Television,ukdale
2013-04-18 09:02:18,230.6,0.03,7.0,1.9e-06,ON,Hi-Fi System,ukdale
2013-04-18 09:02:24,230.9,0.489,113.0,3.14e-05,ON,Fridge,ukdale
2013-04-18 09:02:24,229.7,0.013,3.0,8e-07,ON,Television,ukdale
2013-04-18 09:02:24,229.9,0.022,5.0,1.4e-06,ON,Hi-Fi System,ukdale
2013-04-18 09:02:30,231.9,0.41,95.0,2.64e-05,ON,Fridge,ukdale
2013-04-18 09:02:30,228.7,0.013,3.0,8e-07,ON,Television,ukdale
2013-04-18 09:02:30,230.1,0.03,7.0,1.9e-06,ON,Hi-Fi System,ukdale
2013-04-18 09:02:36,229.6,0.501,115.0,3.19e-05,ON,Fridge,ukdale
2013-04-18 09:02:36,228.9,0.013,3.0,8e-07,ON,Television,ukdale
2013-04-18 09:02:36,231.1,0.026,6.0,1.7e-06,ON,Hi-Fi System,ukdale
2013-04-18 09:02:42,230.5,0.477,110.0,3.06e-05,ON,Fridge,ukdale
2013-04-18 09:02:42,230.2,0.013,3.0,8e-07,ON,Television,ukdale
2013-04-18 09:02:42,229.8,0.03,7.0,1.9e-06,ON,Hi-Fi System,ukdale
2013-04-18 09:02:48,231.1,0.515,119.0,3.31e-05,ON,Fridge,ukdale
2013-04-18 09:02:48,229.7,0.013,3.0,8e-07,ON,Television,ukdale
2013-04-18 09:02:48,228.5,0.022,5.0,1.4e-06,ON,Hi-Fi System,ukdale
2013-04-18 09:02:54,230.8,0.485,112.0,3.11e-05,ON,Fridge,ukdale
2013-04-18 09:02:54,229.7,0.013,3.0,8e-07,ON,Television,ukdale
2013-04-18 09:02:54,230.8,0.03,7.0,1.9e-06,ON,Hi-Fi System,ukdale
2013-04-18 09:03:00,230.6,0.447,103.0,2.86e-05,ON,Fridge,ukdale
2013-04-18 09:03:00,229.8,0.013,3.0,8e-07,ON,Television,ukdale
2013-04-18 09:03:00,229.1,0.026,6.0,1.7e-06,ON,Hi-Fi System,ukdale
2013-04-18 09:03:06,231.0,0.42,97.0,2.69e-05,ON,Fridge,ukdale
2013-04-18 09:03:06,228.5,0.013,3.0,8e-07,ON,Television,ukdale
2013-04-18 09:03:06,230.9,0.03,7.0,1.9e-06,ON,Hi-Fi System,ukdale
2013-04-18 09:03:12,228.8,0.511,117.0,3.25e-05,ON,Fridge,ukdale
2013-04-18 09:03:12,229.7,0.013,3.0,8e-07,ON,Television,ukdale
2013-04-18 09:03:12,228.7,0.026,6.0,1.7e-06,ON,Hi-Fi System,ukdale
2013-04-18 09:03:18,228.9,0.467,107.0,2.97e-05,ON,Fridge,ukdale
2013-04-18 09:03:18,231.0,0.013,3.0,8e-07,ON,Television,ukdale
2013-04-18 09:03:18,228.6,0.026,6.0,1.7e-06,ON,Hi-Fi System,ukdale
2013-04-18 09:03:24,228.0,0.452,103.0,2.86e-05,ON,Fridge,ukdale
2013-04-18 09:03:24,228.7,0.013,3.0,8e-07,ON,Television,ukdale
2013-04-18 09:03:24,230.0,0.026,6.0,1.7e-06,ON,Hi-Fi System,ukdale
2013-04-18 09:03:30,229.3,0.419,96.0,2.67e-05,ON,Fridge,ukdale
2013-04-18 09:03:30,229.7,0.013,3.0,8e-07,ON,Television,ukdale
2013-04-18 09:03:30,229.5,0.022,5.0,1.4e-06,ON,Hi-Fi System,ukdale
2013-04-18 09:03:36,231.3,0.398,92.0,2.56e-05,ON,Fridge,ukdale
2013-04-18 09:03:36,231.9,0.013,3.0,8e-07,ON,Television,ukdale
2013-04-18 09:03:36,228.9,0.031,7.0,1.9e-06,ON,Hi-Fi System,ukdale
2013-04-18 09:03:42,230.6,0.451,104.0,2.89e-05,ON,Fridge,ukdale
2013-04-18 09:03:42,228.8,0.013,3.0,8e-07,ON,Television,ukdale
2013-04-18 09:03:42,230.2,0.026,6.0,1.7e-06,ON,Hi-Fi System,ukdale
2013-04-18 09:03:48,231.9,0.44,102.0,2.83e-05,ON,Fridge,ukdale
2013-04-18 09:03:48,229.7,0.013,3.0,8e-07,ON,Television,ukdale
2013-04-18 09:03:48,229.7,0.022,5.0,1.4e-06,ON,Hi-Fi System,ukdale
2013-04-18 09:03:54,231.3,0.514,119.0,3.31e-05,ON,Fridge,ukdale
2013-04-18 09:03:54,228.5,0.013,3.0,8e-07,ON,Television,ukdale
2013-04-18 09:03:54,228.4,0.022,5.0,1.4e-06,ON,Hi-Fi System,ukdale
2013-04-18 09:04:00,229.7,0.461,106.0,2.94e-05,ON,Fridge,ukdale
2013-04-18 09:04:00,231.2,0.013,3.0,8e-07,ON,Television,ukdale
2013-04-18 09:04:00,231.7,0.022,5.0,1.4e-06,ON,Hi-Fi System,ukdale
2013-04-18 09:04:06,231.4,0.424,98.0,2.72e-05,ON,Fridge,ukdale
2013-04-18 09:04:06,231.0,0.013,3.0,8e-07,ON,Television,ukdale
2013-04-18 09:04:06,230.7,0.03,7.0,1.9e-06,ON,Hi-Fi System,ukdale
2013-04-18 09:04:12,230.4,0.399,92.0,2.56e-05,ON,Fridge,ukdale
2013-04-18 09:04:12,231.7,0.013,3.0,8e-07,ON,Television,ukdale
2013-04-18 09:04:12,231.4,0.026,6.0,1.7e-06,ON,Hi-Fi System,ukdale
2013-04-18 09:04:18,231.9,0.392,91.0,2.53e-05,ON,Fridge,ukdale
2013-04-18 09:04:18,229.8,0.013,3.0,8e-07,ON,Television,ukdale
2013-04-18 09:04:18,228.2,0.026,6.0,1.7e-06,ON,Hi-Fi System,ukdale
2013-04-18 09:04:24,228.3,0.477,109.0,3.03e-05,ON,Fridge,ukdale
2013-04-18 09:04:24,231.3,0.013,3.0,8e-07,ON,Television,ukdale
2013-04-18 09:04:24,230.1,0.022,5.0,1.4e-06,ON,Hi-Fi System,ukdale
2013-04-18 09:04:30,229.6,0.51,117.0,3.25e-05,ON,Fridge,ukdale
2013-04-18 09:04:30,230.7,0.013,3.0,8e-07,ON,Television,ukdale
2013-04-18 09:04:30,229.0,0.022,5.0,1.4e-06,ON,Hi-Fi System,ukdale
2013-04-18 09:04:36,230.7,0.407,94.0,2.61e-05,ON,Fridge,ukdale
2013-04-18 09:04:36,228.7,0.013,3.0,8e-07,ON,Television,ukdale
2013-04-18 09:04:36,230.9,0.03,7.0,1.9e-06,ON,Hi-Fi System,ukdale
2013-04-18 09:04:42,229.3,0.401,92.0,2.56e-05,ON,Fridge,ukdale
2013-04-18 09:04:42,228.5,0.013,3.0,8e-07,ON,Television,ukdale
2013-04-18 09:04:42,229.8,0.026,6.0,1.7e-06,ON,Hi-Fi System,ukdale
2013-04-18 09:04:48,228.1,0.417,95.0,2.64e-05,ON,Fridge,ukdale
2013-04-18 09:04:48,231.5,0.013,3.0,8e-07,ON,Television,ukdale
2013-04-18 09:04:48,228.1,0.031,7.0,1.9e-06,ON,Hi-Fi System,ukdale
2013-04-18 09:04:54,231.9,0.397,92.0,2.56e-05,ON,Fridge,ukdale
2013-04-18 09:04:54,229.0,0.013,3.0,8e-07,ON,Television,ukdale
2013-04-18 09:04:54,229.1,0.022,5.0,1.4e-06,ON,Hi-Fi System,ukdale
2013-04-18 09:05:00,228.1,0.46,105.0,2.92e-05,ON,Fridge,ukdale
2013-04-18 09:05:00,231.7,0.013,3.0,8e-07,ON,Television,ukdale
2013-04-18 09:05:00,229.6,0.026,6.0,1.7e-06,ON,Hi-Fi System,ukdale
2013-04-18 09:05:06,231.1,0.394,91.0,2.53e-05,ON,Fridge,ukdale
2013-04-18 09:05:06,231.8,0.013,3.0,8e-07,ON,Television,ukdale
2013-04-18 09:05:06,231.7,0.026,6.0,1.7e-06,ON,Hi-Fi System,ukdale
2013-04-18 09:05:12,229.1,0.406,93.0,2.58e-05,ON,Fridge,ukdale
2013-04-18 09:05:12,229.4,0.013,3.0,8e-07,ON,Television,ukdale
2013-04-18 09:05:12,230.1,0.026,6.0,1.7e-06,ON,Hi-Fi System,ukdale
2013-04-18 09:05:18,230.9,0.433,100.0,2.78e-05,ON,Fridge,ukdale
2013-04-18 09:05:18,231.3,0.013,3.0,8e-07,ON,Television,ukdale
2013-04-18 09:05:18,229.8,0.026,6.0,1.7e-06,ON,Hi-Fi System,ukdale
2013-04-18 09:05:24,231.7,0.436,101.0,2.81e-05,ON,Fridge,ukdale
2013-04-18 09:05:24,232.0,0.013,3.0,8e-07,ON,Television,ukdale
2013-04-18 09:05:24,228.9,0.026,6.0,1.7e-06,ON,Hi-Fi System,ukdale
2013-04-18 09:05:30,228.0,0.434,99.0,2.75e-05,ON,Fridge,ukdale
2013-04-18 09:05:30,229.5,0.013,3.0,8e-07,ON,Television,ukdale
2013-04-18 09:05:30,231.4,0.03,7.0,1.9e-06,ON,Hi-Fi System,ukdale
2013-04-18 09:05:36,230.1,0.5,115.0,3.19e-05,ON,Fridge,ukdale
2013-04-18 09:05:36,230.8,0.013,3.0,8e-07,ON,Television,ukdale
2013-04-18 09:05:36,229.3,0.031,7.0,1.9e-06,ON,Hi-Fi System,ukdale
2013-04-18 09:05:42,231.4,0.484,112.0,3.11e-05,ON,Fridge,ukdale
2013-04-18 09:05:42,229.4,0.013,3.0,8e-07,ON,Television,ukdale
2013-04-18 09:05:42,228.8,0.026,6.0,1.7e-06,ON,Hi-Fi System,ukdale
2013-04-18 09:05:48,231.9,0.418,97.0,2.69e-05,ON,Fridge,ukdale
2013-04-18 09:05:48,231.8,0.013,3.0,8e-07,ON,Television,ukdale
2013-04-18 09:05:48,230.0,0.03,7.0,1.9e-06,ON,Hi-Fi System,ukdale
2013-04-18 09:05:54,231.4,0.428,99.0,2.75e-05,ON,Fridge,ukdale
2013-04-18 09:05:54,231.3,0.013,3.0,8e-07,ON,Television,ukdale
2013-04-18 09:05:54,230.4,0.026,6.0,1.7e-06,ON,Hi-Fi System,ukdale
2013-04-18 09:06:00,228.2,0.451,103.0,2.86e-05,ON,Fridge,ukdale
2013-04-18 09:06:00,230.8,0.013,3.0,8e-07,ON,Television,ukdale
2013-04-18 09:06:00,231.1,0.022,5.0,1.4e-06,ON,Hi-Fi System,ukdale
2013-04-18 09:06:06,229.7,0.483,111.0,3.08e-05,ON,Fridge,ukdale
2013-04-18 09:06:06,230.2,0.013,3.0,8e-07,ON,Television,ukdale
2013-04-18 09:06:06,231.6,0.026,6.0,1.7e-06,ON,Hi-Fi System,ukdale
2013-04-18 09:06:06,229.3,10.741,2463.0,0.0006842,ON,Kettle,ukdale
2013-04-18 09:06:12,228.5,0.499,114.0,3.17e-05,ON,Fridge,ukdale
2013-04-18 09:06:12,228.1,0.013,3.0,8e-07,ON,Television,ukdale
2013-04-18 09:06:12,228.3,0.031,7.0,1.9e-06,ON,Hi-Fi System,ukdale
2013-04-18 09:06:12,231.1,10.872,2513.0,0.0006981,ON,Kettle,ukdale
2013-04-18 09:06:18,229.7,0.475,109.0,3.03e-05,ON,Fridge,ukdale
2013-04-18 09:06:18,231.5,0.013,3.0,8e-07,ON,Television,ukdale
2013-04-18 09:06:18,228.6,0.026,6.0,1.7e-06,ON,Hi-Fi System,ukdale
2013-04-18 09:06:18,231.1,10.994,2541.0,0.0007058,ON,Kettle,ukdale
2013-04-18 09:06:24,228.0,0.513,117.0,3.25e-05,ON,Fridge,ukdale
2013-04-18 09:06:24,230.9,0.013,3.0,8e-07,ON,Television,ukdale
2013-04-18 09:06:24,231.1,0.026,6.0,1.7e-06,ON,Hi-Fi System,ukdale
2013-04-18 09:06:24,229.2,10.926,2504.0,0.0006956,ON,Kettle,ukdale
2013-04-18 09:06:30,231.0,0.463,107.0,2.97e-05,ON,Fridge,ukdale
2013-04-18 09:06:30,231.8,0.013,3.0,8e-07,ON,Television,ukdale
2013-04-18 09:06:30,231.9,0.03,7.0,1.9e-06,ON,Hi-Fi System,ukdale
2013-04-18 09:06:30,229.8,11.021,2533.0,0.0007036,ON,Kettle,ukdale
2013-04-18 09:06:36,231.4,0.514,119.0,3.31e-05,ON,Fridge,ukdale
2013-04-18 09:06:36,229.4,0.013,3.0,8e-07,ON,Television,ukdale
2013-04-18 09:06:36,230.0,0.022,5.0,1.4e-06,ON,Hi-Fi System,ukdale
2013-04-18 09:06:36,230.0,10.703,2462.0,0.0006839,ON,Kettle,ukdale
2013-04-18 09:06:42,229.3,0.471,108.0,3e-05,ON,Fridge,ukdale
2013-04-18 09:06:42,230.3,0.013,3.0,8e-07,ON,Television,ukdale
2013-04-18 09:06:42,231.8,0.03,7.0,1.9e-06,ON,Hi-Fi System,ukdale
2013-04-18 09:06:42,228.7,11.1,2538.0,0.000705,ON,Kettle,ukdale
2013-04-18 09:06:48,228.9,0.463,106.0,2.94e-05,ON,Fridge,ukdale
2013-04-18 09:06:48,231.8,0.013,3.0,8e-07,ON,Television,ukdale
2013-04-18 09:06:48,228.9,0.026,6.0,1.7e-06,ON,Hi-Fi System,ukdale
2013-04-18 09:06:48,231.9,10.717,2485.0,0.0006903,ON,Kettle,ukdale
2013-04-18 09:06:54,229.8,0.409,94.0,2.61e-05,ON,Fridge,ukdale
2013-04-18 09:06:54,230.8,0.013,3.0,8e-07,ON,Television,ukdale
2013-04-18 09:06:54,231.8,0.03,7.0,1.9e-06,ON,Hi-Fi System,ukdale
2013-04-18 09:06:54,228.6,10.957,2505.0,0.0006958,ON,Kettle,ukdale
2013-04-18 09:07:00,231.3,0.471,109.0,3.03e-05,ON,Fridge,ukdale
2013-04-18 09:07:00,228.4,0.013,3.0,8e-07,ON,Television,ukdale
2013-04-18 09:07:00,231.4,0.026,6.0,1.7e-06,ON,Hi-Fi System,ukdale
2013-04-18 09:07:00,230.3,10.886,2507.0,0.0006964,ON,Kettle,ukdale
2013-04-18 09:07:06,229.6,0.462,106.0,2.94e-05,ON,Fridge,ukdale
2013-04-18 09:07:06,231.1,0.013,3.0,8e-07,ON,Television,ukdale
2013-04-18 09:07:06,230.0,0.03,7.0,1.9e-06,ON,Hi-Fi System,ukdale
2013-04-18 09:07:06,230.6,10.65,2456.0,0.0006822,ON,Kettle,ukdale
2013-04-18 09:07:12,230.9,0.42,97.0,2.69e-05,ON,Fridge,ukdale
2013-04-18 09:07:12,230.9,0.013,3.0,8e-07,ON,Television,ukdale
2013-04-18 09:07:12,228.0,0.026,6.0,1.7e-06,ON,Hi-Fi System,ukdale
2013-04-18 09:07:12,230.8,10.816,2496.0,0.0006933,ON,Kettle,ukdale
2013-04-18 09:07:18,228.7,0.507,116.0,3.22e-05,ON,Fridge,ukdale
2013-04-18 09:07:18,232.0,0.013,3.0,8e-07,ON,Television,ukdale
2013-04-18 09:07:18,230.8,0.03,7.0,1.9e-06,ON,Hi-Fi System,ukdale
2013-04-18 09:07:18,230.7,10.988,2535.0,0.0007042,ON,Kettle,ukdale
2013-04-18 09:07:24,230.0,0.43,99.0,2.75e-05,ON,Fridge,ukdale
2013-04-18 09:07:24,230.7,0.013,3.0,8e-07,ON,Television,ukdale
2013-04-18 09:07:24,231.0,0.022,5.0,1.4e-06,ON,Hi-Fi System,ukdale
2013-04-18 09:07:24,228.4,10.999,2512.0,0.0006978,ON,Kettle,ukdale
2013-04-18 09:07:30,228.6,0.429,98.0,2.72e-05,ON,Fridge,ukdale
2013-04-18 09:07:30,228.5,0.013,3.0,8e-07,ON,Television,ukdale
2013-04-18 09:07:30,230.4,0.03,7.0,1.9e-06,ON,Hi-Fi System,ukdale
2013-04-18 09:07:36,231.1,0.42,97.0,2.69e-05,ON,Fridge,ukdale
2013-04-18 09:07:36,229.2,0.013,3.0,8e-07,ON,Television,ukdale
2013-04-18 09:07:36,230.1,0.022,5.0,1.4e-06,ON,Hi-Fi System,ukdale
2013-04-18 09:07:42,228.2,0.447,102.0,2.83e-05,ON,Fridge,ukdale
2013-04-18 09:07:42,230.8,0.013,3.0,8e-07,ON,Television,ukdale
2013-04-18 09:07:42,230.9,0.03,7.0,1.9e-06,ON,Hi-Fi System,ukdale
2013-04-18 09:07:48,228.7,0.499,114.0,3.17e-05,ON,Fridge,ukdale
2013-04-18 09:07:48,231.5,0.013,3.0,8e-07,ON,Television,ukdale
2013-04-18 09:07:48,231.8,0.026,6.0,1.7e-06,ON,Hi-Fi System,ukdale
2013-04-18 09:07:54,230.6,0.399,92.0,2.56e-05,ON,Fridge,ukdale
2013-04-18 09:07:54,229.3,0.013,3.0,8e-07,ON,Television,ukdale
2013-04-18 09:07:54,231.2,0.022,5.0,1.4e-06,ON,Hi-Fi System,ukdale
2013-04-18 09:08:00,231.0,0.429,99.0,2.75e-05,ON,Fridge,ukdale
2013-04-18 09:08:00,229.9,0.013,3.0,8e-07,ON,Television,ukdale
2013-04-18 09:08:00,231.2,0.022,5.0,1.4e-06,ON,Hi-Fi System,ukdale
2013-04-18 09:08:06,228.5,0.416,95.0,2.64e-05,ON,Fridge,ukdale
2013-04-18 09:08:06,228.8,0.013,3.0,8e-07,ON,Television,ukdale
2013-04-18 09:08:06,230.4,3.289,758.0,0.0002106,ON,Toaster,ukdale
2013-04-18 09:08:06,230.4,0.026,6.0,1.7e-06,ON,Hi-Fi System,ukdale
2013-04-18 09:08:12,230.7,0.49,113.0,3.14e-05,ON,Fridge,ukdale
2013-04-18 09:08:12,231.7,0.013,3.0,8e-07,ON,Television,ukdale
2013-04-18 09:08:12,229.3,3.327,763.0,0.0002119,ON,Toaster,ukdale
2013-04-18 09:08:12,231.9,0.022,5.0,1.4e-06,ON,Hi-Fi System,ukdale
2013-04-18 09:08:18,230.0,0.391,90.0,2.5e-05,ON,Fridge,ukdale
2013-04-18 09:08:18,229.0,0.013,3.0,8e-07,ON,Television,ukdale
2013-04-18 09:08:18,229.9,3.305,760.0,0.0002111,ON,Toaster,ukdale
2013-04-18 09:08:18,231.3,0.026,6.0,1.7e-06,ON,Hi-Fi System,ukdale
2013-04-18 09:08:24,229.1,0.423,97.0,2.69e-05,ON,Fridge,ukdale
2013-04-18 09:08:24,229.0,0.013,3.0,8e-07,ON,Television,ukdale
2013-04-18 09:08:24,230.0,3.448,793.0,0.0002203,ON,Toaster,ukdale
2013-04-18 09:08:24,228.2,0.022,5.0,1.4e-06,ON,Hi-Fi System,ukdale
2013-04-18 09:08:30,228.7,0.512,117.0,3.25e-05,ON,Fridge,ukdale
2013-04-18 09:08:30,228.0,0.013,3.0,8e-07,ON,Television,ukdale
2013-04-18 09:08:30,228.1,3.455,788.0,0.0002189,ON,Toaster,ukdale
2013-04-18 09:08:30,230.2,0.03,7.0,1.9e-06,ON,Hi-Fi System,ukdale
2013-04-18 09:08:36,229.5,0.418,96.0,2.67e-05,ON,Fridge,ukdale
2013-04-18 09:08:36,229.4,0.013,3.0,8e-07,ON,Television,ukdale
2013-04-18 09:08:36,231.7,3.418,792.0,0.00022,ON,Toaster,ukdale
2013-04-18 09:08:36,228.7,0.022,5.0,1.4e-06,ON,Hi-Fi System,ukdale
2013-04-18 09:08:42,229.9,0.5,115.0,3.19e-05,ON,Fridge,ukdale
2013-04-18 09:08:42,231.4,0.013,3.0,8e-07,ON,Television,ukdale
2013-04-18 09:08:42,229.1,3.356,769.0,0.0002136,ON,Toaster,ukdale
2013-04-18 09:08:42,230.3,0.026,6.0,1.7e-06,ON,Hi-Fi System,ukdale
2013-04-18 09:08:48,230.5,0.395,91.0,2.53e-05,ON,Fridge,ukdale
2013-04-18 09:08:48,228.4,0.013,3.0,8e-07,ON,Television,ukdale
2013-04-18 09:08:48,231.9,0.026,6.0,1.7e-06,ON,Hi-Fi System,ukdale
2013-04-18 09:08:54,231.3,0.501,116.0,3.22e-05,ON,Fridge,ukdale
2013-04-18 09:08:54,230.5,0.013,3.0,8e-07,ON,Television,ukdale
2013-04-18 09:08:54,230.1,0.03,7.0,1.9e-06,ON,Hi-Fi System,ukdale
2013-04-18 09:09:00,230.8,0.52,120.0,3.33e-05,ON,Fridge,ukdale
2013-04-18 09:09:00,230.4,0.013,3.0,8e-07,ON,Television,ukdale
2013-04-18 09:09:00,231.7,0.03,7.0,1.9e-06,ON,Hi-Fi System,ukdale
2013-04-18 09:09:06,230.7,0.403,93.0,2.58e-05,ON,Fridge,ukdale
2013-04-18 09:09:06,229.8,0.013,3.0,8e-07,ON,Television,ukdale
2013-04-18 09:09:06,228.5,0.026,6.0,1.7e-06,ON,Hi-Fi System,ukdale
2013-04-18 09:09:12,228.6,0.433,99.0,2.75e-05,ON,Fridge,ukdale
2013-04-18 09:09:12,230.2,0.013,3.0,8e-07,ON,Television,ukdale
2013-04-18 09:09:12,230.4,0.026,6.0,1.7e-06,ON,Hi-Fi System,ukdale
2013-04-18 09:09:18,229.2,0.476,109.0,3.03e-05,ON,Fridge,ukdale
2013-04-18 09:09:18,230.2,0.013,3.0,8e-07,ON,Television,ukdale
2013-04-18 09:09:18,228.6,0.022,5.0,1.4e-06,ON,Hi-Fi System,ukdale
2013-04-18 09:09:24,231.8,0.509,118.0,3.28e-05,ON,Fridge,ukdale
2013-04-18 09:09:24,228.2,0.013,3.0,8e-07,ON,Television,ukdale
2013-04-18 09:09:24,231.5,0.026,6.0,1.7e-06,ON,Hi-Fi System,ukdale
2013-04-18 09:09:30,230.1,0.5,115.0,3.19e-05,ON,Fridge,ukdale
2013-04-18 09:09:30,231.2,0.013,3.0,8e-07,ON,Television,ukdale
2013-04-18 09:09:30,231.2,0.026,6.0,1.7e-06,ON,Hi-Fi System,ukdale
2013-04-18 09:09:36,229.3,0.397,91.0,2.53e-05,ON,Fridge,ukdale
2013-04-18 09:09:36,230.5,0.013,3.0,8e-07,ON,Television,ukdale
2013-04-18 09:09:36,231.3,0.026,6.0,1.7e-06,ON,Hi-Fi System,ukdale
2013-04-18 09:09:42,230.9,0.515,119.0,3.31e-05,ON,Fridge,ukdale
2013-04-18 09:09:42,229.8,0.013,3.0,8e-07,ON,Television,ukdale
2013-04-18 09:09:42,229.0,0.022,5.0,1.4e-06,ON,Hi-Fi System,ukdale
2013-04-18 09:09:48,231.9,0.405,94.0,2.61e-05,ON,Fridge,ukdale
2013-04-18 09:09:48,230.5,0.013,3.0,8e-07,ON,Television,ukdale
2013-04-18 09:09:48,230.0,0.03,7.0,1.9e-06,ON,Hi-Fi System,ukdale
2013-04-18 09:09:54,231.4,0.428,99.0,2.75e-05,ON,Fridge,ukdale
2013-04-18 09:09:54,229.1,0.013,3.0,8e-07,ON,Television,ukdale
2013-04-18 09:09:54,230.9,0.03,7.0,1.9e-06,ON,Hi-Fi System,ukdale
2013-04-18 09:10:00,228.5,0.446,102.0,2.83e-05,ON,Fridge,ukdale
2013-04-18 09:10:00,231.9,0.013,3.0,8e-07,ON,Television,ukdale
2013-04-18 09:10:00,230.0,0.026,6.0,1.7e-06,ON,Hi-Fi System,ukdale
2013-04-18 09:10:06,229.6,0.488,112.0,3.11e-05,ON,Fridge,ukdale
2013-04-18 09:10:06,230.1,0.013,3.0,8e-07,ON,Television,ukdale
2013-04-18 09:10:06,228.5,0.022,5.0,1.4e-06,ON,Hi-Fi System,ukdale
2013-04-18 09:10:12,228.6,0.481,110.0,3.06e-05,ON,Fridge,ukdale
2013-04-18 09:10:12,229.6,0.013,3.0,8e-07,ON,Television,ukdale
2013-04-18 09:10:12,228.1,0.026,6.0,1.7e-06,ON,Hi-Fi System,ukdale
2013-04-18 09:10:18,231.9,0.47,109.0,3.03e-05,ON,Fridge,ukdale
2013-04-18 09:10:18,230.0,0.013,3.0,8e-07,ON,Television,ukdale
2013-04-18 09:10:18,231.8,0.022,5.0,1.4e-06,ON,Hi-Fi System,ukdale
2013-04-18 09:10:24,231.9,0.461,107.0,2.97e-05,ON,Fridge,ukdale
2013-04-18 09:10:24,231.6,0.013,3.0,8e-07,ON,Television,ukdale
2013-04-18 09:10:24,230.8,0.03,7.0,1.9e-06,ON,Hi-Fi System,ukdale
2013-04-18 09:10:30,228.5,0.464,106.0,2.94e-05,ON,Fridge,ukdale
2013-04-18 09:10:30,230.9,0.013,3.0,8e-07,ON,Television,ukdale
2013-04-18 09:10:30,231.6,0.026,6.0,1.7e-06,ON,Hi-Fi System,ukdale
2013-04-18 09:10:36,230.7,0.416,96.0,2.67e-05,ON,Fridge,ukdale
2013-04-18 09:10:36,228.6,0.013,3.0,8e-07,ON,Television,ukdale
2013-04-18 09:10:36,230.0,0.03,7.0,1.9e-06,ON,Hi-Fi System,ukdale
2013-04-18 09:10:42,229.7,0.409,94.0,2.61e-05,ON,Fridge,ukdale
2013-04-18 09:10:42,229.4,0.013,3.0,8e-07,ON,Television,ukdale
2013-04-18 09:10:42,228.5,0.031,7.0,1.9e-06,ON,Hi-Fi System,ukdale
2013-04-18 09:10:48,228.7,0.49,112.0,3.11e-05,ON,Fridge,ukdale
2013-04-18 09:10:48,231.7,0.013,3.0,8e-07,ON,Television,ukdale
2013-04-18 09:10:48,231.0,0.026,6.0,1.7e-06,ON,Hi-Fi System,ukdale
2013-04-18 09:10:54,231.4,0.441,102.0,2.83e-05,ON,Fridge,ukdale
2013-04-18 09:10:54,229.2,0.013,3.0,8e-07,ON,Television,ukdale
2013-04-18 09:10:54,229.3,0.031,7.0,1.9e-06,ON,Hi-Fi System,ukdale
2013-04-18 09:11:00,230.6,0.494,114.0,3.17e-05,ON,Fridge,ukdale
2013-04-18 09:11:00,230.6,0.013,3.0,8e-07,ON,Television,ukdale
2013-04-18 09:11:00,230.2,0.03,7.0,1.9e-06,ON,Hi-Fi System,ukdale
2013-04-18 09:11:06,229.7,0.435,100.0,2.78e-05,ON,Fridge,ukdale
2013-04-18 09:11:06,230.0,0.013,3.0,8e-07,ON,Television,ukdale
2013-04-18 09:11:06,230.7,0.022,5.0,1.4e-06,ON,Hi-Fi System,ukdale
2013-04-18 09:11:12,229.5,0.475,109.0,3.03e-05,ON,Fridge,ukdale
2013-04-18 09:11:12,231.0,0.013,3.0,8e-07,ON,Television,ukdale
2013-04-18 09:11:12,230.0,0.026,6.0,1.7e-06,ON,Hi-Fi System,ukdale
2013-04-18 09:11:18,231.3,0.51,118.0,3.28e-05,ON,Fridge,ukdale
2013-04-18 09:11:18,230.8,0.013,3.0,8e-07,ON,Television,ukdale
2013-04-18 09:11:18,230.7,0.026,6.0,1.7e-06,ON,Hi-Fi System,ukdale
2013-04-18 09:11:24,229.4,0.458,105.0,2.92e-05,ON,Fridge,ukdale
2013-04-18 09:11:24,230.9,0.013,3.0,8e-07,ON,Television,ukdale
2013-04-18 09:11:24,228.5,0.026,6.0,1.7e-06,ON,Hi-Fi System,ukdale
2013-04-18 09:11:30,228.7,0.455,104.0,2.89e-05,ON,Fridge,ukdale
2013-04-18 09:11:30,229.1,0.013,3.0,8e-07,ON,Television,ukdale
2013-04-18 09:11:30,229.6,0.026,6.0,1.7e-06,ON,Hi-Fi System,ukdale
2013-04-18 09:11:36,228.1,0.5,114.0,3.17e-05,ON,Fridge,ukdale
2013-04-18 09:11:36,230.2,0.013,3.0,8e-07,ON,Television,ukdale
2013-04-18 09:11:36,228.9,0.026,6.0,1.7e-06,ON,Hi-Fi System,ukdale
2013-04-18 09:11:42,229.2,0.48,110.0,3.06e-05,ON,Fridge,ukdale
2013-04-18 09:11:42,231.1,0.013,3.0,8e-07,ON,Television,ukdale
2013-04-18 09:11:42,230.4,0.026,6.0,1.7e-06,ON,Hi-Fi System,ukdale
2013-04-18 09:11:48,230.9,0.42,97.0,2.69e-05,ON,Fridge,ukdale
2013-04-18 09:11:48,231.8,0.013,3.0,8e-07,ON,Television,ukdale
2013-04-18 09:11:48,230.0,0.03,7.0,1.9e-06,ON,Hi-Fi System,ukdale
2013-04-18 09:11:54,231.1,0.433,100.0,2.78e-05,ON,Fridge,ukdale
2013-04-18 09:11:54,229.0,0.013,3.0,8e-07,ON,Television,ukdale
2013-04-18 09:11:54,229.8,0.026,6.0,1.7e-06,ON,Hi-Fi System,ukdale
2013-04-18 09:12:00,230.5,0.473,109.0,3.03e-05,ON,Fridge,ukdale
2013-04-18 09:12:00,231.3,0.013,3.0,8e-07,ON,Television,ukdale
2013-04-18 09:12:00,230.5,0.026,6.0,1.7e-06,ON,Hi-Fi System,ukdale
2013-04-18 09:12:06,229.5,0.466,107.0,2.97e-05,ON,Fridge,ukdale
2013-04-18 09:12:06,231.5,0.013,3.0,8e-07,ON,Television,ukdale
2013-04-18 09:12:06,231.7,0.026,6.0,1.7e-06,ON,Hi-Fi System,ukdale
2013-04-18 09:12:12,229.3,0.484,111.0,3.08e-05,ON,Fridge,ukdale
2013-04-18 09:12:12,231.0,0.013,3.0,8e-07,ON,Television,ukdale
2013-04-18 09:12:12,232.0,0.03,7.0,1.9e-06,ON,Hi-Fi System,ukdale
2013-04-18 09:12:18,229.6,0.405,93.0,2.58e-05,ON,Fridge,ukdale
2013-04-18 09:12:18,229.6,0.013,3.0,8e-07,ON,Television,ukdale
2013-04-18 09:12:18,230.0,0.03,7.0,1.9e-06,ON,Hi-Fi System,ukdale
2013-04-18 09:12:24,229.6,0.409,94.0,2.61e-05,ON,Fridge,ukdale
2013-04-18 09:12:24,229.9,0.013,3.0,8e-07,ON,Television,ukdale
2013-04-18 09:12:24,229.2,0.022,5.0,1.4e-06,ON,Hi-Fi System,ukdale
2013-04-18 09:12:30,229.6,0.431,99.0,2.75e-05,ON,Fridge,ukdale
2013-04-18 09:12:30,228.6,0.013,3.0,8e-07,ON,Television,ukdale
2013-04-18 09:12:30,231.6,0.026,6.0,1.7e-06,ON,Hi-Fi System,ukdale
2013-04-18 09:12:36,230.4,0.434,100.0,2.78e-05,ON,Fridge,ukdale
2013-04-18 09:12:36,230.8,0.013,3.0,8e-07,ON,Television,ukdale
2013-04-18 09:12:36,228.8,0.026,6.0,1.7e-06,ON,Hi-Fi System,ukdale
2013-04-18 09:12:42,230.3,0.517,119.0,3.31e-05,ON,Fridge,ukdale
2013-04-18 09:12:42,228.3,0.013,3.0,8e-07,ON,Television,ukdale
2013-04-18 09:12:42,229.9,0.026,6.0,1.7e-06,ON,Hi-Fi System,ukdale
2013-04-18 09:12:48,228.8,0.498,114.0,3.17e-05,ON,Fridge,ukdale
2013-04-18 09:12:48,230.0,0.013,3.0,8e-07,ON,Television,ukdale
2013-04-18 09:12:48,230.9,0.03,7.0,1.9e-06,ON,Hi-Fi System,ukdale
2013-04-18 09:12:54,228.1,0.469,107.0,2.97e-05,ON,Fridge,ukdale
2013-04-18 09:12:54,230.1,0.013,3.0,8e-07,ON,Television,ukdale
2013-04-18 09:12:54,231.4,0.022,5.0,1.4e-06,ON,Hi-Fi System,ukdale
2013-04-18 09:13:00,231.6,0.432,100.0,2.78e-05,ON,Fridge,ukdale
2013-04-18 09:13:00,229.6,0.013,3.0,8e-07,ON,Television,ukdale
2013-04-18 09:13:00,229.1,0.026,6.0,1.7e-06,ON,Hi-Fi System,ukdale
2013-04-18 09:13:06,228.1,0.513,117.0,3.25e-05,ON,Fridge,ukdale
2013-04-18 09:13:06,231.5,0.013,3.0,8e-07,ON,Television,ukdale
2013-04-18 09:13:06,231.6,0.026,6.0,1.7e-06,ON,Hi-Fi System,ukdale
2013-04-18 09:13:12,231.2,0.45,104.0,2.89e-05,ON,Fridge,ukdale
2013-04-18 09:13:12,229.5,0.013,3.0,8e-07,ON,Television,ukdale
2013-04-18 09:13:12,228.7,0.026,6.0,1.7e-06,ON,Hi-Fi System,ukdale
2013-04-18 09:13:18,228.5,0.49,112.0,3.11e-05,ON,Fridge,ukdale
2013-04-18 09:13:18,228.3,0.013,3.0,8e-07,ON,Television,ukdale
2013-04-18 09:13:18,228.1,0.026,6.0,1.7e-06,ON,Hi-Fi System,ukdale
2013-04-18 09:13:24,229.9,0.391,90.0,2.5e-05,ON,Fridge,ukdale
2013-04-18 09:13:24,229.4,0.013,3.0,8e-07,ON,Television,ukdale
2013-04-18 09:13:24,228.6,0.031,7.0,1.9e-06,ON,Hi-Fi System,ukdale
2013-04-18 09:13:30,231.6,0.518,120.0,3.33e-05,ON,Fridge,ukdale
2013-04-18 09:13:30,229.2,0.013,3.0,8e-07,ON,Television,ukdale
2013-04-18 09:13:30,231.9,0.022,5.0,1.4e-06,ON,Hi-Fi System,ukdale
2013-04-18 09:13:36,231.9,0.436,101.0,2.81e-05,ON,Fridge,ukdale
2013-04-18 09:13:36,231.2,0.013,3.0,8e-07,ON,Television,ukdale
2013-04-18 09:13:36,231.3,0.03,7.0,1.9e-06,ON,Hi-Fi System,ukdale
2013-04-18 09:13:42,231.9,0.466,108.0,3e-05,ON,Fridge,ukdale
2013-04-18 09:13:42,229.7,0.013,3.0,8e-07,ON,Television,ukdale
2013-04-18 09:13:42,228.7,0.031,7.0,1.9e-06,ON,Hi-Fi System,ukdale
2013-04-18 09:13:48,229.1,0.432,99.0,2.75e-05,ON,Fridge,ukdale
2013-04-18 09:13:48,231.6,0.013,3.0,8e-07,ON,Television,ukdale
2013-04-18 09:13:48,229.1,0.026,6.0,1.7e-06,ON,Hi-Fi System,ukdale
2013-04-18 09:13:54,231.2,0.428,99.0,2.75e-05,ON,Fridge,ukdale
2013-04-18 09:13:54,230.9,0.013,3.0,8e-07,ON,Television,ukdale
2013-04-18 09:13:54,229.0,0.026,6.0,1.7e-06,ON,Hi-Fi System,ukdale
2013-04-18 09:14:00,230.6,0.46,106.0,2.94e-05,ON,Fridge,ukdale
2013-04-18 09:14:00,228.5,0.013,3.0,8e-07,ON,Television,ukdale
2013-04-18 09:14:00,230.6,0.026,6.0,1.7e-06,ON,Hi-Fi System,ukdale
2013-04-18 09:14:06,229.1,0.397,91.0,2.53e-05,ON,Fridge,ukdale
2013-04-18 09:14:06,229.5,0.013,3.0,8e-07,ON,Television,ukdale
2013-04-18 09:14:06,230.8,0.026,6.0,1.7e-06,ON,Hi-Fi System,ukdale
2013-04-18 09:14:12,231.4,0.402,93.0,2.58e-05,ON,Fridge,ukdale
2013-04-18 09:14:12,228.3,0.013,3.0,8e-07,ON,Television,ukdale
2013-04-18 09:14:12,228.1,0.031,7.0,1.9e-06,ON,Hi-Fi System,ukdale
2013-04-18 09:14:18,230.2,0.504,116.0,3.22e-05,ON,Fridge,ukdale
2013-04-18 09:14:18,229.9,0.013,3.0,8e-07,ON,Television,ukdale
2013-04-18 09:14:18,231.3,0.022,5.0,1.4e-06,ON,Hi-Fi System,ukdale
2013-04-18 09:14:24,229.3,0.441,101.0,2.81e-05,ON,Fridge,ukdale
2013-04-18 09:14:24,231.0,0.013,3.0,8e-07,ON,Television,ukdale
2013-04-18 09:14:24,228.9,0.031,7.0,1.9e-06,ON,Hi-Fi System,ukdale
2013-04-18 09:14:30,230.8,0.494,114.0,3.17e-05,ON,Fridge,ukdale
2013-04-18 09:14:30,231.8,0.013,3.0,8e-07,ON,Television,ukdale
2013-04-18 09:14:30,231.0,0.022,5.0,1.4e-06,ON,Hi-Fi System,ukdale
2013-04-18 09:14:36,231.0,0.416,96.0,2.67e-05,ON,Fridge,ukdale
2013-04-18 09:14:36,229.1,0.013,3.0,8e-07,ON,Television,ukdale
2013-04-18 09:14:36,229.1,0.026,6.0,1.7e-06,ON,Hi-Fi System,ukdale
2013-04-18 09:14:42,228.4,0.412,94.0,2.61e-05,ON,Fridge,ukdale
2013-04-18 09:14:42,231.8,0.013,3.0,8e-07,ON,Television,ukdale
2013-04-18 09:14:42,231.4,0.026,6.0,1.7e-06,ON,Hi-Fi System,ukdale
2013-04-18 09:14:48,231.8,0.462,107.0,2.97e-05,ON,Fridge,ukdale
2013-04-18 09:14:48,230.1,0.013,3.0,8e-07,ON,Television,ukdale
2013-04-18 09:14:48,229.5,0.026,6.0,1.7e-06,ON,Hi-Fi System,ukdale
2013-04-18 09:14:54,228.3,0.513,117.0,3.25e-05,ON,Fridge,ukdale
2013-04-18 09:14:54,231.9,0.013,3.0,8e-07,ON,Television,ukdale
2013-04-18 09:14:54,228.5,0.026,6.0,1.7e-06,ON,Hi-Fi System,ukdale
2013-04-18 09:15:00,231.4,0.454,105.0,2.92e-05,ON,Fridge,ukdale
2013-04-18 09:15:00,228.5,0.013,3.0,8e-07,ON,Television,ukdale
2013-04-18 09:15:00,230.2,0.026,6.0,1.7e-06,ON,Hi-Fi System,ukdale
2013-04-18 09:15:06,229.7,0.496,114.0,3.17e-05,ON,Fridge,ukdale
2013-04-18 09:15:06,230.9,0.013,3.0,8e-07,ON,Television,ukdale
2013-04-18 09:15:06,231.1,0.022,5.0,1.4e-06,ON,Hi-Fi System,ukdale
2013-04-18 09:15:12,228.7,0.45,103.0,2.86e-05,ON,Fridge,ukdale
2013-04-18 09:15:12,230.1,0.013,3.0,8e-07,ON,Television,ukdale
2013-04-18 09:15:12,231.0,0.026,6.0,1.7e-06,ON,Hi-Fi System,ukdale
2013-04-18 09:15:18,229.1,0.397,91.0,2.53e-05,ON,Fridge,ukdale
2013-04-18 09:15:18,229.4,0.013,3.0,8e-07,ON,Television,ukdale
2013-04-18 09:15:18,230.8,0.022,5.0,1.4e-06,ON,Hi-Fi System,ukdale
2013-04-18 09:15:24,229.6,0.523,120.0,3.33e-05,ON,Fridge,ukdale
2013-04-18 09:15:24,229.2,0.013,3.0,8e-07,ON,Television,ukdale
2013-04-18 09:15:24,230.4,0.026,6.0,1.7e-06,ON,Hi-Fi System,ukdale
2013-04-18 09:15:30,229.7,0.418,96.0,2.67e-05,ON,Fridge,ukdale
2013-04-18 09:15:30,230.8,0.013,3.0,8e-07,ON,Television,ukdale
2013-04-18 09:15:30,230.0,0.022,5.0,1.4e-06,ON,Hi-Fi System,ukdale
2013-04-18 09:15:36,231.6,0.514,119.0,3.31e-05,ON,Fridge,ukdale
2013-04-18 09:15:36,228.9,0.013,3.0,8e-07,ON,Television,ukdale
2013-04-18 09:15:36,228.4,0.026,6.0,1.7e-06,ON,Hi-Fi System,ukdale
2013-04-18 09:15:42,228.5,0.473,108.0,3e-05,ON,Fridge,ukdale
2013-04-18 09:15:42,230.1,0.013,3.0,8e-07,ON,Television,ukdale
2013-04-18 09:15:42,229.7,0.026,6.0,1.7e-06,ON,Hi-Fi System,ukdale
2013-04-18 09:15:48,228.5,0.416,95.0,2.64e-05,ON,Fridge,ukdale
2013-04-18 09:15:48,231.4,0.013,3.0,8e-07,ON,Television,ukdale
2013-04-18 09:15:48,229.6,0.026,6.0,1.7e-06,ON,Hi-Fi System,ukdale
2013-04-18 09:15:54,229.6,0.453,104.0,2.89e-05,ON,Fridge,ukdale
2013-04-18 09:15:54,232.0,0.013,3.0,8e-07,ON,Television,ukdale
2013-04-18 09:15:54,231.0,0.026,6.0,1.7e-06,ON,Hi-Fi System,ukdale
2013-04-18 09:16:00,228.7,0.472,108.0,3e-05,ON,Fridge,ukdale
2013-04-18 09:16:00,228.4,0.013,3.0,8e-07,ON,Television,ukdale
2013-04-18 09:16:00,228.2,0.022,5.0,1.4e-06,ON,Hi-Fi System,ukdale
2013-04-18 09:16:06,230.8,0.446,103.0,2.86e-05,ON,Fridge,ukdale
2013-04-18 09:16:06,230.4,0.013,3.0,8e-07,ON,Television,ukdale
2013-04-18 09:16:06,230.5,0.026,6.0,1.7e-06,ON,Hi-Fi System,ukdale
2013-04-18 09:16:12,231.0,0.502,116.0,3.22e-05,ON,Fridge,ukdale
2013-04-18 09:16:12,231.7,0.013,3.0,8e-07,ON,Television,ukdale
2013-04-18 09:16:12,231.5,0.026,6.0,1.7e-06,ON,Hi-Fi System,ukdale
2013-04-18 09:16:18,230.3,0.504,116.0,3.22e-05,ON,Fridge,ukdale
2013-04-18 09:16:18,231.4,0.013,3.0,8e-07,ON,Television,ukdale
2013-04-18 09:16:18,228.1,0.022,5.0,1.4e-06,ON,Hi-Fi System,ukdale
2013-04-18 09:16:24,229.3,0.406,93.0,2.58e-05,ON,Fridge,ukdale
2013-04-18 09:16:24,230.9,0.013,3.0,8e-07,ON,Television,ukdale
2013-04-18 09:16:24,228.1,0.026,6.0,1.7e-06,ON,Hi-Fi System,ukdale
2013-04-18 09:16:30,230.6,0.512,118.0,3.28e-05,ON,Fridge,ukdale
2013-04-18 09:16:30,231.8,0.013,3.0,8e-07,ON,Television,ukdale
2013-04-18 09:16:30,230.7,0.022,5.0,1.4e-06,ON,Hi-Fi System,ukdale
2013-04-18 09:16:36,230.2,0.474,109.0,3.03e-05,ON,Fridge,ukdale
2013-04-18 09:16:36,229.9,0.013,3.0,8e-07,ON,Television,ukdale
2013-04-18 09:16:36,230.5,0.026,6.0,1.7e-06,ON,Hi-Fi System,ukdale
2013-04-18 09:16:42,229.2,0.484,111.0,3.08e-05,ON,Fridge,ukdale
2013-04-18 09:16:42,229.5,0.013,3.0,8e-07,ON,Television,ukdale
2013-04-18 09:16:42,230.6,0.03,7.0,1.9e-06,ON,Hi-Fi System,ukdale
2013-04-18 09:16:48,229.1,0.41,94.0,2.61e-05,ON,Fridge,ukdale
2013-04-18 09:16:48,228.1,0.013,3.0,8e-07,ON,Television,ukdale
2013-04-18 09:16:48,230.8,0.026,6.0,1.7e-06,ON,Hi-Fi System,ukdale
2013-04-18 09:16:54,230.3,0.417,96.0,2.67e-05,ON,Fridge,ukdale
2013-04-18 09:16:54,231.1,0.013,3.0,8e-07,ON,Television,ukdale
2013-04-18 09:16:54,230.1,0.026,6.0,1.7e-06,ON,Hi-Fi System,ukdale
2013-04-18 09:17:00,228.2,0.464,106.0,2.94e-05,ON,Fridge,ukdale
2013-04-18 09:17:00,231.6,0.013,3.0,8e-07,ON,Television,ukdale
2013-04-18 09:17:00,228.1,0.022,5.0,1.4e-06,ON,Hi-Fi System,ukdale
2013-04-18 09:17:06,230.1,0.513,118.0,3.28e-05,ON,Fridge,ukdale
2013-04-18 09:17:06,230.0,0.013,3.0,8e-07,ON,Television,ukdale
2013-04-18 09:17:06,229.6,0.026,6.0,1.7e-06,ON,Hi-Fi System,ukdale
2013-04-18 09:17:12,231.9,0.444,103.0,2.86e-05,ON,Fridge,ukdale
2013-04-18 09:17:12,229.4,0.013,3.0,8e-07,ON,Television,ukdale
2013-04-18 09:17:12,230.5,0.026,6.0,1.7e-06,ON,Hi-Fi System,ukdale
2013-04-18 09:17:18,231.0,0.511,118.0,3.28e-05,ON,Fridge,ukdale
2013-04-18 09:17:18,231.8,0.013,3.0,8e-07,ON,Television,ukdale
2013-04-18 09:17:18,230.2,0.022,5.0,1.4e-06,ON,Hi-Fi System,ukdale
2013-04-18 09:17:24,228.7,0.42,96.0,2.67e-05,ON,Fridge,ukdale
2013-04-18 09:17:24,230.9,0.013,3.0,8e-07,ON,Television,ukdale
2013-04-18 09:17:24,231.7,0.026,6.0,1.7e-06,ON,Hi-Fi System,ukdale
2013-04-18 09:17:30,232.0,0.513,119.0,3.31e-05,ON,Fridge,ukdale
2013-04-18 09:17:30,231.9,0.013,3.0,8e-07,ON,Television,ukdale
2013-04-18 09:17:30,228.3,0.022,5.0,1.4e-06,ON,Hi-Fi System,ukdale
2013-04-18 09:17:36,229.4,0.48,110.0,3.06e-05,ON,Fridge,ukdale
2013-04-18 09:17:36,229.3,0.013,3.0,8e-07,ON,Television,ukdale
2013-04-18 09:17:36,228.1,0.026,6.0,1.7e-06,ON,Hi-Fi System,ukdale
2013-04-18 09:17:42,231.8,0.401,93.0,2.58e-05,ON,Fridge,ukdale
2013-04-18 09:17:42,228.4,0.013,3.0,8e-07,ON,Television,ukdale
2013-04-18 09:17:42,230.0,0.026,6.0,1.7e-06,ON,Hi-Fi System,ukdale
2013-04-18 09:17:48,230.7,0.42,97.0,2.69e-05,ON,Fridge,ukdale
2013-04-18 09:17:48,231.7,0.013,3.0,8e-07,ON,Television,ukdale
2013-04-18 09:17:48,228.5,0.026,6.0,1.7e-06,ON,Hi-Fi System,ukdale
2013-04-18 09:17:54,228.3,0.491,112.0,3.11e-05,ON,Fridge,ukdale
2013-04-18 09:17:54,230.1,0.013,3.0,8e-07,ON,Television,ukdale
2013-04-18 09:17:54,228.6,0.031,7.0,1.9e-06,ON,Hi-Fi System,ukdale
2013-04-18 09:18:00,228.5,0.411,94.0,2.61e-05,ON,Fridge,ukdale
2013-04-18 09:18:00,228.5,0.013,3.0,8e-07,ON,Television,ukdale
2013-04-18 09:18:00,229.1,0.026,6.0,1.7e-06,ON,Hi-Fi System,ukdale
2013-04-18 09:18:06,230.7,0.403,93.0,2.58e-05,ON,Fridge,ukdale
2013-04-18 09:18:06,230.8,0.013,3.0,8e-07,ON,Television,ukdale
2013-04-18 09:18:06,231.3,0.03,7.0,1.9e-06,ON,Hi-Fi System,ukdale
2013-04-18 09:18:12,231.3,0.489,113.0,3.14e-05,ON,Fridge,ukdale
2013-04-18 09:18:12,231.7,0.013,3.0,8e-07,ON,Television,ukdale
2013-04-18 09:18:12,230.9,0.03,7.0,1.9e-06,ON,Hi-Fi System,ukdale
2013-04-18 09:18:18,231.3,0.445,103.0,2.86e-05,ON,Fridge,ukdale
2013-04-18 09:18:18,228.5,0.013,3.0,8e-07,ON,Television,ukdale
2013-04-18 09:18:18,231.0,0.03,7.0,1.9e-06,ON,Hi-Fi System,ukdale
2013-04-18 09:18:24,229.5,0.505,116.0,3.22e-05,ON,Fridge,ukdale
2013-04-18 09:18:24,229.9,0.013,3.0,8e-07,ON,Television,ukdale
2013-04-18 09:18:24,231.8,0.026,6.0,1.7e-06,ON,Hi-Fi System,ukdale
2013-04-18 09:18:30,231.5,0.449,104.0,2.89e-05,ON,Fridge,ukdale
2013-04-18 09:18:30,231.2,0.013,3.0,8e-07,ON,Television,ukdale
2013-04-18 09:18:30,230.0,0.022,5.0,1.4e-06,ON,Hi-Fi System,ukdale
2013-04-18 09:18:36,228.1,0.469,107.0,2.97e-05,ON,Fridge,ukdale
2013-04-18 09:18:36,228.1,0.013,3.0,8e-07,ON,Television,ukdale
2013-04-18 09:18:36,228.6,0.022,5.0,1.4e-06,ON,Hi-Fi System,ukdale
2013-04-18 09:18:42,228.0,0.526,120.0,3.33e-05,ON,Fridge,ukdale
2013-04-18 09:18:42,230.1,0.013,3.0,8e-07,ON,Television,ukdale
2013-04-18 09:18:42,231.2,0.026,6.0,1.7e-06,ON,Hi-Fi System,ukdale
2013-04-18 09:18:48,228.4,0.412,94.0,2.61e-05,ON,Fridge,ukdale
2013-04-18 09:18:48,228.0,0.013,3.0,8e-07,ON,Television,ukdale
2013-04-18 09:18:48,228.2,0.026,6.0,1.7e-06,ON,Hi-Fi System,ukdale
2013-04-18 09:18:54,232.0,0.461,107.0,2.97e-05,ON,Fridge,ukdale
2013-04-18 09:18:54,230.1,0.013,3.0,8e-07,ON,Television,ukdale
2013-04-18 09:18:54,231.4,0.03,7.0,1.9e-06,ON,Hi-Fi System,ukdale
2013-04-18 09:19:00,228.3,0.403,92.0,2.56e-05,ON,Fridge,ukdale
2013-04-18 09:19:00,229.4,0.013,3.0,8e-07,ON,Television,ukdale
2013-04-18 09:19:00,231.0,0.026,6.0,1.7e-06,ON,Hi-Fi System,ukdale
2013-04-18 09:19:06,228.3,0.495,113.0,3.14e-05,ON,Fridge,ukdale
2013-04-18 09:19:06,231.1,0.013,3.0,8e-07,ON,Television,ukdale
2013-04-18 09:19:06,230.8,0.026,6.0,1.7e-06,ON,Hi-Fi System,ukdale
2013-04-18 09:19:12,230.8,0.416,96.0,2.67e-05,ON,Fridge,ukdale
2013-04-18 09:19:12,229.1,0.013,3.0,8e-07,ON,Television,ukdale
2013-04-18 09:19:12,230.8,0.03,7.0,1.9e-06,ON,Hi-Fi System,ukdale
2013-04-18 09:19:18,231.6,0.501,116.0,3.22e-05,ON,Fridge,ukdale
2013-04-18 09:19:18,229.9,0.013,3.0,8e-07,ON,Television,ukdale
2013-04-18 09:19:18,229.5,0.022,5.0,1.4e-06,ON,Hi-Fi System,ukdale
2013-04-18 09:19:24,229.8,0.487,112.0,3.11e-05,ON,Fridge,ukdale
2013-04-18 09:19:24,228.0,0.013,3.0,8e-07,ON,Television,ukdale
2013-04-18 09:19:24,229.6,0.03,7.0,1.9e-06,ON,Hi-Fi System,ukdale
2013-04-18 09:19:30,230.8,0.455,105.0,2.92e-05,ON,Fridge,ukdale
2013-04-18 09:19:30,231.7,0.013,3.0,8e-07,ON,Television,ukdale
2013-04-18 09:19:30,229.4,0.022,5.0,1.4e-06,ON,Hi-Fi System,ukdale
2013-04-18 09:19:36,231.7,0.509,118.0,3.28e-05,ON,Fridge,ukdale
2013-04-18 09:19:36,228.3,0.013,3.0,8e-07,ON,Television,ukdale
2013-04-18 09:19:36,231.3,0.022,5.0,1.4e-06,ON,Hi-Fi System,ukdale
2013-04-18 09:19:42,231.2,0.489,113.0,3.14e-05,ON,Fridge,ukdale
2013-04-18 09:19:42,230.7,0.013,3.0,8e-07,ON,Television,ukdale
2013-04-18 09:19:42,228.8,0.031,7.0,1.9e-06,ON,Hi-Fi System,ukdale
2013-04-18 09:19:48,228.9,0.454,104.0,2.89e-05,ON,Fridge,ukdale
2013-04-18 09:19:48,229.3,0.013,3.0,8e-07,ON,Television,ukdale
2013-04-18 09:19:48,231.5,0.022,5.0,1.4e-06,ON,Hi-Fi System,ukdale
2013-04-18 09:19:54,228.7,0.512,117.0,3.25e-05,ON,Fridge,ukdale
2013-04-18 09:19:54,229.6,0.013,3.0,8e-07,ON,Television,ukdale
2013-04-18 09:19:54,230.3,0.026,6.0,1.7e-06,ON,Hi-Fi System,ukdale
2013-04-18 09:20:00,228.6,0.407,93.0,2.58e-05,ON,Fridge,ukdale
2013-04-18 09:20:00,231.7,9.387,2175.0,0.0006042,ON,Washing Machine,ukdale
2013-04-18 09:20:00,229.0,0.013,3.0,8e-07,ON,Television,ukdale
2013-04-18 09:20:00,229.3,0.022,5.0,1.4e-06,ON,Hi-Fi System,ukdale
2013-04-18 09:20:06,230.9,0.459,106.0,2.94e-05,ON,Fridge,ukdale
2013-04-18 09:20:06,231.5,9.342,2163.0,0.0006008,ON,Washing Machine,ukdale
2013-04-18 09:20:06,229.7,0.013,3.0,8e-07,ON,Television,ukdale
2013-04-18 09:20:06,229.2,0.022,5.0,1.4e-06,ON,Hi-Fi System,ukdale
2013-04-18 09:20:12,228.8,0.424,97.0,2.69e-05,ON,Fridge,ukdale
2013-04-18 09:20:12,228.0,9.253,2110.0,0.0005861,ON,Washing Machine,ukdale
2013-04-18 09:20:12,228.5,0.013,3.0,8e-07,ON,Television,ukdale
2013-04-18 09:20:12,231.4,0.03,7.0,1.9e-06,ON,Hi-Fi System,ukdale
2013-04-18 09:20:18,228.2,0.412,94.0,2.61e-05,ON,Fridge,ukdale
2013-04-18 09:20:18,230.8,9.244,2133.0,0.0005925,ON,Washing Machine,ukdale
2013-04-18 09:20:18,230.7,0.013,3.0,8e-07,ON,Television,ukdale
2013-04-18 09:20:18,229.4,0.031,7.0,1.9e-06,ON,Hi-Fi System,ukdale
2013-04-18 09:20:24,230.3,0.434,100.0,2.78e-05,ON,Fridge,ukdale
2013-04-18 09:20:24,229.8,9.473,2177.0,0.0006047,ON,Washing Machine,ukdale
2013-04-18 09:20:24,230.3,0.013,3.0,8e-07,ON,Television,ukdale
2013-04-18 09:20:24,230.5,0.03,7.0,1.9e-06,ON,Hi-Fi System,ukdale
2013-04-18 09:20:30,231.7,0.462,107.0,2.97e-05,ON,Fridge,ukdale
2013-04-18 09:20:30,231.0,9.099,2102.0,0.0005839,ON,Washing Machine,ukdale
2013-04-18 09:20:30,230.0,0.013,3.0,8e-07,ON,Television,ukdale
2013-04-18 09:20:30,228.5,0.031,7.0,1.9e-06,ON,Hi-Fi System,ukdale
2013-04-18 09:20:36,230.9,0.429,99.0,2.75e-05,ON,Fridge,ukdale
2013-04-18 09:20:36,231.6,9.367,2169.0,0.0006025,ON,Washing Machine,ukdale
2013-04-18 09:20:36,228.2,0.013,3.0,8e-07,ON,Television,ukdale
2013-04-18 09:20:36,230.5,0.03,7.0,1.9e-06,ON,Hi-Fi System,ukdale
2013-04-18 09:20:42,228.4,0.477,109.0,3.03e-05,ON,Fridge,ukdale
2013-04-18 09:20:42,228.0,9.245,2108.0,0.0005856,ON,Washing Machine,ukdale
2013-04-18 09:20:42,231.4,0.013,3.0,8e-07,ON,Television,ukdale
2013-04-18 09:20:42,231.7,0.03,7.0,1.9e-06,ON,Hi-Fi System,ukdale
2013-04-18 09:20:48,228.2,0.482,110.0,3.06e-05,ON,Fridge,ukdale
2013-04-18 09:20:48,231.9,9.175,2128.0,0.0005911,ON,Washing Machine,ukdale
2013-04-18 09:20:48,229.6,0.013,3.0,8e-07,ON,Television,ukdale
2013-04-18 09:20:48,229.3,0.026,6.0,1.7e-06,ON,Hi-Fi System,ukdale
2013-04-18 09:20:54,231.9,0.461,107.0,2.97e-05,ON,Fridge,ukdale
2013-04-18 09:20:54,231.4,9.487,2195.0,0.0006097,ON,Washing Machine,ukdale
2013-04-18 09:20:54,231.4,0.013,3.0,8e-07,ON,Television,ukdale
2013-04-18 09:20:54,231.1,0.022,5.0,1.4e-06,ON,Hi-Fi System,ukdale
2013-04-18 09:21:00,228.8,0.489,112.0,3.11e-05,ON,Fridge,ukdale
2013-04-18 09:21:00,228.7,1.447,331.0,9.19e-05,ON,Washing Machine,ukdale
2013-04-18 09:21:00,228.0,0.013,3.0,8e-07,ON,Television,ukdale
2013-04-18 09:21:00,228.9,0.026,6.0,1.7e-06,ON,Hi-Fi System,ukdale
2013-04-18 09:21:06,229.0,0.441,101.0,2.81e-05,ON,Fridge,ukdale
2013-04-18 09:21:06,231.9,1.359,315.0,8.75e-05,ON,Washing Machine,ukdale
2013-04-18 09:21:06,231.0,0.013,3.0,8e-07,ON,Television,ukdale
2013-04-18 09:21:06,228.7,0.022,5.0,1.4e-06,ON,Hi-Fi System,ukdale
2013-04-18 09:21:12,229.7,0.409,94.0,2.61e-05,ON,Fridge,ukdale
2013-04-18 09:21:12,229.5,1.398,321.0,8.92e-05,ON,Washing Machine,ukdale
2013-04-18 09:21:12,229.4,0.013,3.0,8e-07,ON,Television,ukdale
2013-04-18 09:21:12,231.6,0.026,6.0,1.7e-06,ON,Hi-Fi System,ukdale
2013-04-18 09:21:18,229.2,0.458,105.0,2.92e-05,ON,Fridge,ukdale
2013-04-18 09:21:18,232.0,1.358,315.0,8.75e-05,ON,Washing Machine,ukdale
2013-04-18 09:21:18,230.8,0.013,3.0,8e-07,ON,Television,ukdale
2013-04-18 09:21:18,228.9,0.022,5.0,1.4e-06,ON,Hi-Fi System,ukdale
2013-04-18 09:21:24,229.2,0.458,105.0,2.92e-05,ON,Fridge,ukdale
2013-04-18 09:21:24,231.8,1.389,322.0,8.94e-05,ON,Washing Machine,ukdale
2013-04-18 09:21:24,231.5,0.013,3.0,8e-07,ON,Television,ukdale
2013-04-18 09:21:24,229.6,0.026,6.0,1.7e-06,ON,Hi-Fi System,ukdale
2013-04-18 09:21:30,230.3,0.408,94.0,2.61e-05,ON,Fridge,ukdale
2013-04-18 09:21:30,229.0,1.428,327.0,9.08e-05,ON,Washing Machine,ukdale
2013-04-18 09:21:30,229.7,0.013,3.0,8e-07,ON,Television,ukdale
2013-04-18 09:21:30,229.3,0.031,7.0,1.9e-06,ON,Hi-Fi System,ukdale
2013-04-18 09:21:36,229.2,0.502,115.0,3.19e-05,ON,Fridge,ukdale
2013-04-18 09:21:36,228.7,1.416,324.0,9e-05,ON,Washing Machine,ukdale
2013-04-18 09:21:36,228.9,0.013,3.0,8e-07,ON,Television,ukdale
2013-04-18 09:21:36,230.7,0.026,6.0,1.7e-06,ON,Hi-Fi System,ukdale
2013-04-18 09:21:42,229.7,0.418,96.0,2.67e-05,ON,Fridge,ukdale
2013-04-18 09:21:42,230.3,1.403,323.0,8.97e-05,ON,Washing Machine,ukdale
2013-04-18 09:21:42,231.0,0.013,3.0,8e-07,ON,Television,ukdale
2013-04-18 09:21:42,231.3,0.026,6.0,1.7e-06,ON,Hi-Fi System,ukdale
2013-04-18 09:21:48,228.4,0.473,108.0,3e-05,ON,Fridge,ukdale
2013-04-18 09:21:48,230.8,1.452,335.0,9.31e-05,ON,Washing Machine,ukdale
2013-04-18 09:21:48,230.5,0.013,3.0,8e-07,ON,Television,ukdale
2013-04-18 09:21:48,228.3,0.026,6.0,1.7e-06,ON,Hi-Fi System,ukdale
2013-04-18 09:21:54,230.7,0.503,116.0,3.22e-05,ON,Fridge,ukdale
2013-04-18 09:21:54,228.0,1.535,350.0,9.72e-05,ON,Washing Machine,ukdale
2013-04-18 09:21:54,231.1,0.013,3.0,8e-07,ON,Television,ukdale
2013-04-18 09:21:54,228.7,0.026,6.0,1.7e-06,ON,Hi-Fi System,ukdale
2013-04-18 09:22:00,231.4,0.423,98.0,2.72e-05,ON,Fridge,ukdale
2013-04-18 09:22:00,228.8,1.482,339.0,9.42e-05,ON,Washing Machine,ukdale
2013-04-18 09:22:00,230.4,0.013,3.0,8e-07,ON,Television,ukdale
2013-04-18 09:22:00,231.3,0.026,6.0,1.7e-06,ON,Hi-Fi System,ukdale
2013-04-18 09:22:06,229.2,0.489,112.0,3.11e-05,ON,Fridge,ukdale
2013-04-18 09:22:06,229.6,1.494,343.0,9.53e-05,ON,Washing Machine,ukdale
2013-04-18 09:22:06,231.0,0.013,3.0,8e-07,ON,Television,ukdale
2013-04-18 09:22:06,228.1,0.022,5.0,1.4e-06,ON,Hi-Fi System,ukdale
2013-04-18 09:22:12,228.7,0.398,91.0,2.53e-05,ON,Fridge,ukdale
2013-04-18 09:22:12,230.6,1.318,304.0,8.44e-05,ON,Washing Machine,ukdale
2013-04-18 09:22:12,230.7,0.013,3.0,8e-07,ON,Television,ukdale
2013-04-18 09:22:12,228.8,0.031,7.0,1.9e-06,ON,Hi-Fi System,ukdale
2013-04-18 09:22:18,230.3,0.421,97.0,2.69e-05,ON,Fridge,ukdale
2013-04-18 09:22:18,229.1,1.366,313.0,8.69e-05,ON,Washing Machine,ukdale
2013-04-18 09:22:18,231.1,0.013,3.0,8e-07,ON,Television,ukdale
2013-04-18 09:22:18,231.6,0.026,6.0,1.7e-06,ON,Hi-Fi System,ukdale
2013-04-18 09:22:24,229.9,0.404,93.0,2.58e-05,ON,Fridge,ukdale
2013-04-18 09:22:24,231.9,1.488,345.0,9.58e-05,ON,Washing Machine,ukdale
2013-04-18 09:22:24,231.5,0.013,3.0,8e-07,ON,Television,ukdale
2013-04-18 09:22:24,230.3,0.026,6.0,1.7e-06,ON,Hi-Fi System,ukdale
2013-04-18 09:22:30,229.4,0.453,104.0,2.89e-05,ON,Fridge,ukdale
2013-04-18 09:22:30,230.8,1.395,322.0,8.94e-05,ON,Washing Machine,ukdale
2013-04-18 09:22:30,228.1,0.013,3.0,8e-07,ON,Television,ukdale
2013-04-18 09:22:30,231.6,0.026,6.0,1.7e-06,ON,Hi-Fi System,ukdale
2013-04-18 09:22:36,228.5,0.451,103.0,2.86e-05,ON,Fridge,ukdale
2013-04-18 09:22:36,231.6,1.473,341.0,9.47e-05,ON,Washing Machine,ukdale
2013-04-18 09:22:36,228.8,0.013,3.0,8e-07,ON,Television,ukdale
2013-04-18 09:22:36,231.2,0.026,6.0,1.7e-06,ON,Hi-Fi System,ukdale
2013-04-18 09:22:42,231.5,0.454,105.0,2.92e-05,ON,Fridge,ukdale
2013-04-18 09:22:42,231.4,1.396,323.0,8.97e-05,ON,Washing Machine,ukdale
2013-04-18 09:22:42,230.8,0.013,3.0,8e-07,ON,Television,ukdale
2013-04-18 09:22:42,229.4,0.026,6.0,1.7e-06,ON,Hi-Fi System,ukdale
2013-04-18 09:22:48,228.7,0.464,106.0,2.94e-05,ON,Fridge,ukdale
2013-04-18 09:22:48,228.4,1.528,349.0,9.69e-05,ON,Washing Machine,ukdale
2013-04-18 09:22:48,228.5,0.013,3.0,8e-07,ON,Television,ukdale
2013-04-18 09:22:48,228.0,0.022,5.0,1.4e-06,ON,Hi-Fi System,ukdale
2013-04-18 09:22:54,229.2,0.502,115.0,3.19e-05,ON,Fridge,ukdale
2013-04-18 09:22:54,229.7,1.349,310.0,8.61e-05,ON,Washing Machine,ukdale
2013-04-18 09:22:54,229.5,0.013,3.0,8e-07,ON,Television,ukdale
2013-04-18 09:22:54,230.9,0.026,6.0,1.7e-06,ON,Hi-Fi System,ukdale
2013-04-18 09:23:00,228.6,0.481,110.0,3.06e-05,ON,Fridge,ukdale
2013-04-18 09:23:00,231.5,2.216,513.0,0.0001425,ON,Washing Machine,ukdale
2013-04-18 09:23:00,230.3,0.013,3.0,8e-07,ON,Television,ukdale
2013-04-18 09:23:00,228.1,0.026,6.0,1.7e-06,ON,Hi-Fi System,ukdale
2013-04-18 09:23:06,228.2,0.429,98.0,2.72e-05,ON,Fridge,ukdale
2013-04-18 09:23:06,230.4,2.239,516.0,0.0001433,ON,Washing Machine,ukdale
2013-04-18 09:23:06,228.0,0.013,3.0,8e-07,ON,Television,ukdale
2013-04-18 09:23:06,231.8,0.026,6.0,1.7e-06,ON,Hi-Fi System,ukdale
2013-04-18 09:23:12,228.4,0.525,120.0,3.33e-05,ON,Fridge,ukdale
2013-04-18 09:23:12,230.2,2.198,506.0,0.0001406,ON,Washing Machine,ukdale
2013-04-18 09:23:12,231.9,0.013,3.0,8e-07,ON,Television,ukdale
2013-04-18 09:23:12,230.4,0.026,6.0,1.7e-06,ON,Hi-Fi System,ukdale
2013-04-18 09:23:18,231.4,0.48,111.0,3.08e-05,ON,Fridge,ukdale
2013-04-18 09:23:18,230.7,2.566,592.0,0.0001644,ON,Washing Machine,ukdale
2013-04-18 09:23:18,230.3,0.013,3.0,8e-07,ON,Television,ukdale
2013-04-18 09:23:18,230.1,0.026,6.0,1.7e-06,ON,Hi-Fi System,ukdale
2013-04-18 09:23:24,228.4,0.416,95.0,2.64e-05,ON,Fridge,ukdale
2013-04-18 09:23:24,231.0,2.415,558.0,0.000155,ON,Washing Machine,ukdale
2013-04-18 09:23:24,229.5,0.013,3.0,8e-07,ON,Television,ukdale
2013-04-18 09:23:24,231.5,0.026,6.0,1.7e-06,ON,Hi-Fi System,ukdale
2013-04-18 09:23:30,231.7,0.488,113.0,3.14e-05,ON,Fridge,ukdale
2013-04-18 09:23:30,230.8,2.197,507.0,0.0001408,ON,Washing Machine,ukdale
2013-04-18 09:23:30,230.3,0.013,3.0,8e-07,ON,Television,ukdale
2013-04-18 09:23:30,229.3,0.022,5.0,1.4e-06,ON,Hi-Fi System,ukdale
2013-04-18 09:23:36,230.9,0.498,115.0,3.19e-05,ON,Fridge,ukdale
2013-04-18 09:23:36,231.6,2.362,547.0,0.0001519,ON,Washing Machine,ukdale
2013-04-18 09:23:36,232.0,0.013,3.0,8e-07,ON,Television,ukdale
2013-04-18 09:23:36,231.6,0.022,5.0,1.4e-06,ON,Hi-Fi System,ukdale
2013-04-18 09:23:42,228.2,0.421,96.0,2.67e-05,ON,Fridge,ukdale
2013-04-18 09:23:42,229.6,2.492,572.0,0.0001589,ON,Washing Machine,ukdale
2013-04-18 09:23:42,230.2,0.013,3.0,8e-07,ON,Television,ukdale
2013-04-18 09:23:42,228.8,0.031,7.0,1.9e-06,ON,Hi-Fi System,ukdale
2013-04-18 09:23:48,228.2,0.473,108.0,3e-05,ON,Fridge,ukdale
2013-04-18 09:23:48,229.5,2.549,585.0,0.0001625,ON,Washing Machine,ukdale
2013-04-18 09:23:48,230.5,0.013,3.0,8e-07,ON,Television,ukdale
2013-04-18 09:23:48,230.3,0.022,5.0,1.4e-06,ON,Hi-Fi System,ukdale
2013-04-18 09:23:54,232.0,0.444,103.0,2.86e-05,ON,Fridge,ukdale
2013-04-18 09:23:54,229.2,2.334,535.0,0.0001486,ON,Washing Machine,ukdale
2013-04-18 09:23:54,231.5,0.013,3.0,8e-07,ON,Television,ukdale
2013-04-18 09:23:54,229.2,0.026,6.0,1.7e-06,ON,Hi-Fi System,ukdale
2013-04-18 09:24:00,231.2,0.493,114.0,3.17e-05,ON,Fridge,ukdale
2013-04-18 09:24:00,228.9,9.402,2152.0,0.0005978,ON,Washing Machine,ukdale
2013-04-18 09:24:00,231.6,0.013,3.0,8e-07,ON,Television,ukdale
2013-04-18 09:24:00,228.3,0.026,6.0,1.7e-06,ON,Hi-Fi System,ukdale
2013-04-18 09:24:06,231.5,0.475,110.0,3.06e-05,ON,Fridge,ukdale
2013-04-18 09:24:06,231.0,9.307,2150.0,0.0005972,ON,Washing Machine,ukdale
2013-04-18 09:24:06,230.5,0.013,3.0,8e-07,ON,Television,ukdale
2013-04-18 09:24:06,230.2,0.03,7.0,1.9e-06,ON,Hi-Fi System,ukdale
2013-04-18 09:24:12,230.5,0.408,94.0,2.61e-05,ON,Fridge,ukdale
2013-04-18 09:24:12,231.5,9.118,2111.0,0.0005864,ON,Washing Machine,ukdale
2013-04-18 09:24:12,229.4,0.013,3.0,8e-07,ON,Television,ukdale
2013-04-18 09:24:12,229.5,0.026,6.0,1.7e-06,ON,Hi-Fi System,ukdale
2013-04-18 09:24:18,228.6,0.398,91.0,2.53e-05,ON,Fridge,ukdale
2013-04-18 09:24:18,229.2,9.361,2146.0,0.0005961,ON,Washing Machine,ukdale
2013-04-18 09:24:18,230.4,0.013,3.0,8e-07,ON,Television,ukdale
2013-04-18 09:24:18,229.4,0.022,5.0,1.4e-06,ON,Hi-Fi System,ukdale
2013-04-18 09:24:24,232.0,0.491,114.0,3.17e-05,ON,Fridge,ukdale
2013-04-18 09:24:24,231.3,9.469,2190.0,0.0006083,ON,Washing Machine,ukdale
2013-04-18 09:24:24,230.4,0.013,3.0,8e-07,ON,Television,ukdale
2013-04-18 09:24:24,231.3,0.026,6.0,1.7e-06,ON,Hi-Fi System,ukdale
2013-04-18 09:24:30,232.0,0.401,93.0,2.58e-05,ON,Fridge,ukdale
2013-04-18 09:24:30,230.9,9.147,2112.0,0.0005867,ON,Washing Machine,ukdale
2013-04-18 09:24:30,229.2,0.013,3.0,8e-07,ON,Television,ukdale
2013-04-18 09:24:30,228.0,0.031,7.0,1.9e-06,ON,Hi-Fi System,ukdale
2013-04-18 09:24:36,229.9,0.4,92.0,2.56e-05,ON,Fridge,ukdale
2013-04-18 09:24:36,231.4,9.358,2165.0,0.0006014,ON,Washing Machine,ukdale
2013-04-18 09:24:36,228.7,0.013,3.0,8e-07,ON,Television,ukdale
2013-04-18 09:24:36,230.2,0.022,5.0,1.4e-06,ON,Hi-Fi System,ukdale
2013-04-18 09:24:42,230.8,0.416,96.0,2.67e-05,ON,Fridge,ukdale
2013-04-18 09:24:42,230.9,9.377,2165.0,0.0006014,ON,Washing Machine,ukdale
2013-04-18 09:24:42,228.6,0.013,3.0,8e-07,ON,Television,ukdale
2013-04-18 09:24:42,229.1,0.026,6.0,1.7e-06,ON,Hi-Fi System,ukdale
2013-04-18 09:24:48,231.1,0.489,113.0,3.14e-05,ON,Fridge,ukdale
2013-04-18 09:24:48,230.6,9.521,2195.0,0.0006097,ON,Washing Machine,ukdale
2013-04-18 09:24:48,232.0,0.013,3.0,8e-07,ON,Television,ukdale
2013-04-18 09:24:48,230.8,0.026,6.0,1.7e-06,ON,Hi-Fi System,ukdale
2013-04-18 09:24:54,231.7,0.449,104.0,2.89e-05,ON,Fridge,ukdale
2013-04-18 09:24:54,228.0,9.363,2135.0,0.0005931,ON,Washing Machine,ukdale
2013-04-18 09:24:54,231.1,0.013,3.0,8e-07,ON,Television,ukdale
2013-04-18 09:24:54,230.2,0.026,6.0,1.7e-06,ON,Hi-Fi System,ukdale
2013-04-18 09:25:00,229.9,0.396,91.0,2.53e-05,ON,Fridge,ukdale
2013-04-18 09:25:00,228.8,1.342,307.0,8.53e-05,ON,Washing Machine,ukdale
2013-04-18 09:25:00,228.5,0.013,3.0,8e-07,ON,Television,ukdale
2013-04-18 09:25:00,231.6,0.026,6.0,1.7e-06,ON,Hi-Fi System,ukdale
2013-04-18 09:25:06,228.5,0.477,109.0,3.03e-05,ON,Fridge,ukdale
2013-04-18 09:25:06,230.9,1.464,338.0,9.39e-05,ON,Washing Machine,ukdale
2013-04-18 09:25:06,231.5,0.013,3.0,8e-07,ON,Television,ukdale
2013-04-18 09:25:06,231.2,0.026,6.0,1.7e-06,ON,Hi-Fi System,ukdale
2013-04-18 09:25:12,229.6,0.492,113.0,3.14e-05,ON,Fridge,ukdale
2013-04-18 09:25:12,229.0,1.489,341.0,9.47e-05,ON,Washing Machine,ukdale
2013-04-18 09:25:12,228.1,0.013,3.0,8e-07,ON,Television,ukdale
2013-04-18 09:25:12,228.7,0.022,5.0,1.4e-06,ON,Hi-Fi System,ukdale
2013-04-18 09:25:18,229.9,0.409,94.0,2.61e-05,ON,Fridge,ukdale
2013-04-18 09:25:18,231.9,1.397,324.0,9e-05,ON,Washing Machine,ukdale
2013-04-18 09:25:18,230.8,0.013,3.0,8e-07,ON,Television,ukdale
2013-04-18 09:25:18,228.7,0.022,5.0,1.4e-06,ON,Hi-Fi System,ukdale
2013-04-18 09:25:24,229.1,0.502,115.0,3.19e-05,ON,Fridge,ukdale
2013-04-18 09:25:24,230.9,1.377,318.0,8.83e-05,ON,Washing Machine,ukdale
2013-04-18 09:25:24,231.7,0.013,3.0,8e-07,ON,Television,ukdale
2013-04-18 09:25:24,231.1,0.026,6.0,1.7e-06,ON,Hi-Fi System,ukdale
2013-04-18 09:25:30,231.2,0.463,107.0,2.97e-05,ON,Fridge,ukdale
2013-04-18 09:25:30,231.4,1.323,306.0,8.5e-05,ON,Washing Machine,ukdale
2013-04-18 09:25:30,231.2,0.013,3.0,8e-07,ON,Television,ukdale
2013-04-18 09:25:30,230.2,0.026,6.0,1.7e-06,ON,Hi-Fi System,ukdale
2013-04-18 09:25:36,229.2,0.423,97.0,2.69e-05,ON,Fridge,ukdale
2013-04-18 09:25:36,232.0,1.345,312.0,8.67e-05,ON,Washing Machine,ukdale
2013-04-18 09:25:36,229.1,0.013,3.0,8e-07,ON,Television,ukdale
2013-04-18 09:25:36,228.3,0.026,6.0,1.7e-06,ON,Hi-Fi System,ukdale
2013-04-18 09:25:42,229.1,0.406,93.0,2.58e-05,ON,Fridge,ukdale
2013-04-18 09:25:42,229.6,1.507,346.0,9.61e-05,ON,Washing Machine,ukdale
2013-04-18 09:25:42,230.5,0.013,3.0,8e-07,ON,Television,ukdale
2013-04-18 09:25:42,230.9,0.026,6.0,1.7e-06,ON,Hi-Fi System,ukdale
2013-04-18 09:25:48,228.6,0.473,108.0,3e-05,ON,Fridge,ukdale
2013-04-18 09:25:48,230.5,1.332,307.0,8.53e-05,ON,Washing Machine,ukdale
2013-04-18 09:25:48,228.6,0.013,3.0,8e-07,ON,Television,ukdale
2013-04-18 09:25:48,228.9,0.026,6.0,1.7e-06,ON,Hi-Fi System,ukdale
2013-04-18 09:25:54,229.1,0.467,107.0,2.97e-05,ON,Fridge,ukdale
2013-04-18 09:25:54,230.5,1.514,349.0,9.69e-05,ON,Washing Machine,ukdale
2013-04-18 09:25:54,230.6,0.013,3.0,8e-07,ON,Television,ukdale
2013-04-18 09:25:54,228.7,0.022,5.0,1.4e-06,ON,Hi-Fi System,ukdale
2013-04-18 09:26:00,228.4,0.508,116.0,3.22e-05,ON,Fridge,ukdale
2013-04-18 09:26:00,230.5,1.428,329.0,9.14e-05,ON,Washing Machine,ukdale
2013-04-18 09:26:00,229.4,0.013,3.0,8e-07,ON,Television,ukdale
2013-04-18 09:26:00,231.9,0.026,6.0,1.7e-06,ON,Hi-Fi System,ukdale
2013-04-18 09:26:06,229.0,0.459,105.0,2.92e-05,ON,Fridge,ukdale
2013-04-18 09:26:06,230.9,1.373,317.0,8.81e-05,ON,Washing Machine,ukdale
2013-04-18 09:26:06,230.0,0.013,3.0,8e-07,ON,Television,ukdale
2013-04-18 09:26:06,231.3,0.03,7.0,1.9e-06,ON,Hi-Fi System,ukdale
2013-04-18 09:26:12,229.3,0.493,113.0,3.14e-05,ON,Fridge,ukdale
2013-04-18 09:26:12,228.5,1.379,315.0,8.75e-05,ON,Washing Machine,ukdale
2013-04-18 09:26:12,228.7,0.013,3.0,8e-07,ON,Television,ukdale
2013-04-18 09:26:12,229.6,0.03,7.0,1.9e-06,ON,Hi-Fi System,ukdale
2013-04-18 09:26:18,228.5,0.407,93.0,2.58e-05,ON,Fridge,ukdale
2013-04-18 09:26:18,230.7,1.404,324.0,9e-05,ON,Washing Machine,ukdale
2013-04-18 09:26:18,231.5,0.013,3.0,8e-07,ON,Television,ukdale
2013-04-18 09:26:18,230.1,0.026,6.0,1.7e-06,ON,Hi-Fi System,ukdale
2013-04-18 09:26:24,230.4,0.49,113.0,3.14e-05,ON,Fridge,ukdale
2013-04-18 09:26:24,231.7,1.386,321.0,8.92e-05,ON,Washing Machine,ukdale
2013-04-18 09:26:24,230.2,0.013,3.0,8e-07,ON,Television,ukdale
2013-04-18 09:26:24,229.2,0.026,6.0,1.7e-06,ON,Hi-Fi System,ukdale
2013-04-18 09:26:30,230.6,0.46,106.0,2.94e-05,ON,Fridge,ukdale
2013-04-18 09:26:30,231.9,1.453,337.0,9.36e-05,ON,Washing Machine,ukdale
2013-04-18 09:26:30,231.3,0.013,3.0,8e-07,ON,Television,ukdale
2013-04-18 09:26:30,228.7,0.026,6.0,1.7e-06,ON,Hi-Fi System,ukdale
2013-04-18 09:26:36,229.7,0.431,99.0,2.75e-05,ON,Fridge,ukdale
2013-04-18 09:26:36,230.1,1.469,338.0,9.39e-05,ON,Washing Machine,ukdale
2013-04-18 09:26:36,230.0,0.013,3.0,8e-07,ON,Television,ukdale
2013-04-18 09:26:36,228.5,0.026,6.0,1.7e-06,ON,Hi-Fi System,ukdale
2013-04-18 09:26:42,228.7,0.437,100.0,2.78e-05,ON,Fridge,ukdale
2013-04-18 09:26:42,229.0,1.432,328.0,9.11e-05,ON,Washing Machine,ukdale
2013-04-18 09:26:42,230.5,0.013,3.0,8e-07,ON,Television,ukdale
2013-04-18 09:26:42,231.9,0.03,7.0,1.9e-06,ON,Hi-Fi System,ukdale
2013-04-18 09:26:48,231.3,0.437,101.0,2.81e-05,ON,Fridge,ukdale
2013-04-18 09:26:48,231.4,1.336,309.0,8.58e-05,ON,Washing Machine,ukdale
2013-04-18 09:26:48,229.5,0.013,3.0,8e-07,ON,Television,ukdale
2013-04-18 09:26:48,231.1,0.03,7.0,1.9e-06,ON,Hi-Fi System,ukdale
2013-04-18 09:26:54,228.7,0.507,116.0,3.22e-05,ON,Fridge,ukdale
2013-04-18 09:26:54,231.1,1.441,333.0,9.25e-05,ON,Washing Machine,ukdale
2013-04-18 09:26:54,228.4,0.013,3.0,8e-07,ON,Television,ukdale
2013-04-18 09:26:54,228.4,0.022,5.0,1.4e-06,ON,Hi-Fi System,ukdale
2013-04-18 09:27:00,230.1,0.491,113.0,3.14e-05,ON,Fridge,ukdale
2013-04-18 09:27:00,230.2,2.524,581.0,0.0001614,ON,Washing Machine,ukdale
2013-04-18 09:27:00,228.3,0.013,3.0,8e-07,ON,Television,ukdale
2013-04-18 09:27:00,228.4,0.022,5.0,1.4e-06,ON,Hi-Fi System,ukdale
2013-04-18 09:27:06,229.2,0.467,107.0,2.97e-05,ON,Fridge,ukdale
2013-04-18 09:27:06,229.3,2.307,529.0,0.0001469,ON,Washing Machine,ukdale
2013-04-18 09:27:06,231.6,0.013,3.0,8e-07,ON,Television,ukdale
2013-04-18 09:27:06,231.8,0.026,6.0,1.7e-06,ON,Hi-Fi System,ukdale
2013-04-18 09:27:12,229.0,0.493,113.0,3.14e-05,ON,Fridge,ukdale
2013-04-18 09:27:12,228.7,2.484,568.0,0.0001578,ON,Washing Machine,ukdale
2013-04-18 09:27:12,228.7,0.013,3.0,8e-07,ON,Television,ukdale
2013-04-18 09:27:12,229.1,0.026,6.0,1.7e-06,ON,Hi-Fi System,ukdale
2013-04-18 09:27:18,231.0,0.498,115.0,3.19e-05,ON,Fridge,ukdale
2013-04-18 09:27:18,230.4,2.4,553.0,0.0001536,ON,Washing Machine,ukdale
2013-04-18 09:27:18,229.7,0.013,3.0,8e-07,ON,Television,ukdale
2013-04-18 09:27:18,229.5,0.022,5.0,1.4e-06,ON,Hi-Fi System,ukdale
2013-04-18 09:27:24,231.2,0.489,113.0,3.14e-05,ON,Fridge,ukdale
2013-04-18 09:27:24,230.3,2.284,526.0,0.0001461,ON,Washing Machine,ukdale
2013-04-18 09:27:24,230.4,0.013,3.0,8e-07,ON,Television,ukdale
2013-04-18 09:27:24,229.9,0.022,5.0,1.4e-06,ON,Hi-Fi System,ukdale
2013-04-18 09:27:30,231.2,0.506,117.0,3.25e-05,ON,Fridge,ukdale
2013-04-18 09:27:30,229.0,2.349,538.0,0.0001494,ON,Washing Machine,ukdale
2013-04-18 09:27:30,231.0,0.013,3.0,8e-07,ON,Television,ukdale
2013-04-18 09:27:30,228.0,0.026,6.0,1.7e-06,ON,Hi-Fi System,ukdale
2013-04-18 09:27:36,231.0,0.424,98.0,2.72e-05,ON,Fridge,ukdale
2013-04-18 09:27:36,228.1,2.205,503.0,0.0001397,ON,Washing Machine,ukdale
2013-04-18 09:27:36,231.6,0.013,3.0,8e-07,ON,Television,ukdale
2013-04-18 09:27:36,229.8,0.03,7.0,1.9e-06,ON,Hi-Fi System,ukdale
2013-04-18 09:27:42,231.5,0.397,92.0,2.56e-05,ON,Fridge,ukdale
2013-04-18 09:27:42,229.9,2.592,596.0,0.0001656,ON,Washing Machine,ukdale
2013-04-18 09:27:42,228.1,0.013,3.0,8e-07,ON,Television,ukdale
2013-04-18 09:27:42,228.3,0.026,6.0,1.7e-06,ON,Hi-Fi System,ukdale
2013-04-18 09:27:48,229.1,0.52,119.0,3.31e-05,ON,Fridge,ukdale
2013-04-18 09:27:48,228.4,2.399,548.0,0.0001522,ON,Washing Machine,ukdale
2013-04-18 09:27:48,230.0,0.013,3.0,8e-07,ON,Television,ukdale
2013-04-18 09:27:48,229.7,0.03,7.0,1.9e-06,ON,Hi-Fi System,ukdale
2013-04-18 09:27:54,228.2,0.46,105.0,2.92e-05,ON,Fridge,ukdale
2013-04-18 09:27:54,229.9,2.249,517.0,0.0001436,ON,Washing Machine,ukdale
2013-04-18 09:27:54,231.6,0.013,3.0,8e-07,ON,Television,ukdale
2013-04-18 09:27:54,230.1,0.022,5.0,1.4e-06,ON,Hi-Fi System,ukdale
2013-04-18 09:28:00,230.9,0.498,115.0,3.19e-05,ON,Fridge,ukdale
2013-04-18 09:28:00,230.5,0.013,3.0,8e-07,ON,Television,ukdale
2013-04-18 09:28:00,231.8,0.03,7.0,1.9e-06,ON,Hi-Fi System,ukdale
2013-04-18 09:28:06,228.6,0.494,113.0,3.14e-05,ON,Fridge,ukdale
2013-04-18 09:28:06,229.8,0.013,3.0,8e-07,ON,Television,ukdale
2013-04-18 09:28:06,229.8,0.026,6.0,1.7e-06,ON,Hi-Fi System,ukdale
2013-04-18 09:28:12,231.7,0.401,93.0,2.58e-05,ON,Fridge,ukdale
2013-04-18 09:28:12,228.2,0.013,3.0,8e-07,ON,Television,ukdale
2013-04-18 09:28:12,229.9,0.03,7.0,1.9e-06,ON,Hi-Fi System,ukdale
2013-04-18 09:28:18,229.3,0.397,91.0,2.53e-05,ON,Fridge,ukdale
2013-04-18 09:28:18,231.9,0.013,3.0,8e-07,ON,Television,ukdale
2013-04-18 09:28:18,231.4,0.026,6.0,1.7e-06,ON,Hi-Fi System,ukdale
2013-04-18 09:28:24,228.7,0.428,98.0,2.72e-05,ON,Fridge,ukdale
2013-04-18 09:28:24,231.0,0.013,3.0,8e-07,ON,Television,ukdale
2013-04-18 09:28:24,231.8,0.022,5.0,1.4e-06,ON,Hi-Fi System,ukdale
2013-04-18 09:28:30,229.3,0.445,102.0,2.83e-05,ON,Fridge,ukdale
2013-04-18 09:28:30,230.6,0.013,3.0,8e-07,ON,Television,ukdale
2013-04-18 09:28:30,231.3,0.026,6.0,1.7e-06,ON,Hi-Fi System,ukdale
2013-04-18 09:28:36,229.0,0.493,113.0,3.14e-05,ON,Fridge,ukdale
2013-04-18 09:28:36,230.6,0.013,3.0,8e-07,ON,Television,ukdale
2013-04-18 09:28:36,230.9,0.022,5.0,1.4e-06,ON,Hi-Fi System,ukdale
2013-04-18 09:28:42,229.9,0.487,112.0,3.11e-05,ON,Fridge,ukdale
2013-04-18 09:28:42,229.1,0.013,3.0,8e-07,ON,Television,ukdale
2013-04-18 09:28:42,229.5,0.026,6.0,1.7e-06,ON,Hi-Fi System,ukdale
2013-04-18 09:28:48,230.1,0.435,100.0,2.78e-05,ON,Fridge,ukdale
2013-04-18 09:28:48,229.6,0.013,3.0,8e-07,ON,Television,ukdale
2013-04-18 09:28:48,230.5,0.026,6.0,1.7e-06,ON,Hi-Fi System,ukdale
2013-04-18 09:28:54,230.1,0.482,111.0,3.08e-05,ON,Fridge,ukdale
2013-04-18 09:28:54,230.3,0.013,3.0,8e-07,ON,Television,ukdale
2013-04-18 09:28:54,228.3,0.026,6.0,1.7e-06,ON,Hi-Fi System,ukdale
2013-04-18 09:29:00,230.4,0.443,102.0,2.83e-05,ON,Fridge,ukdale
2013-04-18 09:29:00,228.8,0.013,3.0,8e-07,ON,Television,ukdale
2013-04-18 09:29:00,231.7,0.026,6.0,1.7e-06,ON,Hi-Fi System,ukdale
2013-04-18 09:29:06,230.9,0.485,112.0,3.11e-05,ON,Fridge,ukdale
2013-04-18 09:29:06,229.6,0.013,3.0,8e-07,ON,Television,ukdale
2013-04-18 09:29:06,230.2,0.03,7.0,1.9e-06,ON,Hi-Fi System,ukdale
2013-04-18 09:29:12,231.6,0.406,94.0,2.61e-05,ON,Fridge,ukdale
2013-04-18 09:29:12,230.7,0.013,3.0,8e-07,ON,Television,ukdale
2013-04-18 09:29:12,228.6,0.022,5.0,1.4e-06,ON,Hi-Fi System,ukdale
2013-04-18 09:29:18,228.5,0.49,112.0,3.11e-05,ON,Fridge,ukdale
2013-04-18 09:29:18,230.3,0.013,3.0,8e-07,ON,Television,ukdale
2013-04-18 09:29:18,230.1,0.022,5.0,1.4e-06,ON,Hi-Fi System,ukdale
2013-04-18 09:29:24,228.6,0.486,111.0,3.08e-05,ON,Fridge,ukdale
2013-04-18 09:29:24,229.4,0.013,3.0,8e-07,ON,Television,ukdale
2013-04-18 09:29:24,230.0,0.03,7.0,1.9e-06,ON,Hi-Fi System,ukdale
2013-04-18 09:29:30,229.9,0.457,105.0,2.92e-05,ON,Fridge,ukdale
2013-04-18 09:29:30,231.5,0.013,3.0,8e-07,ON,Television,ukdale
2013-04-18 09:29:30,229.7,0.026,6.0,1.7e-06,ON,Hi-Fi System,ukdale
2013-04-18 09:29:36,228.1,0.517,118.0,3.28e-05,ON,Fridge,ukdale
2013-04-18 09:29:36,229.7,0.013,3.0,8e-07,ON,Television,ukdale
2013-04-18 09:29:36,229.7,0.03,7.0,1.9e-06,ON,Hi-Fi System,ukdale
2013-04-18 09:29:42,230.9,0.485,112.0,3.11e-05,ON,Fridge,ukdale
2013-04-18 09:29:42,230.0,0.013,3.0,8e-07,ON,Television,ukdale
2013-04-18 09:29:42,228.8,0.022,5.0,1.4e-06,ON,Hi-Fi System,ukdale
2013-04-18 09:29:48,229.9,0.431,99.0,2.75e-05,ON,Fridge,ukdale
2013-04-18 09:29:48,229.3,0.013,3.0,8e-07,ON,Television,ukdale
2013-04-18 09:29:48,228.1,0.026,6.0,1.7e-06,ON,Hi-Fi System,ukdale
2013-04-18 09:29:54,229.3,0.497,114.0,3.17e-05,ON,Fridge,ukdale
2013-04-18 09:29:54,229.9,0.013,3.0,8e-07,ON,Television,ukdale
2013-04-18 09:29:54,230.0,0.026,6.0,1.7e-06,ON,Hi-Fi System,ukdale
2013-04-18 09:30:00,231.7,0.457,106.0,2.94e-05,ON,Fridge,ukdale
2013-04-18 09:30:00,228.4,0.013,3.0,8e-07,ON,Television,ukdale
2013-04-18 09:30:00,231.6,0.03,7.0,1.9e-06,ON,Hi-Fi System,ukdale
2013-04-18 09:30:06,230.2,0.404,93.0,2.58e-05,ON,Fridge,ukdale
2013-04-18 09:30:06,229.1,0.013,3.0,8e-07,ON,Television,ukdale
2013-04-18 09:30:06,230.3,4.938,1137.0,0.0003158,ON,Microwave,ukdale
2013-04-18 09:30:06,231.4,0.03,7.0,1.9e-06,ON,Hi-Fi System,ukdale
2013-04-18 09:30:12,229.1,0.471,108.0,3e-05,ON,Fridge,ukdale
2013-04-18 09:30:12,230.4,0.013,3.0,8e-07,ON,Television,ukdale
2013-04-18 09:30:12,228.6,4.97,1136.0,0.0003156,ON,Microwave,ukdale
2013-04-18 09:30:12,228.5,0.026,6.0,1.7e-06,ON,Hi-Fi System,ukdale
2013-04-18 09:30:18,231.0,0.467,108.0,3e-05,ON,Fridge,ukdale
2013-04-18 09:30:18,230.7,0.013,3.0,8e-07,ON,Television,ukdale
2013-04-18 09:30:18,229.2,5.183,1188.0,0.00033,ON,Microwave,ukdale
2013-04-18 09:30:18,231.5,0.026,6.0,1.7e-06,ON,Hi-Fi System,ukdale
2013-04-18 09:30:24,229.2,0.445,102.0,2.83e-05,ON,Fridge,ukdale
2013-04-18 09:30:24,231.6,0.013,3.0,8e-07,ON,Television,ukdale
2013-04-18 09:30:24,229.9,4.898,1126.0,0.0003128,ON,Microwave,ukdale
2013-04-18 09:30:24,228.4,0.022,5.0,1.4e-06,ON,Hi-Fi System,ukdale
2013-04-18 09:30:30,231.4,0.493,114.0,3.17e-05,ON,Fridge,ukdale
2013-04-18 09:30:30,229.3,0.013,3.0,8e-07,ON,Television,ukdale
2013-04-18 09:30:30,229.5,4.893,1123.0,0.0003119,ON,Microwave,ukdale
2013-04-18 09:30:30,231.5,0.026,6.0,1.7e-06,ON,Hi-Fi System,ukdale
2013-04-18 09:30:36,231.7,0.483,112.0,3.11e-05,ON,Fridge,ukdale
2013-04-18 09:30:36,230.5,0.013,3.0,8e-07,ON,Television,ukdale
2013-04-18 09:30:36,229.8,4.801,1103.0,0.0003064,ON,Microwave,ukdale
2013-04-18 09:30:36,229.1,0.026,6.0,1.7e-06,ON,Hi-Fi System,ukdale
2013-04-18 09:30:42,231.6,0.488,113.0,3.14e-05,ON,Fridge,ukdale
2013-04-18 09:30:42,228.5,0.013,3.0,8e-07,ON,Television,ukdale
2013-04-18 09:30:42,229.6,4.901,1125.0,0.0003125,ON,Microwave,ukdale
2013-04-18 09:30:42,231.4,0.022,5.0,1.4e-06,ON,Hi-Fi System,ukdale
2013-04-18 09:30:48,230.2,0.474,109.0,3.03e-05,ON,Fridge,ukdale
2013-04-18 09:30:48,229.0,0.013,3.0,8e-07,ON,Television,ukdale
2013-04-18 09:30:48,228.9,5.237,1199.0,0.0003331,ON,Microwave,ukdale
2013-04-18 09:30:48,229.8,0.026,6.0,1.7e-06,ON,Hi-Fi System,ukdale
2013-04-18 09:30:54,229.2,0.471,108.0,3e-05,ON,Fridge,ukdale
2013-04-18 09:30:54,229.8,0.013,3.0,8e-07,ON,Television,ukdale
2013-04-18 09:30:54,229.8,5.013,1152.0,0.00032,ON,Microwave,ukdale
2013-04-18 09:30:54,228.9,0.026,6.0,1.7e-06,ON,Hi-Fi System,ukdale
2013-04-18 09:31:00,229.9,0.478,110.0,3.06e-05,ON,Fridge,ukdale
2013-04-18 09:31:00,230.8,0.013,3.0,8e-07,ON,Television,ukdale
2013-04-18 09:31:00,231.9,0.03,7.0,1.9e-06,ON,Hi-Fi System,ukdale
2013-04-18 09:31:06,231.6,0.406,94.0,2.61e-05,ON,Fridge,ukdale
2013-04-18 09:31:06,230.0,0.013,3.0,8e-07,ON,Television,ukdale
2013-04-18 09:31:06,228.5,0.026,6.0,1.7e-06,ON,Hi-Fi System,ukdale
2013-04-18 09:31:12,230.0,0.413,95.0,2.64e-05,ON,Fridge,ukdale
2013-04-18 09:31:12,230.6,0.013,3.0,8e-07,ON,Television,ukdale
2013-04-18 09:31:12,228.4,0.026,6.0,1.7e-06,ON,Hi-Fi System,ukdale
2013-04-18 09:31:18,229.0,0.485,111.0,3.08e-05,ON,Fridge,ukdale
2013-04-18 09:31:18,230.6,0.013,3.0,8e-07,ON,Television,ukdale
2013-04-18 09:31:18,228.3,0.026,6.0,1.7e-06,ON,Hi-Fi System,ukdale
2013-04-18 09:31:24,228.2,0.469,107.0,2.97e-05,ON,Fridge,ukdale
2013-04-18 09:31:24,228.4,0.013,3.0,8e-07,ON,Television,ukdale
2013-04-18 09:31:24,228.1,0.026,6.0,1.7e-06,ON,Hi-Fi System,ukdale
2013-04-18 09:31:30,228.5,0.468,107.0,2.97e-05,ON,Fridge,ukdale
2013-04-18 09:31:30,228.6,0.013,3.0,8e-07,ON,Television,ukdale
2013-04-18 09:31:30,231.5,0.026,6.0,1.7e-06,ON,Hi-Fi System,ukdale
2013-04-18 09:31:36,228.8,0.489,112.0,3.11e-05,ON,Fridge,ukdale
2013-04-18 09:31:36,228.8,0.013,3.0,8e-07,ON,Television,ukdale
2013-04-18 09:31:36,231.5,0.03,7.0,1.9e-06,ON,Hi-Fi System,ukdale
2013-04-18 09:31:42,229.6,0.409,94.0,2.61e-05,ON,Fridge,ukdale
2013-04-18 09:31:42,231.2,0.013,3.0,8e-07,ON,Television,ukdale
2013-04-18 09:31:42,230.9,0.03,7.0,1.9e-06,ON,Hi-Fi System,ukdale
2013-04-18 09:31:48,230.2,0.434,100.0,2.78e-05,ON,Fridge,ukdale
2013-04-18 09:31:48,231.3,0.013,3.0,8e-07,ON,Television,ukdale
2013-04-18 09:31:48,230.5,0.026,6.0,1.7e-06,ON,Hi-Fi System,ukdale
2013-04-18 09:31:54,230.8,0.455,105.0,2.92e-05,ON,Fridge,ukdale
2013-04-18 09:31:54,228.1,0.013,3.0,8e-07,ON,Television,ukdale
2013-04-18 09:31:54,230.1,0.026,6.0,1.7e-06,ON,Hi-Fi System,ukdale
2013-04-18 09:32:00,231.3,0.424,98.0,2.72e-05,ON,Fridge,ukdale
2013-04-18 09:32:00,231.5,0.013,3.0,8e-07,ON,Television,ukdale
2013-04-18 09:32:00,229.6,0.03,7.0,1.9e-06,ON,Hi-Fi System,ukdale
2013-04-18 09:32:06,229.8,0.492,113.0,3.14e-05,ON,Fridge,ukdale
2013-04-18 09:32:06,229.0,0.013,3.0,8e-07,ON,Television,ukdale
2013-04-18 09:32:06,228.4,0.026,6.0,1.7e-06,ON,Hi-Fi System,ukdale
2013-04-18 09:32:12,228.4,0.473,108.0,3e-05,ON,Fridge,ukdale
2013-04-18 09:32:12,230.3,0.013,3.0,8e-07,ON,Television,ukdale
2013-04-18 09:32:12,230.3,0.022,5.0,1.4e-06,ON,Hi-Fi System,ukdale
2013-04-18 09:32:18,229.4,0.436,100.0,2.78e-05,ON,Fridge,ukdale
2013-04-18 09:32:18,230.7,0.013,3.0,8e-07,ON,Television,ukdale
2013-04-18 09:32:18,228.9,0.026,6.0,1.7e-06,ON,Hi-Fi System,ukdale
2013-04-18 09:32:24,230.6,0.442,102.0,2.83e-05,ON,Fridge,ukdale
2013-04-18 09:32:24,228.3,0.013,3.0,8e-07,ON,Television,ukdale
2013-04-18 09:32:24,230.5,0.03,7.0,1.9e-06,ON,Hi-Fi System,ukdale
2013-04-18 09:32:30,228.4,0.438,100.0,2.78e-05,ON,Fridge,ukdale
2013-04-18 09:32:30,230.5,0.013,3.0,8e-07,ON,Television,ukdale
2013-04-18 09:32:30,230.8,0.026,6.0,1.7e-06,ON,Hi-Fi System,ukdale
2013-04-18 09:32:36,228.7,0.507,116.0,3.22e-05,ON,Fridge,ukdale
2013-04-18 09:32:36,231.2,0.013,3.0,8e-07,ON,Television,ukdale
2013-04-18 09:32:36,230.7,0.026,6.0,1.7e-06,ON,Hi-Fi System,ukdale
2013-04-18 09:32:42,231.0,0.489,113.0,3.14e-05,ON,Fridge,ukdale
2013-04-18 09:32:42,229.7,0.013,3.0,8e-07,ON,Television,ukdale
2013-04-18 09:32:42,228.7,0.022,5.0,1.4e-06,ON,Hi-Fi System,ukdale
2013-04-18 09:32:48,230.3,0.439,101.0,2.81e-05,ON,Fridge,ukdale
2013-04-18 09:32:48,228.3,0.013,3.0,8e-07,ON,Television,ukdale
2013-04-18 09:32:48,231.6,0.026,6.0,1.7e-06,ON,Hi-Fi System,ukdale
2013-04-18 09:32:54,230.1,0.469,108.0,3e-05,ON,Fridge,ukdale
2013-04-18 09:32:54,229.4,0.013,3.0,8e-07,ON,Television,ukdale
2013-04-18 09:32:54,230.7,0.022,5.0,1.4e-06,ON,Hi-Fi System,ukdale
2013-04-18 09:33:00,230.2,0.443,102.0,2.83e-05,ON,Fridge,ukdale
2013-04-18 09:33:00,231.4,0.013,3.0,8e-07,ON,Television,ukdale
2013-04-18 09:33:00,230.3,0.026,6.0,1.7e-06,ON,Hi-Fi System,ukdale
2013-04-18 09:33:06,231.4,0.497,115.0,3.19e-05,ON,Fridge,ukdale
2013-04-18 09:33:06,230.1,0.013,3.0,8e-07,ON,Television,ukdale
2013-04-18 09:33:06,228.5,0.026,6.0,1.7e-06,ON,Hi-Fi System,ukdale
2013-04-18 09:33:12,229.3,0.397,91.0,2.53e-05,ON,Fridge,ukdale
2013-04-18 09:33:12,230.0,0.013,3.0,8e-07,ON,Television,ukdale
2013-04-18 09:33:12,229.8,0.022,5.0,1.4e-06,ON,Hi-Fi System,ukdale
2013-04-18 09:33:18,228.3,0.442,101.0,2.81e-05,ON,Fridge,ukdale
2013-04-18 09:33:18,231.4,0.013,3.0,8e-07,ON,Television,ukdale
2013-04-18 09:33:18,228.6,0.031,7.0,1.9e-06,ON,Hi-Fi System,ukdale
2013-04-18 09:33:24,229.7,0.492,113.0,3.14e-05,ON,Fridge,ukdale
2013-04-18 09:33:24,232.0,0.013,3.0,8e-07,ON,Television,ukdale
2013-04-18 09:33:24,230.0,0.022,5.0,1.4e-06,ON,Hi-Fi System,ukdale
2013-04-18 09:33:30,231.0,0.498,115.0,3.19e-05,ON,Fridge,ukdale
2013-04-18 09:33:30,229.8,0.013,3.0,8e-07,ON,Television,ukdale
2013-04-18 09:33:30,231.9,0.03,7.0,1.9e-06,ON,Hi-Fi System,ukdale
2013-04-18 09:33:36,230.0,0.443,102.0,2.83e-05,ON,Fridge,ukdale
2013-04-18 09:33:36,231.7,0.013,3.0,8e-07,ON,Television,ukdale
2013-04-18 09:33:36,228.9,0.026,6.0,1.7e-06,ON,Hi-Fi System,ukdale
2013-04-18 09:33:42,228.6,0.507,116.0,3.22e-05,ON,Fridge,ukdale
2013-04-18 09:33:42,229.8,0.013,3.0,8e-07,ON,Television,ukdale
2013-04-18 09:33:42,228.9,0.026,6.0,1.7e-06,ON,Hi-Fi System,ukdale
2013-04-18 09:33:48,228.2,0.412,94.0,2.61e-05,ON,Fridge,ukdale
2013-04-18 09:33:48,230.6,0.013,3.0,8e-07,ON,Television,ukdale
2013-04-18 09:33:48,231.9,0.026,6.0,1.7e-06,ON,Hi-Fi System,ukdale
2013-04-18 09:33:54,228.4,0.451,103.0,2.86e-05,ON,Fridge,ukdale
2013-04-18 09:33:54,229.4,0.013,3.0,8e-07,ON,Television,ukdale
2013-04-18 09:33:54,228.9,0.026,6.0,1.7e-06,ON,Hi-Fi System,ukdale
2013-04-18 09:34:00,229.0,0.432,99.0,2.75e-05,ON,Fridge,ukdale
2013-04-18 09:34:00,230.2,0.013,3.0,8e-07,ON,Television,ukdale
2013-04-18 09:34:00,231.8,0.022,5.0,1.4e-06,ON,Hi-Fi System,ukdale
2013-04-18 09:34:06,231.7,0.514,119.0,3.31e-05,ON,Fridge,ukdale
2013-04-18 09:34:06,228.8,0.013,3.0,8e-07,ON,Television,ukdale
2013-04-18 09:34:06,228.4,0.022,5.0,1.4e-06,ON,Hi-Fi System,ukdale
2013-04-18 09:34:12,230.3,0.451,104.0,2.89e-05,ON,Fridge,ukdale
2013-04-18 09:34:12,228.6,0.013,3.0,8e-07,ON,Television,ukdale
2013-04-18 09:34:12,228.9,0.026,6.0,1.7e-06,ON,Hi-Fi System,ukdale
2013-04-18 09:34:18,231.6,0.419,97.0,2.69e-05,ON,Fridge,ukdale
2013-04-18 09:34:18,231.6,0.013,3.0,8e-07,ON,Television,ukdale
2013-04-18 09:34:18,230.8,0.026,6.0,1.7e-06,ON,Hi-Fi System,ukdale
2013-04-18 09:34:24,231.6,0.419,97.0,2.69e-05,ON,Fridge,ukdale
2013-04-18 09:34:24,231.0,0.013,3.0,8e-07,ON,Television,ukdale
2013-04-18 09:34:24,231.9,0.03,7.0,1.9e-06,ON,Hi-Fi System,ukdale
2013-04-18 09:34:30,229.8,0.505,116.0,3.22e-05,ON,Fridge,ukdale
2013-04-18 09:34:30,230.1,0.013,3.0,8e-07,ON,Television,ukdale
2013-04-18 09:34:30,230.2,0.022,5.0,1.4e-06,ON,Hi-Fi System,ukdale
2013-04-18 09:34:36,230.2,0.5,115.0,3.19e-05,ON,Fridge,ukdale
2013-04-18 09:34:36,230.2,0.013,3.0,8e-07,ON,Television,ukdale
2013-04-18 09:34:36,229.3,0.022,5.0,1.4e-06,ON,Hi-Fi System,ukdale
2013-04-18 09:34:42,230.0,0.461,106.0,2.94e-05,ON,Fridge,ukdale
2013-04-18 09:34:42,228.6,0.013,3.0,8e-07,ON,Television,ukdale
2013-04-18 09:34:42,231.4,0.026,6.0,1.7e-06,ON,Hi-Fi System,ukdale
2013-04-18 09:34:48,229.7,0.405,93.0,2.58e-05,ON,Fridge,ukdale
2013-04-18 09:34:48,231.3,0.013,3.0,8e-07,ON,Television,ukdale
2013-04-18 09:34:48,231.1,0.022,5.0,1.4e-06,ON,Hi-Fi System,ukdale
2013-04-18 09:34:54,230.2,0.521,120.0,3.33e-05,ON,Fridge,ukdale
2013-04-18 09:34:54,228.3,0.013,3.0,8e-07,ON,Television,ukdale
2013-04-18 09:34:54,228.2,0.026,6.0,1.7e-06,ON,Hi-Fi System,ukdale
2013-04-18 09:35:00,231.6,0.471,109.0,3.03e-05,ON,Fridge,ukdale
2013-04-18 09:35:00,231.8,0.013,3.0,8e-07,ON,Television,ukdale
2013-04-18 09:35:00,231.0,0.03,7.0,1.9e-06,ON,Hi-Fi System,ukdale
2013-04-18 09:35:06,229.7,0.427,98.0,2.72e-05,ON,Fridge,ukdale
2013-04-18 09:35:06,228.5,0.013,3.0,8e-07,ON,Television,ukdale
2013-04-18 09:35:06,228.9,0.031,7.0,1.9e-06,ON,Hi-Fi System,ukdale
2013-04-18 09:35:12,231.2,0.45,104.0,2.89e-05,ON,Fridge,ukdale
2013-04-18 09:35:12,230.8,0.013,3.0,8e-07,ON,Television,ukdale
2013-04-18 09:35:12,229.3,0.026,6.0,1.7e-06,ON,Hi-Fi System,ukdale
2013-04-18 09:35:18,231.1,0.45,104.0,2.89e-05,ON,Fridge,ukdale
2013-04-18 09:35:18,228.4,0.013,3.0,8e-07,ON,Television,ukdale
2013-04-18 09:35:18,231.0,0.022,5.0,1.4e-06,ON,Hi-Fi System,ukdale
2013-04-18 09:35:24,228.3,0.49,112.0,3.11e-05,ON,Fridge,ukdale
2013-04-18 09:35:24,228.5,0.013,3.0,8e-07,ON,Television,ukdale
2013-04-18 09:35:24,229.4,0.031,7.0,1.9e-06,ON,Hi-Fi System,ukdale
2013-04-18 09:35:30,228.1,0.473,108.0,3e-05,ON,Fridge,ukdale
2013-04-18 09:35:30,230.0,0.013,3.0,8e-07,ON,Television,ukdale
2013-04-18 09:35:30,230.7,0.022,5.0,1.4e-06,ON,Hi-Fi System,ukdale
2013-04-18 09:35:36,230.3,0.46,106.0,2.94e-05,ON,Fridge,ukdale
2013-04-18 09:35:36,228.1,0.013,3.0,8e-07,ON,Television,ukdale
2013-04-18 09:35:36,228.7,0.026,6.0,1.7e-06,ON,Hi-Fi System,ukdale
2013-04-18 09:35:42,231.5,0.488,113.0,3.14e-05,ON,Fridge,ukdale
2013-04-18 09:35:42,231.9,0.013,3.0,8e-07,ON,Television,ukdale
2013-04-18 09:35:42,231.8,0.026,6.0,1.7e-06,ON,Hi-Fi System,ukdale
2013-04-18 09:35:48,230.7,0.468,108.0,3e-05,ON,Fridge,ukdale
2013-04-18 09:35:48,230.7,0.013,3.0,8e-07,ON,Television,ukdale
2013-04-18 09:35:48,230.6,0.022,5.0,1.4e-06,ON,Hi-Fi System,ukdale
2013-04-18 09:35:54,231.9,0.474,110.0,3.06e-05,ON,Fridge,ukdale
2013-04-18 09:35:54,231.4,0.013,3.0,8e-07,ON,Television,ukdale
2013-04-18 09:35:54,228.4,0.026,6.0,1.7e-06,ON,Hi-Fi System,ukdale
2013-04-18 09:36:00,229.0,0.406,93.0,2.58e-05,ON,Fridge,ukdale
2013-04-18 09:36:00,231.3,0.013,3.0,8e-07,ON,Television,ukdale
2013-04-18 09:36:00,228.9,0.022,5.0,1.4e-06,ON,Hi-Fi System,ukdale
2013-04-18 09:36:06,228.6,0.459,105.0,2.92e-05,ON,Fridge,ukdale
2013-04-18 09:36:06,228.6,0.013,3.0,8e-07,ON,Television,ukdale
2013-04-18 09:36:06,228.3,0.026,6.0,1.7e-06,ON,Hi-Fi System,ukdale
2013-04-18 09:36:12,231.5,0.393,91.0,2.53e-05,ON,Fridge,ukdale
2013-04-18 09:36:12,230.0,0.013,3.0,8e-07,ON,Television,ukdale
2013-04-18 09:36:12,228.4,0.026,6.0,1.7e-06,ON,Hi-Fi System,ukdale
2013-04-18 09:36:18,231.9,0.397,92.0,2.56e-05,ON,Fridge,ukdale
2013-04-18 09:36:18,230.2,0.013,3.0,8e-07,ON,Television,ukdale
2013-04-18 09:36:18,228.2,0.022,5.0,1.4e-06,ON,Hi-Fi System,ukdale
2013-04-18 09:36:24,228.4,0.438,100.0,2.78e-05,ON,Fridge,ukdale
2013-04-18 09:36:24,228.5,0.013,3.0,8e-07,ON,Television,ukdale
2013-04-18 09:36:24,228.8,0.026,6.0,1.7e-06,ON,Hi-Fi System,ukdale
2013-04-18 09:36:30,230.5,0.429,99.0,2.75e-05,ON,Fridge,ukdale
2013-04-18 09:36:30,230.6,0.013,3.0,8e-07,ON,Television,ukdale
2013-04-18 09:36:30,229.0,0.031,7.0,1.9e-06,ON,Hi-Fi System,ukdale
2013-04-18 09:36:36,230.5,0.495,114.0,3.17e-05,ON,Fridge,ukdale
2013-04-18 09:36:36,231.1,0.013,3.0,8e-07,ON,Television,ukdale
2013-04-18 09:36:36,231.3,0.03,7.0,1.9e-06,ON,Hi-Fi System,ukdale
2013-04-18 09:36:42,229.2,0.436,100.0,2.78e-05,ON,Fridge,ukdale
2013-04-18 09:36:42,230.0,0.013,3.0,8e-07,ON,Television,ukdale
2013-04-18 09:36:42,231.9,0.026,6.0,1.7e-06,ON,Hi-Fi System,ukdale
2013-04-18 09:36:48,230.4,0.486,112.0,3.11e-05,ON,Fridge,ukdale
2013-04-18 09:36:48,228.7,0.013,3.0,8e-07,ON,Television,ukdale
2013-04-18 09:36:48,228.9,0.022,5.0,1.4e-06,ON,Hi-Fi System,ukdale
2013-04-18 09:36:54,229.1,0.432,99.0,2.75e-05,ON,Fridge,ukdale
2013-04-18 09:36:54,228.6,0.013,3.0,8e-07,ON,Television,ukdale
2013-04-18 09:36:54,229.5,0.026,6.0,1.7e-06,ON,Hi-Fi System,ukdale
2013-04-18 09:37:00,230.6,0.499,115.0,3.19e-05,ON,Fridge,ukdale
2013-04-18 09:37:00,229.6,0.013,3.0,8e-07,ON,Television,ukdale
2013-04-18 09:37:00,231.3,0.03,7.0,1.9e-06,ON,Hi-Fi System,ukdale
2013-04-18 09:37:06,231.8,0.449,104.0,2.89e-05,ON,Fridge,ukdale
2013-04-18 09:37:06,231.5,0.013,3.0,8e-07,ON,Television,ukdale
2013-04-18 09:37:06,230.9,0.026,6.0,1.7e-06,ON,Hi-Fi System,ukdale
2013-04-18 09:37:12,228.2,0.394,90.0,2.5e-05,ON,Fridge,ukdale
2013-04-18 09:37:12,228.5,0.013,3.0,8e-07,ON,Television,ukdale
2013-04-18 09:37:12,229.4,0.022,5.0,1.4e-06,ON,Hi-Fi System,ukdale
2013-04-18 09:37:18,230.0,0.47,108.0,3e-05,ON,Fridge,ukdale
2013-04-18 09:37:18,228.2,0.013,3.0,8e-07,ON,Television,ukdale
2013-04-18 09:37:18,229.9,0.026,6.0,1.7e-06,ON,Hi-Fi System,ukdale
2013-04-18 09:37:24,231.4,0.462,107.0,2.97e-05,ON,Fridge,ukdale
2013-04-18 09:37:24,229.3,0.013,3.0,8e-07,ON,Television,ukdale
2013-04-18 09:37:24,228.9,0.022,5.0,1.4e-06,ON,Hi-Fi System,ukdale
2013-04-18 09:37:30,230.1,0.456,105.0,2.92e-05,ON,Fridge,ukdale
2013-04-18 09:37:30,229.4,0.013,3.0,8e-07,ON,Television,ukdale
2013-04-18 09:37:30,228.6,0.022,5.0,1.4e-06,ON,Hi-Fi System,ukdale
2013-04-18 09:37:36,231.2,0.432,100.0,2.78e-05,ON,Fridge,ukdale
2013-04-18 09:37:36,229.5,0.013,3.0,8e-07,ON,Television,ukdale
2013-04-18 09:37:36,228.2,0.031,7.0,1.9e-06,ON,Hi-Fi System,ukdale
2013-04-18 09:37:42,228.1,0.522,119.0,3.31e-05,ON,Fridge,ukdale
2013-04-18 09:37:42,231.4,0.013,3.0,8e-07,ON,Television,ukdale
2013-04-18 09:37:42,231.2,0.03,7.0,1.9e-06,ON,Hi-Fi System,ukdale
2013-04-18 09:37:48,231.3,0.463,107.0,2.97e-05,ON,Fridge,ukdale
2013-04-18 09:37:48,228.5,0.013,3.0,8e-07,ON,Television,ukdale
2013-04-18 09:37:48,231.8,0.026,6.0,1.7e-06,ON,Hi-Fi System,ukdale
2013-04-18 09:37:54,228.0,0.447,102.0,2.83e-05,ON,Fridge,ukdale
2013-04-18 09:37:54,230.6,0.013,3.0,8e-07,ON,Television,ukdale
2013-04-18 09:37:54,231.8,0.03,7.0,1.9e-06,ON,Hi-Fi System,ukdale
2013-04-18 09:38:00,232.0,0.457,106.0,2.94e-05,ON,Fridge,ukdale
2013-04-18 09:38:00,228.0,0.013,3.0,8e-07,ON,Television,ukdale
2013-04-18 09:38:00,230.8,0.026,6.0,1.7e-06,ON,Hi-Fi System,ukdale
2013-04-18 09:38:06,229.2,0.423,97.0,2.69e-05,ON,Fridge,ukdale
2013-04-18 09:38:06,229.9,0.013,3.0,8e-07,ON,Television,ukdale
2013-04-18 09:38:06,230.8,0.026,6.0,1.7e-06,ON,Hi-Fi System,ukdale
2013-04-18 09:38:12,232.0,0.496,115.0,3.19e-05,ON,Fridge,ukdale
2013-04-18 09:38:12,229.7,0.013,3.0,8e-07,ON,Television,ukdale
2013-04-18 09:38:12,228.1,0.031,7.0,1.9e-06,ON,Hi-Fi System,ukdale
2013-04-18 09:38:18,230.7,0.473,109.0,3.03e-05,ON,Fridge,ukdale
2013-04-18 09:38:18,229.6,0.013,3.0,8e-07,ON,Television,ukdale
2013-04-18 09:38:18,228.0,0.026,6.0,1.7e-06,ON,Hi-Fi System,ukdale
2013-04-18 09:38:24,229.0,0.454,104.0,2.89e-05,ON,Fridge,ukdale
2013-04-18 09:38:24,231.1,0.013,3.0,8e-07,ON,Television,ukdale
2013-04-18 09:38:24,229.3,0.022,5.0,1.4e-06,ON,Hi-Fi System,ukdale
2013-04-18 09:38:30,231.1,0.459,106.0,2.94e-05,ON,Fridge,ukdale
2013-04-18 09:38:30,228.8,0.013,3.0,8e-07,ON,Television,ukdale
2013-04-18 09:38:30,230.1,0.022,5.0,1.4e-06,ON,Hi-Fi System,ukdale
2013-04-18 09:38:36,228.7,0.463,106.0,2.94e-05,ON,Fridge,ukdale
2013-04-18 09:38:36,228.0,0.013,3.0,8e-07,ON,Television,ukdale
2013-04-18 09:38:36,229.0,0.031,7.0,1.9e-06,ON,Hi-Fi System,ukdale
2013-04-18 09:38:42,230.8,0.433,100.0,2.78e-05,ON,Fridge,ukdale
2013-04-18 09:38:42,230.8,0.013,3.0,8e-07,ON,Television,ukdale
2013-04-18 09:38:42,231.7,0.026,6.0,1.7e-06,ON,Hi-Fi System,ukdale
2013-04-18 09:38:48,230.6,0.468,108.0,3e-05,ON,Fridge,ukdale
2013-04-18 09:38:48,228.6,0.013,3.0,8e-07,ON,Television,ukdale
2013-04-18 09:38:48,230.5,0.03,7.0,1.9e-06,ON,Hi-Fi System,ukdale
2013-04-18 09:38:54,230.3,0.417,96.0,2.67e-05,ON,Fridge,ukdale
2013-04-18 09:38:54,230.8,0.013,3.0,8e-07,ON,Television,ukdale
2013-04-18 09:38:54,231.0,0.026,6.0,1.7e-06,ON,Hi-Fi System,ukdale
2013-04-18 09:39:00,230.6,0.516,119.0,3.31e-05,ON,Fridge,ukdale
2013-04-18 09:39:00,230.5,0.013,3.0,8e-07,ON,Television,ukdale
2013-04-18 09:39:00,230.3,0.03,7.0,1.9e-06,ON,Hi-Fi System,ukdale
2013-04-18 09:39:06,229.5,0.497,114.0,3.17e-05,ON,Fridge,ukdale
2013-04-18 09:39:06,230.1,0.013,3.0,8e-07,ON,Television,ukdale
2013-04-18 09:39:06,231.9,0.026,6.0,1.7e-06,ON,Hi-Fi System,ukdale
2013-04-18 09:39:12,230.6,0.434,100.0,2.78e-05,ON,Fridge,ukdale
2013-04-18 09:39:12,230.6,0.013,3.0,8e-07,ON,Television,ukdale
2013-04-18 09:39:12,228.9,0.026,6.0,1.7e-06,ON,Hi-Fi System,ukdale
2013-04-18 09:39:18,230.6,0.421,97.0,2.69e-05,ON,Fridge,ukdale
2013-04-18 09:39:18,230.0,0.013,3.0,8e-07,ON,Television,ukdale
2013-04-18 09:39:18,231.6,0.03,7.0,1.9e-06,ON,Hi-Fi System,ukdale
2013-04-18 09:39:24,228.1,0.491,112.0,3.11e-05,ON,Fridge,ukdale
2013-04-18 09:39:24,229.9,0.013,3.0,8e-07,ON,Television,ukdale
2013-04-18 09:39:24,228.1,0.026,6.0,1.7e-06,ON,Hi-Fi System,ukdale
2013-04-18 09:39:30,228.0,0.43,98.0,2.72e-05,ON,Fridge,ukdale
2013-04-18 09:39:30,228.3,0.013,3.0,8e-07,ON,Television,ukdale
2013-04-18 09:39:30,228.1,0.022,5.0,1.4e-06,ON,Hi-Fi System,ukdale
2013-04-18 09:39:36,230.4,0.508,117.0,3.25e-05,ON,Fridge,ukdale
2013-04-18 09:39:36,228.1,0.013,3.0,8e-07,ON,Television,ukdale
2013-04-18 09:39:36,231.3,0.022,5.0,1.4e-06,ON,Hi-Fi System,ukdale
2013-04-18 09:39:42,231.0,0.515,119.0,3.31e-05,ON,Fridge,ukdale
2013-04-18 09:39:42,229.7,0.013,3.0,8e-07,ON,Television,ukdale
2013-04-18 09:39:42,229.1,0.022,5.0,1.4e-06,ON,Hi-Fi System,ukdale
2013-04-18 09:39:48,231.5,0.449,104.0,2.89e-05,ON,Fridge,ukdale
2013-04-18 09:39:48,228.5,0.013,3.0,8e-07,ON,Television,ukdale
2013-04-18 09:39:48,231.2,0.022,5.0,1.4e-06,ON,Hi-Fi System,ukdale
2013-04-18 09:39:54,229.7,0.505,116.0,3.22e-05,ON,Fridge,ukdale
2013-04-18 09:39:54,230.9,0.013,3.0,8e-07,ON,Television,ukdale
2013-04-18 09:39:54,228.7,0.026,6.0,1.7e-06,ON,Hi-Fi System,ukdale
2013-04-18 09:40:00,229.8,0.017,4.0,1.1e-06,ON,Fridge,ukdale
2013-04-18 09:40:00,228.3,0.013,3.0,8e-07,ON,Television,ukdale
2013-04-18 09:40:00,230.6,0.03,7.0,1.9e-06,ON,Hi-Fi System,ukdale
2013-04-18 09:40:06,228.4,0.022,5.0,1.4e-06,ON,Fridge,ukdale
2013-04-18 09:40:06,231.1,0.013,3.0,8e-07,ON,Television,ukdale
2013-04-18 09:40:06,229.2,0.031,7.0,1.9e-06,ON,Hi-Fi System,ukdale
2013-04-18 09:40:12,228.7,0.017,4.0,1.1e-06,ON,Fridge,ukdale
2013-04-18 09:40:12,229.8,0.013,3.0,8e-07,ON,Television,ukdale
2013-04-18 09:40:12,230.6,0.022,5.0,1.4e-06,ON,Hi-Fi System,ukdale
2013-04-18 09:40:18,229.7,0.022,5.0,1.4e-06,ON,Fridge,ukdale
2013-04-18 09:40:18,230.6,0.013,3.0,8e-07,ON,Television,ukdale
2013-04-18 09:40:18,228.2,0.026,6.0,1.7e-06,ON,Hi-Fi System,ukdale
2013-04-18 09:40:24,230.4,0.017,4.0,1.1e-06,ON,Fridge,ukdale
2013-04-18 09:40:24,231.7,0.013,3.0,8e-07,ON,Television,ukdale
2013-04-18 09:40:24,231.3,0.026,6.0,1.7e-06,ON,Hi-Fi System,ukdale
2013-04-18 09:40:30,229.3,0.022,5.0,1.4e-06,ON,Fridge,ukdale
2013-04-18 09:40:30,230.7,0.013,3.0,8e-07,ON,Television,ukdale
2013-04-18 09:40:30,230.7,0.022,5.0,1.4e-06,ON,Hi-Fi System,ukdale
2013-04-18 09:40:36,231.2,0.017,4.0,1.1e-06,ON,Fridge,ukdale
2013-04-18 09:40:36,231.6,0.013,3.0,8e-07,ON,Television,ukdale
2013-04-18 09:40:36,230.8,0.026,6.0,1.7e-06,ON,Hi-Fi System,ukdale
2013-04-18 09:40:42,231.1,0.022,5.0,1.4e-06,ON,Fridge,ukdale
2013-04-18 09:40:42,230.8,0.013,3.0,8e-07,ON,Television,ukdale
2013-04-18 09:40:42,230.7,0.03,7.0,1.9e-06,ON,Hi-Fi System,ukdale
2013-04-18 09:40:48,230.4,0.013,3.0,8e-07,ON,Fridge,ukdale
2013-04-18 09:40:48,230.5,0.013,3.0,8e-07,ON,Television,ukdale
2013-04-18 09:40:48,229.4,0.022,5.0,1.4e-06,ON,Hi-Fi System,ukdale
2013-04-18 09:40:54,228.0,0.022,5.0,1.4e-06,ON,Fridge,ukdale
2013-04-18 09:40:54,230.1,0.013,3.0,8e-07,ON,Television,ukdale
2013-04-18 09:40:54,229.0,0.026,6.0,1.7e-06,ON,Hi-Fi System,ukdale
2013-04-18 09:41:00,229.1,0.017,4.0,1.1e-06,ON,Fridge,ukdale
2013-04-18 09:41:00,228.3,0.013,3.0,8e-07,ON,Television,ukdale
2013-04-18 09:41:00,228.6,0.031,7.0,1.9e-06,ON,Hi-Fi System,ukdale
2013-04-18 09:41:06,228.8,0.013,3.0,8e-07,ON,Fridge,ukdale
2013-04-18 09:41:06,228.4,0.013,3.0,8e-07,ON,Television,ukdale
2013-04-18 09:41:06,230.0,0.022,5.0,1.4e-06,ON,Hi-Fi System,ukdale
2013-04-18 09:41:12,229.0,0.022,5.0,1.4e-06,ON,Fridge,ukdale
2013-04-18 09:41:12,228.4,0.013,3.0,8e-07,ON,Television,ukdale
2013-04-18 09:41:12,230.4,0.026,6.0,1.7e-06,ON,Hi-Fi System,ukdale
2013-04-18 09:41:18,230.3,0.017,4.0,1.1e-06,ON,Fridge,ukdale
2013-04-18 09:41:18,231.1,0.013,3.0,8e-07,ON,Television,ukdale
2013-04-18 09:41:18,231.9,0.026,6.0,1.7e-06,ON,Hi-Fi System,ukdale
2013-04-18 09:41:24,228.4,0.018,4.0,1.1e-06,ON,Fridge,ukdale
2013-04-18 09:41:24,229.4,0.013,3.0,8e-07,ON,Television,ukdale
2013-04-18 09:41:24,230.1,0.022,5.0,1.4e-06,ON,Hi-Fi System,ukdale
2013-04-18 09:41:30,230.0,0.013,3.0,8e-07,ON,Fridge,ukdale
2013-04-18 09:41:30,229.6,0.013,3.0,8e-07,ON,Television,ukdale
2013-04-18 09:41:30,230.8,0.026,6.0,1.7e-06,ON,Hi-Fi System,ukdale
2013-04-18 09:41:36,230.2,0.013,3.0,8e-07,ON,Fridge,ukdale
2013-04-18 09:41:36,229.3,0.013,3.0,8e-07,ON,Television,ukdale
2013-04-18 09:41:36,230.8,0.026,6.0,1.7e-06,ON,Hi-Fi System,ukdale
2013-04-18 09:41:42,231.1,0.022,5.0,1.4e-06,ON,Fridge,ukdale
2013-04-18 09:41:42,231.7,0.013,3.0,8e-07,ON,Television,ukdale
2013-04-18 09:41:42,228.3,0.022,5.0,1.4e-06,ON,Hi-Fi System,ukdale
2013-04-18 09:41:48,231.2,0.017,4.0,1.1e-06,ON,Fridge,ukdale
2013-04-18 09:41:48,228.4,0.013,3.0,8e-07,ON,Television,ukdale
2013-04-18 09:41:48,230.5,0.03,7.0,1.9e-06,ON,Hi-Fi System,ukdale
2013-04-18 09:41:54,228.9,0.022,5.0,1.4e-06,ON,Fridge,ukdale
2013-04-18 09:41:54,228.8,0.013,3.0,8e-07,ON,Television,ukdale
2013-04-18 09:41:54,231.1,0.026,6.0,1.7e-06,ON,Hi-Fi System,ukdale
2013-04-18 09:42:00,231.5,0.013,3.0,8e-07,ON,Fridge,ukdale
2013-04-18 09:42:00,229.9,0.013,3.0,8e-07,ON,Television,ukdale
2013-04-18 09:42:00,228.5,0.031,7.0,1.9e-06,ON,Hi-Fi System,ukdale
2013-04-18 09:42:06,231.7,0.017,4.0,1.1e-06,ON,Fridge,ukdale
2013-04-18 09:42:06,231.6,0.013,3.0,8e-07,ON,Television,ukdale
2013-04-18 09:42:06,231.1,0.03,7.0,1.9e-06,ON,Hi-Fi System,ukdale
2013-04-18 09:42:12,231.6,0.017,4.0,1.1e-06,ON,Fridge,ukdale
2013-04-18 09:42:12,230.1,0.013,3.0,8e-07,ON,Television,ukdale
2013-04-18 09:42:12,228.3,0.026,6.0,1.7e-06,ON,Hi-Fi System,ukdale
2013-04-18 09:42:18,230.0,0.017,4.0,1.1e-06,ON,Fridge,ukdale
2013-04-18 09:42:18,228.6,0.013,3.0,8e-07,ON,Television,ukdale
2013-04-18 09:42:18,231.1,0.026,6.0,1.7e-06,ON,Hi-Fi System,ukdale
2013-04-18 09:42:24,230.1,0.017,4.0,1.1e-06,ON,Fridge,ukdale
2013-04-18 09:42:24,228.7,0.013,3.0,8e-07,ON,Television,ukdale
2013-04-18 09:42:24,230.0,0.03,7.0,1.9e-06,ON,Hi-Fi System,ukdale
2013-04-18 09:42:30,231.4,0.017,4.0,1.1e-06,ON,Fridge,ukdale
2013-04-18 09:42:30,231.7,0.013,3.0,8e-07,ON,Television,ukdale
2013-04-18 09:42:30,231.6,0.026,6.0,1.7e-06,ON,Hi-Fi System,ukdale
2013-04-18 09:42:36,230.5,0.017,4.0,1.1e-06,ON,Fridge,ukdale
2013-04-18 09:42:36,229.6,0.013,3.0,8e-07,ON,Television,ukdale
2013-04-18 09:42:36,228.6,0.026,6.0,1.7e-06,ON,Hi-Fi System,ukdale
2013-04-18 09:42:42,231.2,0.022,5.0,1.4e-06,ON,Fridge,ukdale
2013-04-18 09:42:42,229.6,0.013,3.0,8e-07,ON,Television,ukdale
2013-04-18 09:42:42,231.9,0.022,5.0,1.4e-06,ON,Hi-Fi System,ukdale
2013-04-18 09:42:48,228.6,0.017,4.0,1.1e-06,ON,Fridge,ukdale
2013-04-18 09:42:48,231.1,0.013,3.0,8e-07,ON,Television,ukdale
2013-04-18 09:42:48,231.1,0.03,7.0,1.9e-06,ON,Hi-Fi System,ukdale
2013-04-18 09:42:54,230.0,0.022,5.0,1.4e-06,ON,Fridge,ukdale
2013-04-18 09:42:54,229.9,0.013,3.0,8e-07,ON,Television,ukdale
2013-04-18 09:42:54,231.7,0.03,7.0,1.9e-06,ON,Hi-Fi System,ukdale
2013-04-18 09:43:00,228.1,0.018,4.0,1.1e-06,ON,Fridge,ukdale
2013-04-18 09:43:00,228.0,0.013,3.0,8e-07,ON,Television,ukdale
2013-04-18 09:43:00,228.5,0.026,6.0,1.7e-06,ON,Hi-Fi System,ukdale
2013-04-18 09:43:06,228.6,0.013,3.0,8e-07,ON,Fridge,ukdale
2013-04-18 09:43:06,231.3,0.013,3.0,8e-07,ON,Television,ukdale
2013-04-18 09:43:06,228.1,0.022,5.0,1.4e-06,ON,Hi-Fi System,ukdale
2013-04-18 09:43:12,231.5,0.017,4.0,1.1e-06,ON,Fridge,ukdale
2013-04-18 09:43:12,231.7,0.013,3.0,8e-07,ON,Television,ukdale
2013-04-18 09:43:12,229.5,0.031,7.0,1.9e-06,ON,Hi-Fi System,ukdale
2013-04-18 09:43:18,230.9,0.022,5.0,1.4e-06,ON,Fridge,ukdale
2013-04-18 09:43:18,228.4,0.013,3.0,8e-07,ON,Television,ukdale
2013-04-18 09:43:18,229.5,0.022,5.0,1.4e-06,ON,Hi-Fi System,ukdale
2013-04-18 09:43:24,230.3,0.022,5.0,1.4e-06,ON,Fridge,ukdale
2013-04-18 09:43:24,230.6,0.013,3.0,8e-07,ON,Television,ukdale
2013-04-18 09:43:24,229.2,0.031,7.0,1.9e-06,ON,Hi-Fi System,ukdale
2013-04-18 09:43:30,229.3,0.022,5.0,1.4e-06,ON,Fridge,ukdale
2013-04-18 09:43:30,229.2,0.013,3.0,8e-07,ON,Television,ukdale
2013-04-18 09:43:30,231.9,0.026,6.0,1.7e-06,ON,Hi-Fi System,ukdale
2013-04-18 09:43:36,230.1,0.022,5.0,1.4e-06,ON,Fridge,ukdale
2013-04-18 09:43:36,231.2,0.013,3.0,8e-07,ON,Television,ukdale
2013-04-18 09:43:36,228.4,0.022,5.0,1.4e-06,ON,Hi-Fi System,ukdale
2013-04-18 09:43:42,229.7,0.017,4.0,1.1e-06,ON,Fridge,ukdale
2013-04-18 09:43:42,229.6,0.013,3.0,8e-07,ON,Television,ukdale
2013-04-18 09:43:42,231.0,0.022,5.0,1.4e-06,ON,Hi-Fi System,ukdale
2013-04-18 09:43:48,231.0,0.017,4.0,1.1e-06,ON,Fridge,ukdale
2013-04-18 09:43:48,231.3,0.013,3.0,8e-07,ON,Television,ukdale
2013-04-18 09:43:48,228.0,0.026,6.0,1.7e-06,ON,Hi-Fi System,ukdale
2013-04-18 09:43:54,232.0,0.017,4.0,1.1e-06,ON,Fridge,ukdale
2013-04-18 09:43:54,229.9,0.013,3.0,8e-07,ON,Television,ukdale
2013-04-18 09:43:54,228.0,0.026,6.0,1.7e-06,ON,Hi-Fi System,ukdale
2013-04-18 09:44:00,231.0,0.013,3.0,8e-07,ON,Fridge,ukdale
2013-04-18 09:44:00,231.2,0.013,3.0,8e-07,ON,Television,ukdale
2013-04-18 09:44:00,229.2,0.026,6.0,1.7e-06,ON,Hi-Fi System,ukdale
2013-04-18 09:44:06,230.3,0.017,4.0,1.1e-06,ON,Fridge,ukdale
2013-04-18 09:44:06,228.7,0.013,3.0,8e-07,ON,Television,ukdale
2013-04-18 09:44:06,228.9,0.026,6.0,1.7e-06,ON,Hi-Fi System,ukdale
2013-04-18 09:44:12,231.1,0.022,5.0,1.4e-06,ON,Fridge,ukdale
2013-04-18 09:44:12,230.6,0.013,3.0,8e-07,ON,Television,ukdale
2013-04-18 09:44:12,228.1,0.026,6.0,1.7e-06,ON,Hi-Fi System,ukdale
2013-04-18 09:44:18,228.6,0.017,4.0,1.1e-06,ON,Fridge,ukdale
2013-04-18 09:44:18,229.6,0.013,3.0,8e-07,ON,Television,ukdale
2013-04-18 09:44:18,231.1,0.026,6.0,1.7e-06,ON,Hi-Fi System,ukdale
2013-04-18 09:44:24,230.8,0.022,5.0,1.4e-06,ON,Fridge,ukdale
2013-04-18 09:44:24,228.9,0.013,3.0,8e-07,ON,Television,ukdale
2013-04-18 09:44:24,229.9,0.026,6.0,1.7e-06,ON,Hi-Fi System,ukdale
2013-04-18 09:44:30,230.9,0.013,3.0,8e-07,ON,Fridge,ukdale
2013-04-18 09:44:30,231.2,0.013,3.0,8e-07,ON,Television,ukdale
2013-04-18 09:44:30,228.8,0.026,6.0,1.7e-06,ON,Hi-Fi System,ukdale
2013-04-18 09:44:36,228.2,0.018,4.0,1.1e-06,ON,Fridge,ukdale
2013-04-18 09:44:36,228.3,0.013,3.0,8e-07,ON,Television,ukdale
2013-04-18 09:44:36,230.3,0.022,5.0,1.4e-06,ON,Hi-Fi System,ukdale
2013-04-18 09:44:42,232.0,0.013,3.0,8e-07,ON,Fridge,ukdale
2013-04-18 09:44:42,231.0,0.013,3.0,8e-07,ON,Television,ukdale
2013-04-18 09:44:42,230.9,0.022,5.0,1.4e-06,ON,Hi-Fi System,ukdale
2013-04-18 09:44:48,231.9,0.017,4.0,1.1e-06,ON,Fridge,ukdale
2013-04-18 09:44:48,232.0,0.013,3.0,8e-07,ON,Television,ukdale
2013-04-18 09:44:48,228.2,0.026,6.0,1.7e-06,ON,Hi-Fi System,ukdale
2013-04-18 09:44:54,230.2,0.017,4.0,1.1e-06,ON,Fridge,ukdale
2013-04-18 09:44:54,230.0,0.013,3.0,8e-07,ON,Television,ukdale
2013-04-18 09:44:54,230.5,0.022,5.0,1.4e-06,ON,Hi-Fi System,ukdale
2013-04-18 09:45:00,228.5,0.018,4.0,1.1e-06,ON,Fridge,ukdale
2013-04-18 09:45:00,231.1,0.013,3.0,8e-07,ON,Television,ukdale
2013-04-18 09:45:00,229.1,0.031,7.0,1.9e-06,ON,Hi-Fi System,ukdale
2013-04-18 09:45:06,229.7,0.013,3.0,8e-07,ON,Fridge,ukdale
2013-04-18 09:45:06,229.9,0.013,3.0,8e-07,ON,Television,ukdale
2013-04-18 09:45:06,228.2,0.031,7.0,1.9e-06,ON,Hi-Fi System,ukdale
2013-04-18 09:45:12,230.6,0.013,3.0,8e-07,ON,Fridge,ukdale
2013-04-18 09:45:12,229.7,0.013,3.0,8e-07,ON,Television,ukdale
2013-04-18 09:45:12,228.3,0.022,5.0,1.4e-06,ON,Hi-Fi System,ukdale
2013-04-18 09:45:18,229.3,0.013,3.0,8e-07,ON,Fridge,ukdale
2013-04-18 09:45:18,230.5,0.013,3.0,8e-07,ON,Television,ukdale
2013-04-18 09:45:18,229.6,0.026,6.0,1.7e-06,ON,Hi-Fi System,ukdale
2013-04-18 09:45:24,231.8,0.017,4.0,1.1e-06,ON,Fridge,ukdale
2013-04-18 09:45:24,230.5,0.013,3.0,8e-07,ON,Television,ukdale
2013-04-18 09:45:24,228.7,0.026,6.0,1.7e-06,ON,Hi-Fi System,ukdale
2013-04-18 09:45:30,229.3,0.017,4.0,1.1e-06,ON,Fridge,ukdale
2013-04-18 09:45:30,230.9,0.013,3.0,8e-07,ON,Television,ukdale
2013-04-18 09:45:30,229.4,0.026,6.0,1.7e-06,ON,Hi-Fi System,ukdale
2013-04-18 09:45:36,229.6,0.017,4.0,1.1e-06,ON,Fridge,ukdale
2013-04-18 09:45:36,231.9,0.013,3.0,8e-07,ON,Television,ukdale
2013-04-18 09:45:36,230.4,0.026,6.0,1.7e-06,ON,Hi-Fi System,ukdale
2013-04-18 09:45:42,231.8,0.022,5.0,1.4e-06,ON,Fridge,ukdale
2013-04-18 09:45:42,229.6,0.013,3.0,8e-07,ON,Television,ukdale
2013-04-18 09:45:42,228.9,0.031,7.0,1.9e-06,ON,Hi-Fi System,ukdale
2013-04-18 09:45:48,231.9,0.017,4.0,1.1e-06,ON,Fridge,ukdale
2013-04-18 09:45:48,229.0,0.013,3.0,8e-07,ON,Television,ukdale
2013-04-18 09:45:48,229.4,0.022,5.0,1.4e-06,ON,Hi-Fi System,ukdale
2013-04-18 09:45:54,229.7,0.017,4.0,1.1e-06,ON,Fridge,ukdale
2013-04-18 09:45:54,229.6,0.013,3.0,8e-07,ON,Television,ukdale
2013-04-18 09:45:54,229.8,0.026,6.0,1.7e-06,ON,Hi-Fi System,ukdale
2013-04-18 09:46:00,228.7,0.017,4.0,1.1e-06,ON,Fridge,ukdale
2013-04-18 09:46:00,228.1,0.013,3.0,8e-07,ON,Television,ukdale
2013-04-18 09:46:00,228.5,0.026,6.0,1.7e-06,ON,Hi-Fi System,ukdale
2013-04-18 09:46:06,230.3,0.022,5.0,1.4e-06,ON,Fridge,ukdale
2013-04-18 09:46:06,228.3,0.013,3.0,8e-07,ON,Television,ukdale
2013-04-18 09:46:06,231.3,0.026,6.0,1.7e-06,ON,Hi-Fi System,ukdale
2013-04-18 09:46:12,231.8,0.013,3.0,8e-07,ON,Fridge,ukdale
2013-04-18 09:46:12,231.5,0.013,3.0,8e-07,ON,Television,ukdale
2013-04-18 09:46:12,230.4,0.022,5.0,1.4e-06,ON,Hi-Fi System,ukdale
2013-04-18 09:46:18,229.5,0.013,3.0,8e-07,ON,Fridge,ukdale
2013-04-18 09:46:18,231.9,0.013,3.0,8e-07,ON,Television,ukdale
2013-04-18 09:46:18,228.5,0.026,6.0,1.7e-06,ON,Hi-Fi System,ukdale
2013-04-18 09:46:24,228.7,0.017,4.0,1.1e-06,ON,Fridge,ukdale
2013-04-18 09:46:24,230.7,0.013,3.0,8e-07,ON,Television,ukdale
2013-04-18 09:46:24,229.2,0.026,6.0,1.7e-06,ON,Hi-Fi System,ukdale
2013-04-18 09:46:30,231.2,0.017,4.0,1.1e-06,ON,Fridge,ukdale
2013-04-18 09:46:30,229.5,0.013,3.0,8e-07,ON,Television,ukdale
2013-04-18 09:46:30,229.2,0.022,5.0,1.4e-06,ON,Hi-Fi System,ukdale
2013-04-18 09:46:36,231.5,0.013,3.0,8e-07,ON,Fridge,ukdale
2013-04-18 09:46:36,228.5,0.013,3.0,8e-07,ON,Television,ukdale
2013-04-18 09:46:36,229.3,0.031,7.0,1.9e-06,ON,Hi-Fi System,ukdale
2013-04-18 09:46:42,231.5,0.017,4.0,1.1e-06,ON,Fridge,ukdale
2013-04-18 09:46:42,229.3,0.013,3.0,8e-07,ON,Television,ukdale
2013-04-18 09:46:42,230.5,0.03,7.0,1.9e-06,ON,Hi-Fi System,ukdale
2013-04-18 09:46:48,230.4,0.022,5.0,1.4e-06,ON,Fridge,ukdale
2013-04-18 09:46:48,230.7,0.013,3.0,8e-07,ON,Television,ukdale
2013-04-18 09:46:48,229.7,0.026,6.0,1.7e-06,ON,Hi-Fi System,ukdale
2013-04-18 09:46:54,228.0,0.018,4.0,1.1e-06,ON,Fridge,ukdale
2013-04-18 09:46:54,231.3,0.013,3.0,8e-07,ON,Television,ukdale
2013-04-18 09:46:54,230.8,0.026,6.0,1.7e-06,ON,Hi-Fi System,ukdale
2013-04-18 09:47:00,230.6,0.022,5.0,1.4e-06,ON,Fridge,ukdale
2013-04-18 09:47:00,229.6,0.013,3.0,8e-07,ON,Television,ukdale
2013-04-18 09:47:00,230.9,0.026,6.0,1.7e-06,ON,Hi-Fi System,ukdale
2013-04-18 09:47:06,228.7,0.022,5.0,1.4e-06,ON,Fridge,ukdale
2013-04-18 09:47:06,230.7,0.013,3.0,8e-07,ON,Television,ukdale
2013-04-18 09:47:06,230.2,0.03,7.0,1.9e-06,ON,Hi-Fi System,ukdale
2013-04-18 09:47:12,231.5,0.013,3.0,8e-07,ON,Fridge,ukdale
2013-04-18 09:47:12,231.0,0.013,3.0,8e-07,ON,Television,ukdale
2013-04-18 09:47:12,230.4,0.026,6.0,1.7e-06,ON,Hi-Fi System,ukdale
2013-04-18 09:47:18,230.9,0.017,4.0,1.1e-06,ON,Fridge,ukdale
2013-04-18 09:47:18,228.2,0.013,3.0,8e-07,ON,Television,ukdale
2013-04-18 09:47:18,230.9,0.022,5.0,1.4e-06,ON,Hi-Fi System,ukdale
2013-04-18 09:47:24,228.2,0.013,3.0,8e-07,ON,Fridge,ukdale
2013-04-18 09:47:24,231.0,0.013,3.0,8e-07,ON,Television,ukdale
2013-04-18 09:47:24,229.9,0.026,6.0,1.7e-06,ON,Hi-Fi System,ukdale
2013-04-18 09:47:30,229.6,0.017,4.0,1.1e-06,ON,Fridge,ukdale
2013-04-18 09:47:30,230.5,0.013,3.0,8e-07,ON,Television,ukdale
2013-04-18 09:47:30,230.7,0.03,7.0,1.9e-06,ON,Hi-Fi System,ukdale
2013-04-18 09:47:36,229.7,0.017,4.0,1.1e-06,ON,Fridge,ukdale
2013-04-18 09:47:36,230.1,0.013,3.0,8e-07,ON,Television,ukdale
2013-04-18 09:47:36,229.4,0.031,7.0,1.9e-06,ON,Hi-Fi System,ukdale
2013-04-18 09:47:42,229.0,0.017,4.0,1.1e-06,ON,Fridge,ukdale
2013-04-18 09:47:42,229.0,0.013,3.0,8e-07,ON,Television,ukdale
2013-04-18 09:47:42,229.9,0.026,6.0,1.7e-06,ON,Hi-Fi System,ukdale
2013-04-18 09:47:48,228.5,0.013,3.0,8e-07,ON,Fridge,ukdale
2013-04-18 09:47:48,230.8,0.013,3.0,8e-07,ON,Television,ukdale
2013-04-18 09:47:48,228.4,0.026,6.0,1.7e-06,ON,Hi-Fi System,ukdale
2013-04-18 09:47:54,229.3,0.013,3.0,8e-07,ON,Fridge,ukdale
2013-04-18 09:47:54,230.3,0.013,3.0,8e-07,ON,Television,ukdale
2013-04-18 09:47:54,229.9,0.026,6.0,1.7e-06,ON,Hi-Fi System,ukdale
2013-04-18 09:48:00,231.0,0.013,3.0,8e-07,ON,Fridge,ukdale
2013-04-18 09:48:00,228.1,0.013,3.0,8e-07,ON,Television,ukdale
2013-04-18 09:48:00,230.7,0.022,5.0,1.4e-06,ON,Hi-Fi System,ukdale
2013-04-18 09:48:06,228.9,0.013,3.0,8e-07,ON,Fridge,ukdale
2013-04-18 09:48:06,231.6,0.013,3.0,8e-07,ON,Television,ukdale
2013-04-18 09:48:06,229.0,0.022,5.0,1.4e-06,ON,Hi-Fi System,ukdale
2013-04-18 09:48:12,228.3,0.013,3.0,8e-07,ON,Fridge,ukdale
2013-04-18 09:48:12,231.4,0.013,3.0,8e-07,ON,Television,ukdale
2013-04-18 09:48:12,229.0,0.026,6.0,1.7e-06,ON,Hi-Fi System,ukdale
2013-04-18 09:48:18,231.3,0.017,4.0,1.1e-06,ON,Fridge,ukdale
2013-04-18 09:48:18,231.2,0.013,3.0,8e-07,ON,Television,ukdale
2013-04-18 09:48:18,228.5,0.031,7.0,1.9e-06,ON,Hi-Fi System,ukdale
2013-04-18 09:48:24,229.8,0.017,4.0,1.1e-06,ON,Fridge,ukdale
2013-04-18 09:48:24,228.7,0.013,3.0,8e-07,ON,Television,ukdale
2013-04-18 09:48:24,230.0,0.03,7.0,1.9e-06,ON,Hi-Fi System,ukdale
2013-04-18 09:48:30,229.8,0.013,3.0,8e-07,ON,Fridge,ukdale
2013-04-18 09:48:30,229.3,0.013,3.0,8e-07,ON,Television,ukdale
2013-04-18 09:48:30,228.4,0.022,5.0,1.4e-06,ON,Hi-Fi System,ukdale
2013-04-18 09:48:36,231.5,0.022,5.0,1.4e-06,ON,Fridge,ukdale
2013-04-18 09:48:36,230.9,0.013,3.0,8e-07,ON,Television,ukdale
2013-04-18 09:48:36,229.2,0.031,7.0,1.9e-06,ON,Hi-Fi System,ukdale
2013-04-18 09:48:42,228.1,0.018,4.0,1.1e-06,ON,Fridge,ukdale
2013-04-18 09:48:42,230.6,0.013,3.0,8e-07,ON,Television,ukdale
2013-04-18 09:48:42,230.5,0.022,5.0,1.4e-06,ON,Hi-Fi System,ukdale
2013-04-18 09:48:48,230.3,0.017,4.0,1.1e-06,ON,Fridge,ukdale
2013-04-18 09:48:48,228.4,0.013,3.0,8e-07,ON,Television,ukdale
2013-04-18 09:48:48,230.0,0.026,6.0,1.7e-06,ON,Hi-Fi System,ukdale
2013-04-18 09:48:54,228.1,0.022,5.0,1.4e-06,ON,Fridge,ukdale
2013-04-18 09:48:54,230.7,0.013,3.0,8e-07,ON,Television,ukdale
2013-04-18 09:48:54,228.1,0.026,6.0,1.7e-06,ON,Hi-Fi System,ukdale
2013-04-18 09:49:00,229.1,0.013,3.0,8e-07,ON,Fridge,ukdale
2013-04-18 09:49:00,231.2,0.013,3.0,8e-07,ON,Television,ukdale
2013-04-18 09:49:00,229.1,0.022,5.0,1.4e-06,ON,Hi-Fi System,ukdale
2013-04-18 09:49:06,231.7,0.017,4.0,1.1e-06,ON,Fridge,ukdale
2013-04-18 09:49:06,229.5,0.013,3.0,8e-07,ON,Television,ukdale
2013-04-18 09:49:06,230.4,0.026,6.0,1.7e-06,ON,Hi-Fi System,ukdale
2013-04-18 09:49:12,231.4,0.017,4.0,1.1e-06,ON,Fridge,ukdale
2013-04-18 09:49:12,229.3,0.013,3.0,8e-07,ON,Television,ukdale
2013-04-18 09:49:12,230.8,0.026,6.0,1.7e-06,ON,Hi-Fi System,ukdale
2013-04-18 09:49:18,228.3,0.018,4.0,1.1e-06,ON,Fridge,ukdale
2013-04-18 09:49:18,232.0,0.013,3.0,8e-07,ON,Television,ukdale
2013-04-18 09:49:18,230.8,0.026,6.0,1.7e-06,ON,Hi-Fi System,ukdale
2013-04-18 09:49:24,231.2,0.017,4.0,1.1e-06,ON,Fridge,ukdale
2013-04-18 09:49:24,231.5,0.013,3.0,8e-07,ON,Television,ukdale
2013-04-18 09:49:24,228.6,0.026,6.0,1.7e-06,ON,Hi-Fi System,ukdale
2013-04-18 09:49:30,231.3,0.017,4.0,1.1e-06,ON,Fridge,ukdale
2013-04-18 09:49:30,230.5,0.013,3.0,8e-07,ON,Television,ukdale
2013-04-18 09:49:30,229.3,0.026,6.0,1.7e-06,ON,Hi-Fi System,ukdale
2013-04-18 09:49:36,231.7,0.013,3.0,8e-07,ON,Fridge,ukdale
2013-04-18 09:49:36,230.2,0.013,3.0,8e-07,ON,Television,ukdale
2013-04-18 09:49:36,228.3,0.026,6.0,1.7e-06,ON,Hi-Fi System,ukdale
2013-04-18 09:49:42,230.9,0.013,3.0,8e-07,ON,Fridge,ukdale
2013-04-18 09:49:42,230.4,0.013,3.0,8e-07,ON,Television,ukdale
2013-04-18 09:49:42,231.7,0.03,7.0,1.9e-06,ON,Hi-Fi System,ukdale
2013-04-18 09:49:48,230.6,0.013,3.0,8e-07,ON,Fridge,ukdale
2013-04-18 09:49:48,228.7,0.013,3.0,8e-07,ON,Television,ukdale
2013-04-18 09:49:48,228.8,0.022,5.0,1.4e-06,ON,Hi-Fi System,ukdale
2013-04-18 09:49:54,228.7,0.022,5.0,1.4e-06,ON,Fridge,ukdale
2013-04-18 09:49:54,230.5,0.013,3.0,8e-07,ON,Television,ukdale
2013-04-18 09:49:54,229.0,0.022,5.0,1.4e-06,ON,Hi-Fi System,ukdale
2013-04-18 09:50:00,230.8,0.017,4.0,1.1e-06,ON,Fridge,ukdale
2013-04-18 09:50:00,228.1,0.013,3.0,8e-07,ON,Television,ukdale
2013-04-18 09:50:00,229.4,0.031,7.0,1.9e-06,ON,Hi-Fi System,ukdale
2013-04-18 09:50:06,228.6,0.017,4.0,1.1e-06,ON,Fridge,ukdale
2013-04-18 09:50:06,231.5,0.013,3.0,8e-07,ON,Television,ukdale
2013-04-18 09:50:06,231.2,0.026,6.0,1.7e-06,ON,Hi-Fi System,ukdale
2013-04-18 09:50:12,229.9,0.017,4.0,1.1e-06,ON,Fridge,ukdale
2013-04-18 09:50:12,231.9,0.013,3.0,8e-07,ON,Television,ukdale
2013-04-18 09:50:12,231.3,0.026,6.0,1.7e-06,ON,Hi-Fi System,ukdale
2013-04-18 09:50:18,231.8,0.013,3.0,8e-07,ON,Fridge,ukdale
2013-04-18 09:50:18,228.9,0.013,3.0,8e-07,ON,Television,ukdale
2013-04-18 09:50:18,230.5,0.03,7.0,1.9e-06,ON,Hi-Fi System,ukdale
2013-04-18 09:50:24,232.0,0.022,5.0,1.4e-06,ON,Fridge,ukdale
2013-04-18 09:50:24,228.1,0.013,3.0,8e-07,ON,Television,ukdale
2013-04-18 09:50:24,229.4,0.026,6.0,1.7e-06,ON,Hi-Fi System,ukdale
2013-04-18 09:50:30,231.6,0.022,5.0,1.4e-06,ON,Fridge,ukdale
2013-04-18 09:50:30,229.2,0.013,3.0,8e-07,ON,Television,ukdale
2013-04-18 09:50:30,231.2,0.03,7.0,1.9e-06,ON,Hi-Fi System,ukdale
2013-04-18 09:50:36,231.9,0.017,4.0,1.1e-06,ON,Fridge,ukdale
2013-04-18 09:50:36,229.4,0.013,3.0,8e-07,ON,Television,ukdale
2013-04-18 09:50:36,228.6,0.026,6.0,1.7e-06,ON,Hi-Fi System,ukdale
2013-04-18 09:50:42,231.1,0.017,4.0,1.1e-06,ON,Fridge,ukdale
2013-04-18 09:50:42,229.1,0.013,3.0,8e-07,ON,Television,ukdale
2013-04-18 09:50:42,231.6,0.026,6.0,1.7e-06,ON,Hi-Fi System,ukdale
2013-04-18 09:50:48,230.7,0.013,3.0,8e-07,ON,Fridge,ukdale
2013-04-18 09:50:48,228.8,0.013,3.0,8e-07,ON,Television,ukdale
2013-04-18 09:50:48,230.0,0.022,5.0,1.4e-06,ON,Hi-Fi System,ukdale
2013-04-18 09:50:54,231.0,0.013,3.0,8e-07,ON,Fridge,ukdale
2013-04-18 09:50:54,228.5,0.013,3.0,8e-07,ON,Television,ukdale
2013-04-18 09:50:54,228.4,0.026,6.0,1.7e-06,ON,Hi-Fi System,ukdale
2013-04-18 09:51:00,228.9,0.017,4.0,1.1e-06,ON,Fridge,ukdale
2013-04-18 09:51:00,228.2,0.013,3.0,8e-07,ON,Television,ukdale
2013-04-18 09:51:00,229.5,0.022,5.0,1.4e-06,ON,Hi-Fi System,ukdale
2013-04-18 09:51:06,229.0,0.013,3.0,8e-07,ON,Fridge,ukdale
2013-04-18 09:51:06,228.9,0.013,3.0,8e-07,ON,Television,ukdale
2013-04-18 09:51:06,228.9,0.022,5.0,1.4e-06,ON,Hi-Fi System,ukdale
2013-04-18 09:51:12,230.5,0.017,4.0,1.1e-06,ON,Fridge,ukdale
2013-04-18 09:51:12,231.8,0.013,3.0,8e-07,ON,Television,ukdale
2013-04-18 09:51:12,230.4,0.026,6.0,1.7e-06,ON,Hi-Fi System,ukdale
2013-04-18 09:51:18,229.8,0.022,5.0,1.4e-06,ON,Fridge,ukdale
2013-04-18 09:51:18,230.2,0.013,3.0,8e-07,ON,Television,ukdale
2013-04-18 09:51:18,228.2,0.022,5.0,1.4e-06,ON,Hi-Fi System,ukdale
2013-04-18 09:51:24,229.9,0.013,3.0,8e-07,ON,Fridge,ukdale
2013-04-18 09:51:24,229.6,0.013,3.0,8e-07,ON,Television,ukdale
2013-04-18 09:51:24,231.4,0.026,6.0,1.7e-06,ON,Hi-Fi System,ukdale
2013-04-18 09:51:30,230.4,0.013,3.0,8e-07,ON,Fridge,ukdale
2013-04-18 09:51:30,230.9,0.013,3.0,8e-07,ON,Television,ukdale
2013-04-18 09:51:30,229.7,0.026,6.0,1.7e-06,ON,Hi-Fi System,ukdale
2013-04-18 09:51:36,229.0,0.017,4.0,1.1e-06,ON,Fridge,ukdale
2013-04-18 09:51:36,229.0,0.013,3.0,8e-07,ON,Television,ukdale
2013-04-18 09:51:36,231.3,0.03,7.0,1.9e-06,ON,Hi-Fi System,ukdale
2013-04-18 09:51:42,229.2,0.017,4.0,1.1e-06,ON,Fridge,ukdale
2013-04-18 09:51:42,229.0,0.013,3.0,8e-07,ON,Television,ukdale
2013-04-18 09:51:42,229.5,0.022,5.0,1.4e-06,ON,Hi-Fi System,ukdale
2013-04-18 09:51:48,229.9,0.017,4.0,1.1e-06,ON,Fridge,ukdale
2013-04-18 09:51:48,229.9,0.013,3.0,8e-07,ON,Television,ukdale
2013-04-18 09:51:48,230.5,0.03,7.0,1.9e-06,ON,Hi-Fi System,ukdale
2013-04-18 09:51:54,228.8,0.017,4.0,1.1e-06,ON,Fridge,ukdale
2013-04-18 09:51:54,229.3,0.013,3.0,8e-07,ON,Television,ukdale
2013-04-18 09:51:54,231.4,0.026,6.0,1.7e-06,ON,Hi-Fi System,ukdale
2013-04-18 09:52:00,231.2,0.022,5.0,1.4e-06,ON,Fridge,ukdale
2013-04-18 09:52:00,231.9,0.013,3.0,8e-07,ON,Television,ukdale
2013-04-18 09:52:00,228.9,0.031,7.0,1.9e-06,ON,Hi-Fi System,ukdale
2013-04-18 09:52:06,231.2,0.022,5.0,1.4e-06,ON,Fridge,ukdale
2013-04-18 09:52:06,229.4,0.013,3.0,8e-07,ON,Television,ukdale
2013-04-18 09:52:06,232.0,0.026,6.0,1.7e-06,ON,Hi-Fi System,ukdale
2013-04-18 09:52:12,231.5,0.022,5.0,1.4e-06,ON,Fridge,ukdale
2013-04-18 09:52:12,231.0,0.013,3.0,8e-07,ON,Television,ukdale
2013-04-18 09:52:12,229.4,0.022,5.0,1.4e-06,ON,Hi-Fi System,ukdale
2013-04-18 09:52:18,228.2,0.013,3.0,8e-07,ON,Fridge,ukdale
2013-04-18 09:52:18,228.9,0.013,3.0,8e-07,ON,Television,ukdale
2013-04-18 09:52:18,229.1,0.031,7.0,1.9e-06,ON,Hi-Fi System,ukdale
2013-04-18 09:52:24,230.3,0.013,3.0,8e-07,ON,Fridge,ukdale
2013-04-18 09:52:24,229.8,0.013,3.0,8e-07,ON,Television,ukdale
2013-04-18 09:52:24,231.2,0.026,6.0,1.7e-06,ON,Hi-Fi System,ukdale
2013-04-18 09:52:30,230.9,0.017,4.0,1.1e-06,ON,Fridge,ukdale
2013-04-18 09:52:30,231.6,0.013,3.0,8e-07,ON,Television,ukdale
2013-04-18 09:52:30,231.6,0.03,7.0,1.9e-06,ON,Hi-Fi System,ukdale
2013-04-18 09:52:36,228.0,0.022,5.0,1.4e-06,ON,Fridge,ukdale
2013-04-18 09:52:36,230.2,0.013,3.0,8e-07,ON,Television,ukdale
2013-04-18 09:52:36,231.8,0.022,5.0,1.4e-06,ON,Hi-Fi System,ukdale
2013-04-18 09:52:42,229.7,0.017,4.0,1.1e-06,ON,Fridge,ukdale
2013-04-18 09:52:42,231.4,0.013,3.0,8e-07,ON,Television,ukdale
2013-04-18 09:52:42,230.9,0.026,6.0,1.7e-06,ON,Hi-Fi System,ukdale
2013-04-18 09:52:48,228.2,0.013,3.0,8e-07,ON,Fridge,ukdale
2013-04-18 09:52:48,228.2,0.013,3.0,8e-07,ON,Television,ukdale
2013-04-18 09:52:48,230.7,0.026,6.0,1.7e-06,ON,Hi-Fi System,ukdale
2013-04-18 09:52:54,230.2,0.017,4.0,1.1e-06,ON,Fridge,ukdale
2013-04-18 09:52:54,230.7,0.013,3.0,8e-07,ON,Television,ukdale
2013-04-18 09:52:54,229.1,0.026,6.0,1.7e-06,ON,Hi-Fi System,ukdale
2013-04-18 09:53:00,228.5,0.018,4.0,1.1e-06,ON,Fridge,ukdale
2013-04-18 09:53:00,229.6,0.013,3.0,8e-07,ON,Television,ukdale
2013-04-18 09:53:00,228.6,0.022,5.0,1.4e-06,ON,Hi-Fi System,ukdale
2013-04-18 09:53:06,228.3,0.018,4.0,1.1e-06,ON,Fridge,ukdale
2013-04-18 09:53:06,230.2,0.013,3.0,8e-07,ON,Television,ukdale
2013-04-18 09:53:06,228.5,0.022,5.0,1.4e-06,ON,Hi-Fi System,ukdale
2013-04-18 09:53:12,228.2,0.018,4.0,1.1e-06,ON,Fridge,ukdale
2013-04-18 09:53:12,230.7,0.013,3.0,8e-07,ON,Television,ukdale
2013-04-18 09:53:12,228.5,0.026,6.0,1.7e-06,ON,Hi-Fi System,ukdale
2013-04-18 09:53:18,231.2,0.017,4.0,1.1e-06,ON,Fridge,ukdale
2013-04-18 09:53:18,228.9,0.013,3.0,8e-07,ON,Television,ukdale
2013-04-18 09:53:18,231.5,0.026,6.0,1.7e-06,ON,Hi-Fi System,ukdale
2013-04-18 09:53:24,230.1,0.022,5.0,1.4e-06,ON,Fridge,ukdale
2013-04-18 09:53:24,230.9,0.013,3.0,8e-07,ON,Television,ukdale
2013-04-18 09:53:24,230.8,0.03,7.0,1.9e-06,ON,Hi-Fi System,ukdale
2013-04-18 09:53:30,228.7,0.017,4.0,1.1e-06,ON,Fridge,ukdale
2013-04-18 09:53:30,228.8,0.013,3.0,8e-07,ON,Television,ukdale
2013-04-18 09:53:30,231.2,0.026,6.0,1.7e-06,ON,Hi-Fi System,ukdale
2013-04-18 09:53:36,231.7,0.017,4.0,1.1e-06,ON,Fridge,ukdale
2013-04-18 09:53:36,231.3,0.013,3.0,8e-07,ON,Television,ukdale
2013-04-18 09:53:36,229.0,0.031,7.0,1.9e-06,ON,Hi-Fi System,ukdale
2013-04-18 09:53:42,228.6,0.022,5.0,1.4e-06,ON,Fridge,ukdale
2013-04-18 09:53:42,230.2,0.013,3.0,8e-07,ON,Television,ukdale
2013-04-18 09:53:42,231.6,0.026,6.0,1.7e-06,ON,Hi-Fi System,ukdale
2013-04-18 09:53:48,229.5,0.013,3.0,8e-07,ON,Fridge,ukdale
2013-04-18 09:53:48,231.1,0.013,3.0,8e-07,ON,Television,ukdale
2013-04-18 09:53:48,228.8,0.031,7.0,1.9e-06,ON,Hi-Fi System,ukdale
2013-04-18 09:53:54,229.6,0.017,4.0,1.1e-06,ON,Fridge,ukdale
2013-04-18 09:53:54,231.4,0.013,3.0,8e-07,ON,Television,ukdale
2013-04-18 09:53:54,228.7,0.022,5.0,1.4e-06,ON,Hi-Fi System,ukdale
2013-04-18 09:54:00,230.1,0.022,5.0,1.4e-06,ON,Fridge,ukdale
2013-04-18 09:54:00,230.3,0.013,3.0,8e-07,ON,Television,ukdale
2013-04-18 09:54:00,229.1,0.022,5.0,1.4e-06,ON,Hi-Fi System,ukdale
2013-04-18 09:54:06,228.8,0.017,4.0,1.1e-06,ON,Fridge,ukdale
2013-04-18 09:54:06,231.4,0.013,3.0,8e-07,ON,Television,ukdale
2013-04-18 09:54:06,229.5,0.031,7.0,1.9e-06,ON,Hi-Fi System,ukdale
2013-04-18 09:54:06,228.1,11.063,2523.0,0.0007008,ON,Kettle,ukdale
2013-04-18 09:54:12,230.2,0.017,4.0,1.1e-06,ON,Fridge,ukdale
2013-04-18 09:54:12,231.0,0.013,3.0,8e-07,ON,Television,ukdale
2013-04-18 09:54:12,230.1,0.026,6.0,1.7e-06,ON,Hi-Fi System,ukdale
2013-04-18 09:54:12,228.5,10.838,2476.0,0.0006878,ON,Kettle,ukdale
2013-04-18 09:54:18,228.3,0.018,4.0,1.1e-06,ON,Fridge,ukdale
2013-04-18 09:54:18,228.1,0.013,3.0,8e-07,ON,Television,ukdale
2013-04-18 09:54:18,230.4,0.026,6.0,1.7e-06,ON,Hi-Fi System,ukdale
2013-04-18 09:54:18,231.8,10.789,2501.0,0.0006947,ON,Kettle,ukdale
2013-04-18 09:54:24,231.8,0.022,5.0,1.4e-06,ON,Fridge,ukdale
2013-04-18 09:54:24,229.6,0.013,3.0,8e-07,ON,Television,ukdale
2013-04-18 09:54:24,228.9,0.031,7.0,1.9e-06,ON,Hi-Fi System,ukdale
2013-04-18 09:54:24,230.0,10.806,2485.0,0.0006903,ON,Kettle,ukdale
2013-04-18 09:54:30,228.1,0.013,3.0,8e-07,ON,Fridge,ukdale
2013-04-18 09:54:30,228.2,0.013,3.0,8e-07,ON,Television,ukdale
2013-04-18 09:54:30,230.5,0.026,6.0,1.7e-06,ON,Hi-Fi System,ukdale
2013-04-18 09:54:30,228.9,10.925,2501.0,0.0006947,ON,Kettle,ukdale
2013-04-18 09:54:36,229.3,0.013,3.0,8e-07,ON,Fridge,ukdale
2013-04-18 09:54:36,231.1,0.013,3.0,8e-07,ON,Television,ukdale
2013-04-18 09:54:36,229.1,0.022,5.0,1.4e-06,ON,Hi-Fi System,ukdale
2013-04-18 09:54:36,228.2,11.066,2525.0,0.0007014,ON,Kettle,ukdale
2013-04-18 09:54:42,231.0,0.013,3.0,8e-07,ON,Fridge,ukdale
2013-04-18 09:54:42,228.7,0.013,3.0,8e-07,ON,Television,ukdale
2013-04-18 09:54:42,230.5,0.026,6.0,1.7e-06,ON,Hi-Fi System,ukdale
2013-04-18 09:54:42,229.0,11.062,2533.0,0.0007036,ON,Kettle,ukdale
2013-04-18 09:54:48,229.6,0.022,5.0,1.4e-06,ON,Fridge,ukdale
2013-04-18 09:54:48,231.9,0.013,3.0,8e-07,ON,Television,ukdale
2013-04-18 09:54:48,230.6,0.03,7.0,1.9e-06,ON,Hi-Fi System,ukdale
2013-04-18 09:54:48,229.5,10.891,2500.0,0.0006944,ON,Kettle,ukdale
2013-04-18 09:54:54,229.4,0.017,4.0,1.1e-06,ON,Fridge,ukdale
2013-04-18 09:54:54,231.8,0.013,3.0,8e-07,ON,Television,ukdale
2013-04-18 09:54:54,228.3,0.022,5.0,1.4e-06,ON,Hi-Fi System,ukdale
2013-04-18 09:54:54,228.7,10.805,2471.0,0.0006864,ON,Kettle,ukdale
2013-04-18 09:55:00,229.7,0.013,3.0,8e-07,ON,Fridge,ukdale
2013-04-18 09:55:00,229.7,0.013,3.0,8e-07,ON,Television,ukdale
2013-04-18 09:55:00,231.6,0.026,6.0,1.7e-06,ON,Hi-Fi System,ukdale
2013-04-18 09:55:00,231.9,10.813,2507.0,0.0006964,ON,Kettle,ukdale
2013-04-18 09:55:06,229.4,0.017,4.0,1.1e-06,ON,Fridge,ukdale
2013-04-18 09:55:06,229.7,0.013,3.0,8e-07,ON,Television,ukdale
2013-04-18 09:55:06,229.9,0.022,5.0,1.4e-06,ON,Hi-Fi System,ukdale
2013-04-18 09:55:06,229.9,10.807,2484.0,0.00069,ON,Kettle,ukdale
2013-04-18 09:55:12,230.8,0.013,3.0,8e-07,ON,Fridge,ukdale
2013-04-18 09:55:12,230.1,0.013,3.0,8e-07,ON,Television,ukdale
2013-04-18 09:55:12,228.3,0.022,5.0,1.4e-06,ON,Hi-Fi System,ukdale
2013-04-18 09:55:12,228.8,10.784,2467.0,0.0006853,ON,Kettle,ukdale
2013-04-18 09:55:18,231.7,0.017,4.0,1.1e-06,ON,Fridge,ukdale
2013-04-18 09:55:18,229.3,0.013,3.0,8e-07,ON,Television,ukdale
2013-04-18 09:55:18,228.4,0.026,6.0,1.7e-06,ON,Hi-Fi System,ukdale
2013-04-18 09:55:18,230.6,10.785,2487.0,0.0006908,ON,Kettle,ukdale
2013-04-18 09:55:24,230.6,0.013,3.0,8e-07,ON,Fridge,ukdale
2013-04-18 09:55:24,231.1,0.013,3.0,8e-07,ON,Television,ukdale
2013-04-18 09:55:24,229.8,0.022,5.0,1.4e-06,ON,Hi-Fi System,ukdale
2013-04-18 09:55:24,229.2,10.922,2503.0,0.0006953,ON,Kettle,ukdale
2013-04-18 09:55:30,229.3,0.013,3.0,8e-07,ON,Fridge,ukdale
2013-04-18 09:55:30,229.1,0.013,3.0,8e-07,ON,Television,ukdale
2013-04-18 09:55:30,229.2,0.026,6.0,1.7e-06,ON,Hi-Fi System,ukdale
2013-04-18 09:55:36,231.7,0.017,4.0,1.1e-06,ON,Fridge,ukdale
2013-04-18 09:55:36,228.1,0.013,3.0,8e-07,ON,Television,ukdale
2013-04-18 09:55:36,229.1,0.026,6.0,1.7e-06,ON,Hi-Fi System,ukdale
2013-04-18 09:55:42,231.6,0.022,5.0,1.4e-06,ON,Fridge,ukdale
2013-04-18 09:55:42,228.6,0.013,3.0,8e-07,ON,Television,ukdale
2013-04-18 09:55:42,228.4,0.022,5.0,1.4e-06,ON,Hi-Fi System,ukdale
2013-04-18 09:55:48,231.5,0.013,3.0,8e-07,ON,Fridge,ukdale
2013-04-18 09:55:48,231.8,0.013,3.0,8e-07,ON,Television,ukdale
2013-04-18 09:55:48,231.1,0.022,5.0,1.4e-06,ON,Hi-Fi System,ukdale
2013-04-18 09:55:54,229.0,0.022,5.0,1.4e-06,ON,Fridge,ukdale
2013-04-18 09:55:54,229.8,0.013,3.0,8e-07,ON,Television,ukdale
2013-04-18 09:55:54,229.2,0.026,6.0,1.7e-06,ON,Hi-Fi System,ukdale
2013-04-18 09:56:00,229.7,0.013,3.0,8e-07,ON,Fridge,ukdale
2013-04-18 09:56:00,229.0,0.013,3.0,8e-07,ON,Television,ukdale
2013-04-18 09:56:00,230.2,0.03,7.0,1.9e-06,ON,Hi-Fi System,ukdale
2013-04-18 09:56:06,230.1,0.013,3.0,8e-07,ON,Fridge,ukdale
2013-04-18 09:56:06,229.1,0.013,3.0,8e-07,ON,Television,ukdale
2013-04-18 09:56:06,229.6,0.026,6.0,1.7e-06,ON,Hi-Fi System,ukdale
2013-04-18 09:56:12,232.0,0.017,4.0,1.1e-06,ON,Fridge,ukdale
2013-04-18 09:56:12,230.4,0.013,3.0,8e-07,ON,Television,ukdale
2013-04-18 09:56:12,231.0,0.03,7.0,1.9e-06,ON,Hi-Fi System,ukdale
2013-04-18 09:56:18,230.3,0.017,4.0,1.1e-06,ON,Fridge,ukdale
2013-04-18 09:56:18,231.5,0.013,3.0,8e-07,ON,Television,ukdale
2013-04-18 09:56:18,229.6,0.026,6.0,1.7e-06,ON,Hi-Fi System,ukdale
2013-04-18 09:56:24,228.2,0.013,3.0,8e-07,ON,Fridge,ukdale
2013-04-18 09:56:24,230.1,0.013,3.0,8e-07,ON,Television,ukdale
2013-04-18 09:56:24,230.4,0.026,6.0,1.7e-06,ON,Hi-Fi System,ukdale
2013-04-18 09:56:30,229.2,0.017,4.0,1.1e-06,ON,Fridge,ukdale
2013-04-18 09:56:30,229.3,0.013,3.0,8e-07,ON,Television,ukdale
2013-04-18 09:56:30,230.7,0.026,6.0,1.7e-06,ON,Hi-Fi System,ukdale
2013-04-18 09:56:36,231.6,0.017,4.0,1.1e-06,ON,Fridge,ukdale
2013-04-18 09:56:36,230.1,0.013,3.0,8e-07,ON,Television,ukdale
2013-04-18 09:56:36,230.4,0.026,6.0,1.7e-06,ON,Hi-Fi System,ukdale
2013-04-18 09:56:42,229.9,0.017,4.0,1.1e-06,ON,Fridge,ukdale
2013-04-18 09:56:42,229.9,0.013,3.0,8e-07,ON,Television,ukdale
2013-04-18 09:56:42,231.7,0.026,6.0,1.7e-06,ON,Hi-Fi System,ukdale
2013-04-18 09:56:48,230.6,0.017,4.0,1.1e-06,ON,Fridge,ukdale
2013-04-18 09:56:48,231.2,0.013,3.0,8e-07,ON,Television,ukdale
2013-04-18 09:56:48,228.3,0.031,7.0,1.9e-06,ON,Hi-Fi System,ukdale
2013-04-18 09:56:54,229.8,0.013,3.0,8e-07,ON,Fridge,ukdale
2013-04-18 09:56:54,229.8,0.013,3.0,8e-07,ON,Television,ukdale
2013-04-18 09:56:54,231.1,0.026,6.0,1.7e-06,ON,Hi-Fi System,ukdale
2013-04-18 09:57:00,229.1,0.017,4.0,1.1e-06,ON,Fridge,ukdale
2013-04-18 09:57:00,230.9,0.013,3.0,8e-07,ON,Television,ukdale
2013-04-18 09:57:00,229.2,0.031,7.0,1.9e-06,ON,Hi-Fi System,ukdale
2013-04-18 09:57:06,230.2,0.017,4.0,1.1e-06,ON,Fridge,ukdale
2013-04-18 09:57:06,229.7,0.013,3.0,8e-07,ON,Television,ukdale
2013-04-18 09:57:06,228.6,0.026,6.0,1.7e-06,ON,Hi-Fi System,ukdale
2013-04-18 09:57:12,230.4,0.017,4.0,1.1e-06,ON,Fridge,ukdale
2013-04-18 09:57:12,230.1,0.013,3.0,8e-07,ON,Television,ukdale
2013-04-18 09:57:12,229.0,0.026,6.0,1.7e-06,ON,Hi-Fi System,ukdale
2013-04-18 09:57:18,230.8,0.013,3.0,8e-07,ON,Fridge,ukdale
2013-04-18 09:57:18,230.9,0.013,3.0,8e-07,ON,Television,ukdale
2013-04-18 09:57:18,228.5,0.022,5.0,1.4e-06,ON,Hi-Fi System,ukdale
2013-04-18 09:57:24,228.2,0.018,4.0,1.1e-06,ON,Fridge,ukdale
2013-04-18 09:57:24,228.9,0.013,3.0,8e-07,ON,Television,ukdale
2013-04-18 09:57:24,230.1,0.026,6.0,1.7e-06,ON,Hi-Fi System,ukdale
2013-04-18 09:57:30,229.8,0.017,4.0,1.1e-06,ON,Fridge,ukdale
2013-04-18 09:57:30,231.9,0.013,3.0,8e-07,ON,Television,ukdale
2013-04-18 09:57:30,230.4,0.026,6.0,1.7e-06,ON,Hi-Fi System,ukdale
2013-04-18 09:57:36,230.5,0.013,3.0,8e-07,ON,Fridge,ukdale
2013-04-18 09:57:36,229.8,0.013,3.0,8e-07,ON,Television,ukdale
2013-04-18 09:57:36,231.1,0.03,7.0,1.9e-06,ON,Hi-Fi System,ukdale
2013-04-18 09:57:42,231.7,0.022,5.0,1.4e-06,ON,Fridge,ukdale
2013-04-18 09:57:42,231.6,0.013,3.0,8e-07,ON,Television,ukdale
2013-04-18 09:57:42,229.7,0.03,7.0,1.9e-06,ON,Hi-Fi System,ukdale
2013-04-18 09:57:48,229.0,0.017,4.0,1.1e-06,ON,Fridge,ukdale
2013-04-18 09:57:48,229.1,0.013,3.0,8e-07,ON,Television,ukdale
2013-04-18 09:57:48,230.6,0.026,6.0,1.7e-06,ON,Hi-Fi System,ukdale
2013-04-18 09:57:54,228.2,0.018,4.0,1.1e-06,ON,Fridge,ukdale
2013-04-18 09:57:54,230.6,0.013,3.0,8e-07,ON,Television,ukdale
2013-04-18 09:57:54,230.4,0.022,5.0,1.4e-06,ON,Hi-Fi System,ukdale
2013-04-18 09:58:00,231.6,0.017,4.0,1.1e-06,ON,Fridge,ukdale
2013-04-18 09:58:00,231.1,0.013,3.0,8e-07,ON,Television,ukdale
2013-04-18 09:58:00,231.8,0.03,7.0,1.9e-06,ON,Hi-Fi System,ukdale
2013-04-18 09:58:06,231.0,0.013,3.0,8e-07,ON,Fridge,ukdale
2013-04-18 09:58:06,231.5,0.013,3.0,8e-07,ON,Television,ukdale
2013-04-18 09:58:06,229.6,0.03,7.0,1.9e-06,ON,Hi-Fi System,ukdale
2013-04-18 09:58:12,231.9,0.013,3.0,8e-07,ON,Fridge,ukdale
2013-04-18 09:58:12,228.2,0.013,3.0,8e-07,ON,Television,ukdale
2013-04-18 09:58:12,230.0,0.026,6.0,1.7e-06,ON,Hi-Fi System,ukdale
2013-04-18 09:58:18,230.6,0.017,4.0,1.1e-06,ON,Fridge,ukdale
2013-04-18 09:58:18,230.2,0.013,3.0,8e-07,ON,Television,ukdale
2013-04-18 09:58:18,230.5,0.026,6.0,1.7e-06,ON,Hi-Fi System,ukdale
2013-04-18 09:58:24,229.3,0.017,4.0,1.1e-06,ON,Fridge,ukdale
2013-04-18 09:58:24,229.7,0.013,3.0,8e-07,ON,Television,ukdale
2013-04-18 09:58:24,228.9,0.031,7.0,1.9e-06,ON,Hi-Fi System,ukdale
2013-04-18 09:58:30,231.8,0.017,4.0,1.1e-06,ON,Fridge,ukdale
2013-04-18 09:58:30,231.5,0.013,3.0,8e-07,ON,Television,ukdale
2013-04-18 09:58:30,229.0,0.026,6.0,1.7e-06,ON,Hi-Fi System,ukdale
2013-04-18 09:58:36,229.6,0.017,4.0,1.1e-06,ON,Fridge,ukdale
2013-04-18 09:58:36,232.0,0.013,3.0,8e-07,ON,Television,ukdale
2013-04-18 09:58:36,228.5,0.026,6.0,1.7e-06,ON,Hi-Fi System,ukdale
2013-04-18 09:58:42,229.3,0.017,4.0,1.1e-06,ON,Fridge,ukdale
2013-04-18 09:58:42,229.6,0.013,3.0,8e-07,ON,Television,ukdale
2013-04-18 09:58:42,229.9,0.026,6.0,1.7e-06,ON,Hi-Fi System,ukdale
2013-04-18 09:58:48,231.5,0.017,4.0,1.1e-06,ON,Fridge,ukdale
2013-04-18 09:58:48,228.4,0.013,3.0,8e-07,ON,Television,ukdale
2013-04-18 09:58:48,230.6,0.026,6.0,1.7e-06,ON,Hi-Fi System,ukdale
2013-04-18 09:58:54,231.9,0.017,4.0,1.1e-06,ON,Fridge,ukdale
2013-04-18 09:58:54,229.7,0.013,3.0,8e-07,ON,Television,ukdale
2013-04-18 09:58:54,231.2,0.03,7.0,1.9e-06,ON,Hi-Fi System,ukdale
2013-04-18 09:59:00,231.0,0.022,5.0,1.4e-06,ON,Fridge,ukdale
2013-04-18 09:59:00,229.3,0.013,3.0,8e-07,ON,Television,ukdale
2013-04-18 09:59:00,231.7,0.026,6.0,1.7e-06,ON,Hi-Fi System,ukdale
2013-04-18 09:59:06,228.8,0.017,4.0,1.1e-06,ON,Fridge,ukdale
2013-04-18 09:59:06,230.6,0.013,3.0,8e-07,ON,Television,ukdale
2013-04-18 09:59:06,230.3,0.026,6.0,1.7e-06,ON,Hi-Fi System,ukdale
2013-04-18 09:59:12,231.4,0.022,5.0,1.4e-06,ON,Fridge,ukdale
2013-04-18 09:59:12,230.9,0.013,3.0,8e-07,ON,Television,ukdale
2013-04-18 09:59:12,230.5,0.03,7.0,1.9e-06,ON,Hi-Fi System,ukdale
2013-04-18 09:59:18,232.0,0.017,4.0,1.1e-06,ON,Fridge,ukdale
2013-04-18 09:59:18,231.3,0.013,3.0,8e-07,ON,Television,ukdale
2013-04-18 09:59:18,230.0,0.022,5.0,1.4e-06,ON,Hi-Fi System,ukdale
2013-04-18 09:59:24,231.7,0.022,5.0,1.4e-06,ON,Fridge,ukdale
2013-04-18 09:59:24,230.8,0.013,3.0,8e-07,ON,Television,ukdale
2013-04-18 09:59:24,228.9,0.026,6.0,1.7e-06,ON,Hi-Fi System,ukdale
2013-04-18 09:59:30,231.1,0.017,4.0,1.1e-06,ON,Fridge,ukdale
2013-04-18 09:59:30,229.0,0.013,3.0,8e-07,ON,Television,ukdale
2013-04-18 09:59:30,231.7,0.026,6.0,1.7e-06,ON,Hi-Fi System,ukdale
2013-04-18 09:59:36,228.0,0.013,3.0,8e-07,ON,Fridge,ukdale
2013-04-18 09:59:36,231.5,0.013,3.0,8e-07,ON,Television,ukdale
2013-04-18 09:59:36,228.1,0.026,6.0,1.7e-06,ON,Hi-Fi System,ukdale
2013-04-18 09:59:42,230.1,0.017,4.0,1.1e-06,ON,Fridge,ukdale
2013-04-18 09:59:42,230.5,0.013,3.0,8e-07,ON,Television,ukdale
2013-04-18 09:59:42,230.1,0.026,6.0,1.7e-06,ON,Hi-Fi System,ukdale
2013-04-18 09:59:48,231.7,0.013,3.0,8e-07,ON,Fridge,ukdale
2013-04-18 09:59:48,228.9,0.013,3.0,8e-07,ON,Television,ukdale
2013-04-18 09:59:48,230.9,0.022,5.0,1.4e-06,ON,Hi-Fi System,ukdale
2013-04-18 09:59:54,230.0,0.017,4.0,1.1e-06,ON,Fridge,ukdale
2013-04-18 09:59:54,230.0,0.013,3.0,8e-07,ON,Television,ukdale
2013-04-18 09:59:54,231.2,0.026,6.0,1.7e-06,ON,Hi-Fi System,ukdale
2013-04-18 10:00:00,229.7,0.505,116.0,3.22e-05,ON,Fridge,ukdale
2013-04-18 10:00:00,229.4,0.013,3.0,8e-07,ON,Television,ukdale
2013-04-18 10:00:00,231.9,0.022,5.0,1.4e-06,ON,Hi-Fi System,ukdale
2013-04-18 10:00:06,231.7,0.453,105.0,2.92e-05,ON,Fridge,ukdale
2013-04-18 10:00:06,231.1,0.013,3.0,8e-07,ON,Television,ukdale
2013-04-18 10:00:06,231.8,4.879,1131.0,0.0003142,ON,Microwave,ukdale
2013-04-18 10:00:06,229.3,0.026,6.0,1.7e-06,ON,Hi-Fi System,ukdale
2013-04-18 10:00:12,229.1,0.41,94.0,2.61e-05,ON,Fridge,ukdale
2013-04-18 10:00:12,231.7,0.013,3.0,8e-07,ON,Television,ukdale
2013-04-18 10:00:12,231.0,5.126,1184.0,0.0003289,ON,Microwave,ukdale
2013-04-18 10:00:12,229.4,0.031,7.0,1.9e-06,ON,Hi-Fi System,ukdale
2013-04-18 10:00:18,231.7,0.479,111.0,3.08e-05,ON,Fridge,ukdale
2013-04-18 10:00:18,230.9,0.013,3.0,8e-07,ON,Television,ukdale
2013-04-18 10:00:18,228.7,4.91,1123.0,0.0003119,ON,Microwave,ukdale
2013-04-18 10:00:18,229.2,0.022,5.0,1.4e-06,ON,Hi-Fi System,ukdale
2013-04-18 10:00:24,229.1,0.519,119.0,3.31e-05,ON,Fridge,ukdale
2013-04-18 10:00:24,228.3,0.013,3.0,8e-07,ON,Television,ukdale
2013-04-18 10:00:24,230.5,4.829,1113.0,0.0003092,ON,Microwave,ukdale
2013-04-18 10:00:24,229.9,0.022,5.0,1.4e-06,ON,Hi-Fi System,ukdale
2013-04-18 10:00:30,230.1,0.469,108.0,3e-05,ON,Fridge,ukdale
2013-04-18 10:00:30,229.2,0.013,3.0,8e-07,ON,Television,ukdale
2013-04-18 10:00:30,231.3,4.86,1124.0,0.0003122,ON,Microwave,ukdale
2013-04-18 10:00:30,231.2,0.022,5.0,1.4e-06,ON,Hi-Fi System,ukdale
2013-04-18 10:00:36,229.3,0.449,103.0,2.86e-05,ON,Fridge,ukdale
2013-04-18 10:00:36,229.5,0.013,3.0,8e-07,ON,Television,ukdale
2013-04-18 10:00:36,228.6,5.141,1175.0,0.0003264,ON,Microwave,ukdale
2013-04-18 10:00:36,230.8,0.026,6.0,1.7e-06,ON,Hi-Fi System,ukdale
2013-04-18 10:00:42,229.2,0.432,99.0,2.75e-05,ON,Fridge,ukdale
2013-04-18 10:00:42,228.8,0.013,3.0,8e-07,ON,Television,ukdale
2013-04-18 10:00:42,231.5,4.833,1119.0,0.0003108,ON,Microwave,ukdale
2013-04-18 10:00:42,231.6,0.03,7.0,1.9e-06,ON,Hi-Fi System,ukdale
2013-04-18 10:00:48,229.0,0.502,115.0,3.19e-05,ON,Fridge,ukdale
2013-04-18 10:00:48,231.3,0.013,3.0,8e-07,ON,Television,ukdale
2013-04-18 10:00:48,228.4,0.022,5.0,1.4e-06,ON,Hi-Fi System,ukdale
2013-04-18 10:00:54,228.5,0.516,118.0,3.28e-05,ON,Fridge,ukdale
2013-04-18 10:00:54,230.1,0.013,3.0,8e-07,ON,Television,ukdale
2013-04-18 10:00:54,231.5,0.026,6.0,1.7e-06,ON,Hi-Fi System,ukdale
2013-04-18 10:01:00,232.0,0.47,109.0,3.03e-05,ON,Fridge,ukdale
2013-04-18 10:01:00,229.3,0.013,3.0,8e-07,ON,Television,ukdale
2013-04-18 10:01:00,228.8,0.026,6.0,1.7e-06,ON,Hi-Fi System,ukdale
2013-04-18 10:01:06,231.0,0.446,103.0,2.86e-05,ON,Fridge,ukdale
2013-04-18 10:01:06,231.5,0.013,3.0,8e-07,ON,Television,ukdale
2013-04-18 10:01:06,230.8,0.026,6.0,1.7e-06,ON,Hi-Fi System,ukdale
2013-04-18 10:01:12,230.1,0.491,113.0,3.14e-05,ON,Fridge,ukdale
2013-04-18 10:01:12,229.3,0.013,3.0,8e-07,ON,Television,ukdale
2013-04-18 10:01:12,229.0,0.031,7.0,1.9e-06,ON,Hi-Fi System,ukdale
2013-04-18 10:01:18,232.0,0.405,94.0,2.61e-05,ON,Fridge,ukdale
2013-04-18 10:01:18,228.6,0.013,3.0,8e-07,ON,Television,ukdale
2013-04-18 10:01:18,229.4,0.026,6.0,1.7e-06,ON,Hi-Fi System,ukdale
2013-04-18 10:01:24,231.2,0.432,100.0,2.78e-05,ON,Fridge,ukdale
2013-04-18 10:01:24,230.5,0.013,3.0,8e-07,ON,Television,ukdale
2013-04-18 10:01:24,230.1,0.022,5.0,1.4e-06,ON,Hi-Fi System,ukdale
2013-04-18 10:01:30,229.2,0.406,93.0,2.58e-05,ON,Fridge,ukdale
2013-04-18 10:01:30,231.9,0.013,3.0,8e-07,ON,Television,ukdale
2013-04-18 10:01:30,231.1,0.03,7.0,1.9e-06,ON,Hi-Fi System,ukdale
2013-04-18 10:01:36,228.8,0.463,106.0,2.94e-05,ON,Fridge,ukdale
2013-04-18 10:01:36,228.3,0.013,3.0,8e-07,ON,Television,ukdale
2013-04-18 10:01:36,228.7,0.026,6.0,1.7e-06,ON,Hi-Fi System,ukdale
2013-04-18 10:01:42,230.1,0.482,111.0,3.08e-05,ON,Fridge,ukdale
2013-04-18 10:01:42,229.5,0.013,3.0,8e-07,ON,Television,ukdale
2013-04-18 10:01:42,229.7,0.03,7.0,1.9e-06,ON,Hi-Fi System,ukdale
2013-04-18 10:01:48,230.9,0.412,95.0,2.64e-05,ON,Fridge,ukdale
2013-04-18 10:01:48,229.9,0.013,3.0,8e-07,ON,Television,ukdale
2013-04-18 10:01:48,229.8,0.022,5.0,1.4e-06,ON,Hi-Fi System,ukdale
2013-04-18 10:01:54,229.4,0.458,105.0,2.92e-05,ON,Fridge,ukdale
2013-04-18 10:01:54,231.2,0.013,3.0,8e-07,ON,Television,ukdale
2013-04-18 10:01:54,230.5,0.03,7.0,1.9e-06,ON,Hi-Fi System,ukdale
2013-04-18 10:02:00,230.9,0.424,98.0,2.72e-05,ON,Fridge,ukdale
2013-04-18 10:02:00,229.6,0.013,3.0,8e-07,ON,Television,ukdale
2013-04-18 10:02:00,228.2,0.026,6.0,1.7e-06,ON,Hi-Fi System,ukdale
2013-04-18 10:02:06,228.4,0.433,99.0,2.75e-05,ON,Fridge,ukdale
2013-04-18 10:02:06,230.5,0.013,3.0,8e-07,ON,Television,ukdale
2013-04-18 10:02:06,229.6,0.026,6.0,1.7e-06,ON,Hi-Fi System,ukdale
2013-04-18 10:02:12,229.6,0.505,116.0,3.22e-05,ON,Fridge,ukdale
2013-04-18 10:02:12,229.7,0.013,3.0,8e-07,ON,Television,ukdale
2013-04-18 10:02:12,229.1,0.022,5.0,1.4e-06,ON,Hi-Fi System,ukdale
2013-04-18 10:02:18,228.2,0.456,104.0,2.89e-05,ON,Fridge,ukdale
2013-04-18 10:02:18,228.1,0.013,3.0,8e-07,ON,Television,ukdale
2013-04-18 10:02:18,230.2,0.022,5.0,1.4e-06,ON,Hi-Fi System,ukdale
2013-04-18 10:02:24,231.5,0.402,93.0,2.58e-05,ON,Fridge,ukdale
2013-04-18 10:02:24,229.9,0.013,3.0,8e-07,ON,Television,ukdale
2013-04-18 10:02:24,231.4,0.026,6.0,1.7e-06,ON,Hi-Fi System,ukdale
2013-04-18 10:02:30,231.3,0.437,101.0,2.81e-05,ON,Fridge,ukdale
2013-04-18 10:02:30,228.1,0.013,3.0,8e-07,ON,Television,ukdale
2013-04-18 10:02:30,228.1,0.026,6.0,1.7e-06,ON,Hi-Fi System,ukdale
2013-04-18 10:02:36,230.6,0.46,106.0,2.94e-05,ON,Fridge,ukdale
2013-04-18 10:02:36,229.0,0.013,3.0,8e-07,ON,Television,ukdale
2013-04-18 10:02:36,232.0,0.03,7.0,1.9e-06,ON,Hi-Fi System,ukdale
2013-04-18 10:02:42,229.8,0.444,102.0,2.83e-05,ON,Fridge,ukdale
2013-04-18 10:02:42,230.7,0.013,3.0,8e-07,ON,Television,ukdale
2013-04-18 10:02:42,230.8,0.026,6.0,1.7e-06,ON,Hi-Fi System,ukdale
2013-04-18 10:02:48,228.7,0.52,119.0,3.31e-05,ON,Fridge,ukdale
2013-04-18 10:02:48,229.6,0.013,3.0,8e-07,ON,Television,ukdale
2013-04-18 10:02:48,231.1,0.026,6.0,1.7e-06,ON,Hi-Fi System,ukdale
2013-04-18 10:02:54,228.7,0.525,120.0,3.33e-05,ON,Fridge,ukdale
2013-04-18 10:02:54,229.1,0.013,3.0,8e-07,ON,Television,ukdale
2013-04-18 10:02:54,231.3,0.026,6.0,1.7e-06,ON,Hi-Fi System,ukdale
2013-04-18 10:03:00,231.7,0.445,103.0,2.86e-05,ON,Fridge,ukdale
2013-04-18 10:03:00,228.3,0.013,3.0,8e-07,ON,Television,ukdale
2013-04-18 10:03:00,228.2,0.022,5.0,1.4e-06,ON,Hi-Fi System,ukdale
2013-04-18 10:03:06,231.3,0.467,108.0,3e-05,ON,Fridge,ukdale
2013-04-18 10:03:06,230.4,0.013,3.0,8e-07,ON,Television,ukdale
2013-04-18 10:03:06,230.9,0.03,7.0,1.9e-06,ON,Hi-Fi System,ukdale
2013-04-18 10:03:12,228.1,0.487,111.0,3.08e-05,ON,Fridge,ukdale
2013-04-18 10:03:12,228.5,0.013,3.0,8e-07,ON,Television,ukdale
2013-04-18 10:03:12,230.3,0.022,5.0,1.4e-06,ON,Hi-Fi System,ukdale
2013-04-18 10:03:18,231.2,0.415,96.0,2.67e-05,ON,Fridge,ukdale
2013-04-18 10:03:18,228.1,0.013,3.0,8e-07,ON,Television,ukdale
2013-04-18 10:03:18,229.2,0.026,6.0,1.7e-06,ON,Hi-Fi System,ukdale
2013-04-18 10:03:24,231.0,0.424,98.0,2.72e-05,ON,Fridge,ukdale
2013-04-18 10:03:24,229.5,0.013,3.0,8e-07,ON,Television,ukdale
2013-04-18 10:03:24,231.1,0.03,7.0,1.9e-06,ON,Hi-Fi System,ukdale
2013-04-18 10:03:30,230.5,0.425,98.0,2.72e-05,ON,Fridge,ukdale
2013-04-18 10:03:30,230.0,0.013,3.0,8e-07,ON,Television,ukdale
2013-04-18 10:03:30,232.0,0.03,7.0,1.9e-06,ON,Hi-Fi System,ukdale
2013-04-18 10:03:36,229.2,0.515,118.0,3.28e-05,ON,Fridge,ukdale
2013-04-18 10:03:36,228.8,0.013,3.0,8e-07,ON,Television,ukdale
2013-04-18 10:03:36,228.2,0.026,6.0,1.7e-06,ON,Hi-Fi System,ukdale
2013-04-18 10:03:42,229.5,0.488,112.0,3.11e-05,ON,Fridge,ukdale
2013-04-18 10:03:42,231.1,0.013,3.0,8e-07,ON,Television,ukdale
2013-04-18 10:03:42,229.0,0.026,6.0,1.7e-06,ON,Hi-Fi System,ukdale
2013-04-18 10:03:48,230.3,0.439,101.0,2.81e-05,ON,Fridge,ukdale
2013-04-18 10:03:48,230.7,0.013,3.0,8e-07,ON,Television,ukdale
2013-04-18 10:03:48,230.4,0.03,7.0,1.9e-06,ON,Hi-Fi System,ukdale
2013-04-18 10:03:54,229.5,0.471,108.0,3e-05,ON,Fridge,ukdale
2013-04-18 10:03:54,230.0,0.013,3.0,8e-07,ON,Television,ukdale
2013-04-18 10:03:54,231.5,0.026,6.0,1.7e-06,ON,Hi-Fi System,ukdale
2013-04-18 10:04:00,230.0,0.513,118.0,3.28e-05,ON,Fridge,ukdale
2013-04-18 10:04:00,230.2,0.013,3.0,8e-07,ON,Television,ukdale
2013-04-18 10:04:00,229.6,0.03,7.0,1.9e-06,ON,Hi-Fi System,ukdale
2013-04-18 10:04:06,230.1,0.496,114.0,3.17e-05,ON,Fridge,ukdale
2013-04-18 10:04:06,231.8,0.013,3.0,8e-07,ON,Television,ukdale
2013-04-18 10:04:06,230.3,0.026,6.0,1.7e-06,ON,Hi-Fi System,ukdale
2013-04-18 10:04:12,229.0,0.489,112.0,3.11e-05,ON,Fridge,ukdale
2013-04-18 10:04:12,230.5,0.013,3.0,8e-07,ON,Television,ukdale
2013-04-18 10:04:12,229.8,0.03,7.0,1.9e-06,ON,Hi-Fi System,ukdale
2013-04-18 10:04:18,230.9,0.459,106.0,2.94e-05,ON,Fridge,ukdale
2013-04-18 10:04:18,231.9,0.013,3.0,8e-07,ON,Television,ukdale
2013-04-18 10:04:18,231.2,0.022,5.0,1.4e-06,ON,Hi-Fi System,ukdale
2013-04-18 10:04:24,231.5,0.497,115.0,3.19e-05,ON,Fridge,ukdale
2013-04-18 10:04:24,228.0,0.013,3.0,8e-07,ON,Television,ukdale
2013-04-18 10:04:24,229.9,0.026,6.0,1.7e-06,ON,Hi-Fi System,ukdale
2013-04-18 10:04:30,230.0,0.439,101.0,2.81e-05,ON,Fridge,ukdale
2013-04-18 10:04:30,230.2,0.013,3.0,8e-07,ON,Television,ukdale
2013-04-18 10:04:30,228.5,0.022,5.0,1.4e-06,ON,Hi-Fi System,ukdale
2013-04-18 10:04:36,228.1,0.517,118.0,3.28e-05,ON,Fridge,ukdale
2013-04-18 10:04:36,229.4,0.013,3.0,8e-07,ON,Television,ukdale
2013-04-18 10:04:36,229.9,0.022,5.0,1.4e-06,ON,Hi-Fi System,ukdale
2013-04-18 10:04:42,228.6,0.472,108.0,3e-05,ON,Fridge,ukdale
2013-04-18 10:04:42,230.4,0.013,3.0,8e-07,ON,Television,ukdale
2013-04-18 10:04:42,231.0,0.03,7.0,1.9e-06,ON,Hi-Fi System,ukdale
2013-04-18 10:04:48,230.6,0.473,109.0,3.03e-05,ON,Fridge,ukdale
2013-04-18 10:04:48,228.2,0.013,3.0,8e-07,ON,Television,ukdale
2013-04-18 10:04:48,230.4,0.03,7.0,1.9e-06,ON,Hi-Fi System,ukdale
2013-04-18 10:04:54,230.2,0.404,93.0,2.58e-05,ON,Fridge,ukdale
2013-04-18 10:04:54,228.5,0.013,3.0,8e-07,ON,Television,ukdale
2013-04-18 10:04:54,230.4,0.026,6.0,1.7e-06,ON,Hi-Fi System,ukdale
2013-04-18 10:05:00,232.0,0.478,111.0,3.08e-05,ON,Fridge,ukdale
2013-04-18 10:05:00,230.9,0.013,3.0,8e-07,ON,Television,ukdale
2013-04-18 10:05:00,231.0,0.026,6.0,1.7e-06,ON,Hi-Fi System,ukdale
2013-04-18 10:05:06,231.5,0.492,114.0,3.17e-05,ON,Fridge,ukdale
2013-04-18 10:05:06,231.4,0.013,3.0,8e-07,ON,Television,ukdale
2013-04-18 10:05:06,229.3,0.026,6.0,1.7e-06,ON,Hi-Fi System,ukdale
2013-04-18 10:05:12,229.8,0.518,119.0,3.31e-05,ON,Fridge,ukdale
2013-04-18 10:05:12,229.6,0.013,3.0,8e-07,ON,Television,ukdale
2013-04-18 10:05:12,231.5,0.026,6.0,1.7e-06,ON,Hi-Fi System,ukdale
2013-04-18 10:05:18,228.6,0.398,91.0,2.53e-05,ON,Fridge,ukdale
2013-04-18 10:05:18,230.4,0.013,3.0,8e-07,ON,Television,ukdale
2013-04-18 10:05:18,229.8,0.022,5.0,1.4e-06,ON,Hi-Fi System,ukdale
2013-04-18 10:05:24,231.1,0.493,114.0,3.17e-05,ON,Fridge,ukdale
2013-04-18 10:05:24,229.1,0.013,3.0,8e-07,ON,Television,ukdale
2013-04-18 10:05:24,232.0,0.026,6.0,1.7e-06,ON,Hi-Fi System,ukdale
2013-04-18 10:05:30,231.5,0.493,114.0,3.17e-05,ON,Fridge,ukdale
2013-04-18 10:05:30,230.0,0.013,3.0,8e-07,ON,Television,ukdale
2013-04-18 10:05:30,230.4,0.022,5.0,1.4e-06,ON,Hi-Fi System,ukdale
2013-04-18 10:05:36,230.0,0.474,109.0,3.03e-05,ON,Fridge,ukdale
2013-04-18 10:05:36,230.4,0.013,3.0,8e-07,ON,Television,ukdale
2013-04-18 10:05:36,229.0,0.022,5.0,1.4e-06,ON,Hi-Fi System,ukdale
2013-04-18 10:05:42,231.9,0.427,99.0,2.75e-05,ON,Fridge,ukdale
2013-04-18 10:05:42,229.6,0.013,3.0,8e-07,ON,Television,ukdale
2013-04-18 10:05:42,228.3,0.026,6.0,1.7e-06,ON,Hi-Fi System,ukdale
2013-04-18 10:05:48,231.0,0.459,106.0,2.94e-05,ON,Fridge,ukdale
2013-04-18 10:05:48,228.9,0.013,3.0,8e-07,ON,Television,ukdale
2013-04-18 10:05:48,231.0,0.03,7.0,1.9e-06,ON,Hi-Fi System,ukdale
2013-04-18 10:05:54,228.9,0.524,120.0,3.33e-05,ON,Fridge,ukdale
2013-04-18 10:05:54,229.9,0.013,3.0,8e-07,ON,Television,ukdale
2013-04-18 10:05:54,230.8,0.03,7.0,1.9e-06,ON,Hi-Fi System,ukdale
2013-04-18 10:06:00,230.8,0.516,119.0,3.31e-05,ON,Fridge,ukdale
2013-04-18 10:06:00,228.7,0.013,3.0,8e-07,ON,Television,ukdale
2013-04-18 10:06:00,230.6,0.026,6.0,1.7e-06,ON,Hi-Fi System,ukdale
2013-04-18 10:06:06,228.6,0.459,105.0,2.92e-05,ON,Fridge,ukdale
2013-04-18 10:06:06,231.6,0.013,3.0,8e-07,ON,Television,ukdale
2013-04-18 10:06:06,229.5,0.026,6.0,1.7e-06,ON,Hi-Fi System,ukdale
2013-04-18 10:06:12,231.1,0.428,99.0,2.75e-05,ON,Fridge,ukdale
2013-04-18 10:06:12,230.5,0.013,3.0,8e-07,ON,Television,ukdale
2013-04-18 10:06:12,231.0,0.026,6.0,1.7e-06,ON,Hi-Fi System,ukdale
2013-04-18 10:06:18,229.2,0.515,118.0,3.28e-05,ON,Fridge,ukdale
2013-04-18 10:06:18,229.5,0.013,3.0,8e-07,ON,Television,ukdale
2013-04-18 10:06:18,228.4,0.031,7.0,1.9e-06,ON,Hi-Fi System,ukdale
2013-04-18 10:06:24,231.9,0.405,94.0,2.61e-05,ON,Fridge,ukdale
2013-04-18 10:06:24,228.1,0.013,3.0,8e-07,ON,Television,ukdale
2013-04-18 10:06:24,229.5,0.03,7.0,1.9e-06,ON,Hi-Fi System,ukdale
2013-04-18 10:06:30,228.1,0.425,97.0,2.69e-05,ON,Fridge,ukdale
2013-04-18 10:06:30,229.8,0.013,3.0,8e-07,ON,Television,ukdale
2013-04-18 10:06:30,229.4,0.022,5.0,1.4e-06,ON,Hi-Fi System,ukdale
2013-04-18 10:06:36,231.4,0.475,110.0,3.06e-05,ON,Fridge,ukdale
2013-04-18 10:06:36,230.5,0.013,3.0,8e-07,ON,Television,ukdale
2013-04-18 10:06:36,230.7,0.03,7.0,1.9e-06,ON,Hi-Fi System,ukdale
2013-04-18 10:06:42,229.5,0.436,100.0,2.78e-05,ON,Fridge,ukdale
2013-04-18 10:06:42,230.9,0.013,3.0,8e-07,ON,Television,ukdale
2013-04-18 10:06:42,229.7,0.03,7.0,1.9e-06,ON,Hi-Fi System,ukdale
2013-04-18 10:06:48,230.4,0.473,109.0,3.03e-05,ON,Fridge,ukdale
2013-04-18 10:06:48,231.8,0.013,3.0,8e-07,ON,Television,ukdale
2013-04-18 10:06:48,231.3,0.026,6.0,1.7e-06,ON,Hi-Fi System,ukdale
2013-04-18 10:06:54,231.4,0.519,120.0,3.33e-05,ON,Fridge,ukdale
2013-04-18 10:06:54,229.0,0.013,3.0,8e-07,ON,Television,ukdale
2013-04-18 10:06:54,229.9,0.03,7.0,1.9e-06,ON,Hi-Fi System,ukdale
2013-04-18 10:07:00,228.1,0.482,110.0,3.06e-05,ON,Fridge,ukdale
2013-04-18 10:07:00,228.4,0.013,3.0,8e-07,ON,Television,ukdale
2013-04-18 10:07:00,230.3,0.03,7.0,1.9e-06,ON,Hi-Fi System,ukdale
2013-04-18 10:07:06,228.4,0.42,96.0,2.67e-05,ON,Fridge,ukdale
2013-04-18 10:07:06,231.3,0.013,3.0,8e-07,ON,Television,ukdale
2013-04-18 10:07:06,229.8,0.022,5.0,1.4e-06,ON,Hi-Fi System,ukdale
2013-04-18 10:07:12,228.9,0.476,109.0,3.03e-05,ON,Fridge,ukdale
2013-04-18 10:07:12,231.0,0.013,3.0,8e-07,ON,Television,ukdale
2013-04-18 10:07:12,228.3,0.026,6.0,1.7e-06,ON,Hi-Fi System,ukdale
2013-04-18 10:07:18,229.9,0.422,97.0,2.69e-05,ON,Fridge,ukdale
2013-04-18 10:07:18,229.0,0.013,3.0,8e-07,ON,Television,ukdale
2013-04-18 10:07:18,229.8,0.022,5.0,1.4e-06,ON,Hi-Fi System,ukdale
2013-04-18 10:07:24,230.8,0.503,116.0,3.22e-05,ON,Fridge,ukdale
2013-04-18 10:07:24,231.4,0.013,3.0,8e-07,ON,Television,ukdale
2013-04-18 10:07:24,230.6,0.026,6.0,1.7e-06,ON,Hi-Fi System,ukdale
2013-04-18 10:07:30,230.0,0.465,107.0,2.97e-05,ON,Fridge,ukdale
2013-04-18 10:07:30,231.0,0.013,3.0,8e-07,ON,Television,ukdale
2013-04-18 10:07:30,229.5,0.026,6.0,1.7e-06,ON,Hi-Fi System,ukdale
2013-04-18 10:07:36,230.6,0.434,100.0,2.78e-05,ON,Fridge,ukdale
2013-04-18 10:07:36,228.9,0.013,3.0,8e-07,ON,Television,ukdale
2013-04-18 10:07:36,229.5,0.022,5.0,1.4e-06,ON,Hi-Fi System,ukdale
2013-04-18 10:07:42,229.6,0.392,90.0,2.5e-05,ON,Fridge,ukdale
2013-04-18 10:07:42,231.2,0.013,3.0,8e-07,ON,Television,ukdale
2013-04-18 10:07:42,228.5,0.026,6.0,1.7e-06,ON,Hi-Fi System,ukdale
2013-04-18 10:07:48,231.4,0.48,111.0,3.08e-05,ON,Fridge,ukdale
2013-04-18 10:07:48,229.8,0.013,3.0,8e-07,ON,Television,ukdale
2013-04-18 10:07:48,228.4,0.031,7.0,1.9e-06,ON,Hi-Fi System,ukdale
2013-04-18 10:07:54,228.6,0.473,108.0,3e-05,ON,Fridge,ukdale
2013-04-18 10:07:54,231.9,0.013,3.0,8e-07,ON,Television,ukdale
2013-04-18 10:07:54,230.6,0.022,5.0,1.4e-06,ON,Hi-Fi System,ukdale
2013-04-18 10:08:00,228.4,0.429,98.0,2.72e-05,ON,Fridge,ukdale
2013-04-18 10:08:00,230.2,0.013,3.0,8e-07,ON,Television,ukdale
2013-04-18 10:08:00,228.4,0.026,6.0,1.7e-06,ON,Hi-Fi System,ukdale
2013-04-18 10:08:06,231.7,0.475,110.0,3.06e-05,ON,Fridge,ukdale
2013-04-18 10:08:06,231.9,0.013,3.0,8e-07,ON,Television,ukdale
2013-04-18 10:08:06,230.7,0.026,6.0,1.7e-06,ON,Hi-Fi System,ukdale
2013-04-18 10:08:12,228.9,0.454,104.0,2.89e-05,ON,Fridge,ukdale
2013-04-18 10:08:12,230.2,0.013,3.0,8e-07,ON,Television,ukdale
2013-04-18 10:08:12,229.2,0.026,6.0,1.7e-06,ON,Hi-Fi System,ukdale
2013-04-18 10:08:18,230.4,0.456,105.0,2.92e-05,ON,Fridge,ukdale
2013-04-18 10:08:18,231.5,0.013,3.0,8e-07,ON,Television,ukdale
2013-04-18 10:08:18,228.0,0.026,6.0,1.7e-06,ON,Hi-Fi System,ukdale
2013-04-18 10:08:24,228.3,0.438,100.0,2.78e-05,ON,Fridge,ukdale
2013-04-18 10:08:24,229.1,0.013,3.0,8e-07,ON,Television,ukdale
2013-04-18 10:08:24,231.8,0.026,6.0,1.7e-06,ON,Hi-Fi System,ukdale
2013-04-18 10:08:30,229.8,0.518,119.0,3.31e-05,ON,Fridge,ukdale
2013-04-18 10:08:30,229.4,0.013,3.0,8e-07,ON,Television,ukdale
2013-04-18 10:08:30,228.1,0.026,6.0,1.7e-06,ON,Hi-Fi System,ukdale
2013-04-18 10:08:36,228.7,0.481,110.0,3.06e-05,ON,Fridge,ukdale
2013-04-18 10:08:36,228.8,0.013,3.0,8e-07,ON,Television,ukdale
2013-04-18 10:08:36,228.8,0.022,5.0,1.4e-06,ON,Hi-Fi System,ukdale
2013-04-18 10:08:42,229.0,0.432,99.0,2.75e-05,ON,Fridge,ukdale
2013-04-18 10:08:42,229.6,0.013,3.0,8e-07,ON,Television,ukdale
2013-04-18 10:08:42,228.1,0.031,7.0,1.9e-06,ON,Hi-Fi System,ukdale
2013-04-18 10:08:48,231.4,0.475,110.0,3.06e-05,ON,Fridge,ukdale
2013-04-18 10:08:48,229.4,0.013,3.0,8e-07,ON,Television,ukdale
2013-04-18 10:08:48,230.5,0.026,6.0,1.7e-06,ON,Hi-Fi System,ukdale
2013-04-18 10:08:54,228.6,0.459,105.0,2.92e-05,ON,Fridge,ukdale
2013-04-18 10:08:54,228.0,0.013,3.0,8e-07,ON,Television,ukdale
2013-04-18 10:08:54,230.5,0.022,5.0,1.4e-06,ON,Hi-Fi System,ukdale
2013-04-18 10:09:00,231.7,0.505,117.0,3.25e-05,ON,Fridge,ukdale
2013-04-18 10:09:00,228.0,0.013,3.0,8e-07,ON,Television,ukdale
2013-04-18 10:09:00,228.1,0.026,6.0,1.7e-06,ON,Hi-Fi System,ukdale
2013-04-18 10:09:06,230.8,0.485,112.0,3.11e-05,ON,Fridge,ukdale
2013-04-18 10:09:06,231.1,0.013,3.0,8e-07,ON,Television,ukdale
2013-04-18 10:09:06,231.9,0.026,6.0,1.7e-06,ON,Hi-Fi System,ukdale
2013-04-18 10:09:12,230.2,0.469,108.0,3e-05,ON,Fridge,ukdale
2013-04-18 10:09:12,229.0,0.013,3.0,8e-07,ON,Television,ukdale
2013-04-18 10:09:12,231.5,0.026,6.0,1.7e-06,ON,Hi-Fi System,ukdale
2013-04-18 10:09:18,231.9,0.487,113.0,3.14e-05,ON,Fridge,ukdale
2013-04-18 10:09:18,229.2,0.013,3.0,8e-07,ON,Television,ukdale
2013-04-18 10:09:18,228.8,0.022,5.0,1.4e-06,ON,Hi-Fi System,ukdale
2013-04-18 10:09:24,231.0,0.42,97.0,2.69e-05,ON,Fridge,ukdale
2013-04-18 10:09:24,229.2,0.013,3.0,8e-07,ON,Television,ukdale
2013-04-18 10:09:24,228.4,0.022,5.0,1.4e-06,ON,Hi-Fi System,ukdale
2013-04-18 10:09:30,229.6,0.501,115.0,3.19e-05,ON,Fridge,ukdale
2013-04-18 10:09:30,231.3,0.013,3.0,8e-07,ON,Television,ukdale
2013-04-18 10:09:30,228.9,0.026,6.0,1.7e-06,ON,Hi-Fi System,ukdale
2013-04-18 10:09:36,229.0,0.493,113.0,3.14e-05,ON,Fridge,ukdale
2013-04-18 10:09:36,231.2,0.013,3.0,8e-07,ON,Television,ukdale
2013-04-18 10:09:36,231.6,0.022,5.0,1.4e-06,ON,Hi-Fi System,ukdale
2013-04-18 10:09:42,229.0,0.515,118.0,3.28e-05,ON,Fridge,ukdale
2013-04-18 10:09:42,231.2,0.013,3.0,8e-07,ON,Television,ukdale
2013-04-18 10:09:42,228.4,0.026,6.0,1.7e-06,ON,Hi-Fi System,ukdale
2013-04-18 10:09:48,229.7,0.444,102.0,2.83e-05,ON,Fridge,ukdale
2013-04-18 10:09:48,228.4,0.013,3.0,8e-07,ON,Television,ukdale
2013-04-18 10:09:48,229.9,0.026,6.0,1.7e-06,ON,Hi-Fi System,ukdale
2013-04-18 10:09:54,230.6,0.408,94.0,2.61e-05,ON,Fridge,ukdale
2013-04-18 10:09:54,230.7,0.013,3.0,8e-07,ON,Television,ukdale
2013-04-18 10:09:54,228.7,0.022,5.0,1.4e-06,ON,Hi-Fi System,ukdale
2013-04-18 10:10:00,231.1,0.467,108.0,3e-05,ON,Fridge,ukdale
2013-04-18 10:10:00,229.5,7.889,1811.0,0.0005031,ON,Dishwasher,ukdale
2013-04-18 10:10:00,228.6,0.013,3.0,8e-07,ON,Television,ukdale
2013-04-18 10:10:00,228.1,0.022,5.0,1.4e-06,ON,Hi-Fi System,ukdale
2013-04-18 10:10:06,231.0,0.468,108.0,3e-05,ON,Fridge,ukdale
2013-04-18 10:10:06,230.2,7.905,1820.0,0.0005056,ON,Dishwasher,ukdale
2013-04-18 10:10:06,230.8,0.013,3.0,8e-07,ON,Television,ukdale
2013-04-18 10:10:06,229.5,0.022,5.0,1.4e-06,ON,Hi-Fi System,ukdale
2013-04-18 10:10:12,231.5,0.41,95.0,2.64e-05,ON,Fridge,ukdale
2013-04-18 10:10:12,229.7,8.057,1851.0,0.0005142,ON,Dishwasher,ukdale
2013-04-18 10:10:12,231.4,0.013,3.0,8e-07,ON,Television,ukdale
2013-04-18 10:10:12,229.9,0.026,6.0,1.7e-06,ON,Hi-Fi System,ukdale
2013-04-18 10:10:18,230.8,0.425,98.0,2.72e-05,ON,Fridge,ukdale
2013-04-18 10:10:18,231.3,8.004,1851.0,0.0005142,ON,Dishwasher,ukdale
2013-04-18 10:10:18,229.7,0.013,3.0,8e-07,ON,Television,ukdale
2013-04-18 10:10:18,229.1,0.026,6.0,1.7e-06,ON,Hi-Fi System,ukdale
2013-04-18 10:10:24,229.2,0.445,102.0,2.83e-05,ON,Fridge,ukdale
2013-04-18 10:10:24,229.4,8.011,1838.0,0.0005106,ON,Dishwasher,ukdale
2013-04-18 10:10:24,231.8,0.013,3.0,8e-07,ON,Television,ukdale
2013-04-18 10:10:24,230.5,0.026,6.0,1.7e-06,ON,Hi-Fi System,ukdale
2013-04-18 10:10:30,230.6,0.447,103.0,2.86e-05,ON,Fridge,ukdale
2013-04-18 10:10:30,228.4,8.28,1891.0,0.0005253,ON,Dishwasher,ukdale
2013-04-18 10:10:30,229.4,0.013,3.0,8e-07,ON,Television,ukdale
2013-04-18 10:10:30,229.0,0.026,6.0,1.7e-06,ON,Hi-Fi System,ukdale
2013-04-18 10:10:36,231.4,0.432,100.0,2.78e-05,ON,Fridge,ukdale
2013-04-18 10:10:36,228.5,8.412,1922.0,0.0005339,ON,Dishwasher,ukdale
2013-04-18 10:10:36,228.9,0.013,3.0,8e-07,ON,Television,ukdale
2013-04-18 10:10:36,228.9,0.026,6.0,1.7e-06,ON,Hi-Fi System,ukdale
2013-04-18 10:10:42,231.7,0.462,107.0,2.97e-05,ON,Fridge,ukdale
2013-04-18 10:10:42,229.5,8.066,1851.0,0.0005142,ON,Dishwasher,ukdale
2013-04-18 10:10:42,228.6,0.013,3.0,8e-07,ON,Television,ukdale
2013-04-18 10:10:42,228.5,0.026,6.0,1.7e-06,ON,Hi-Fi System,ukdale
2013-04-18 10:10:48,231.1,0.441,102.0,2.83e-05,ON,Fridge,ukdale
2013-04-18 10:10:48,228.8,7.966,1823.0,0.0005064,ON,Dishwasher,ukdale
2013-04-18 10:10:48,231.5,0.013,3.0,8e-07,ON,Television,ukdale
2013-04-18 10:10:48,231.9,0.022,5.0,1.4e-06,ON,Hi-Fi System,ukdale
2013-04-18 10:10:54,231.6,0.397,92.0,2.56e-05,ON,Fridge,ukdale
2013-04-18 10:10:54,231.2,7.89,1824.0,0.0005067,ON,Dishwasher,ukdale
2013-04-18 10:10:54,230.7,0.013,3.0,8e-07,ON,Television,ukdale
2013-04-18 10:10:54,230.8,0.022,5.0,1.4e-06,ON,Hi-Fi System,ukdale
2013-04-18 10:11:00,230.6,0.425,98.0,2.72e-05,ON,Fridge,ukdale
2013-04-18 10:11:00,231.5,8.185,1895.0,0.0005264,ON,Dishwasher,ukdale
2013-04-18 10:11:00,231.2,0.013,3.0,8e-07,ON,Television,ukdale
2013-04-18 10:11:00,230.9,0.022,5.0,1.4e-06,ON,Hi-Fi System,ukdale
2013-04-18 10:11:06,230.0,0.396,91.0,2.53e-05,ON,Fridge,ukdale
2013-04-18 10:11:06,229.8,8.12,1866.0,0.0005183,ON,Dishwasher,ukdale
2013-04-18 10:11:06,229.0,0.013,3.0,8e-07,ON,Television,ukdale
2013-04-18 10:11:06,230.9,0.026,6.0,1.7e-06,ON,Hi-Fi System,ukdale
2013-04-18 10:11:12,231.2,0.476,110.0,3.06e-05,ON,Fridge,ukdale
2013-04-18 10:11:12,229.6,8.659,1988.0,0.0005522,ON,Dishwasher,ukdale
2013-04-18 10:11:12,231.7,0.013,3.0,8e-07,ON,Television,ukdale
2013-04-18 10:11:12,229.3,0.022,5.0,1.4e-06,ON,Hi-Fi System,ukdale
2013-04-18 10:11:18,230.4,0.434,100.0,2.78e-05,ON,Fridge,ukdale
2013-04-18 10:11:18,229.5,8.112,1862.0,0.0005172,ON,Dishwasher,ukdale
2013-04-18 10:11:18,228.6,0.013,3.0,8e-07,ON,Television,ukdale
2013-04-18 10:11:18,231.5,0.026,6.0,1.7e-06,ON,Hi-Fi System,ukdale
2013-04-18 10:11:24,228.6,0.429,98.0,2.72e-05,ON,Fridge,ukdale
2013-04-18 10:11:24,231.8,8.247,1912.0,0.0005311,ON,Dishwasher,ukdale
2013-04-18 10:11:24,230.0,0.013,3.0,8e-07,ON,Television,ukdale
2013-04-18 10:11:24,230.7,0.03,7.0,1.9e-06,ON,Hi-Fi System,ukdale
2013-04-18 10:11:30,229.6,0.409,94.0,2.61e-05,ON,Fridge,ukdale
2013-04-18 10:11:30,229.9,8.315,1912.0,0.0005311,ON,Dishwasher,ukdale
2013-04-18 10:11:30,228.6,0.013,3.0,8e-07,ON,Television,ukdale
2013-04-18 10:11:30,229.1,0.026,6.0,1.7e-06,ON,Hi-Fi System,ukdale
2013-04-18 10:11:36,230.5,0.443,102.0,2.83e-05,ON,Fridge,ukdale
2013-04-18 10:11:36,231.4,8.535,1975.0,0.0005486,ON,Dishwasher,ukdale
2013-04-18 10:11:36,230.2,0.013,3.0,8e-07,ON,Television,ukdale
2013-04-18 10:11:36,231.1,0.03,7.0,1.9e-06,ON,Hi-Fi System,ukdale
2013-04-18 10:11:42,229.4,0.414,95.0,2.64e-05,ON,Fridge,ukdale
2013-04-18 10:11:42,229.0,8.401,1924.0,0.0005344,ON,Dishwasher,ukdale
2013-04-18 10:11:42,229.8,0.013,3.0,8e-07,ON,Television,ukdale
2013-04-18 10:11:42,229.1,0.022,5.0,1.4e-06,ON,Hi-Fi System,ukdale
2013-04-18 10:11:48,228.5,0.429,98.0,2.72e-05,ON,Fridge,ukdale
2013-04-18 10:11:48,228.9,8.072,1848.0,0.0005133,ON,Dishwasher,ukdale
2013-04-18 10:11:48,228.4,0.013,3.0,8e-07,ON,Television,ukdale
2013-04-18 10:11:48,229.2,0.031,7.0,1.9e-06,ON,Hi-Fi System,ukdale
2013-04-18 10:11:54,231.2,0.502,116.0,3.22e-05,ON,Fridge,ukdale
2013-04-18 10:11:54,229.5,8.35,1916.0,0.0005322,ON,Dishwasher,ukdale
2013-04-18 10:11:54,229.3,0.013,3.0,8e-07,ON,Television,ukdale
2013-04-18 10:11:54,230.2,0.022,5.0,1.4e-06,ON,Hi-Fi System,ukdale
2013-04-18 10:12:00,228.5,0.446,102.0,2.83e-05,ON,Fridge,ukdale
2013-04-18 10:12:00,229.8,7.836,1801.0,0.0005003,ON,Dishwasher,ukdale
2013-04-18 10:12:00,228.5,0.013,3.0,8e-07,ON,Television,ukdale
2013-04-18 10:12:00,232.0,0.026,6.0,1.7e-06,ON,Hi-Fi System,ukdale
2013-04-18 10:12:06,230.9,0.394,91.0,2.53e-05,ON,Fridge,ukdale
2013-04-18 10:12:06,229.6,8.081,1855.0,0.0005153,ON,Dishwasher,ukdale
2013-04-18 10:12:06,228.6,0.013,3.0,8e-07,ON,Television,ukdale
2013-04-18 10:12:06,231.6,0.03,7.0,1.9e-06,ON,Hi-Fi System,ukdale
2013-04-18 10:12:12,230.7,0.399,92.0,2.56e-05,ON,Fridge,ukdale
2013-04-18 10:12:12,228.0,8.077,1842.0,0.0005117,ON,Dishwasher,ukdale
2013-04-18 10:12:12,228.1,0.013,3.0,8e-07,ON,Television,ukdale
2013-04-18 10:12:12,228.1,0.026,6.0,1.7e-06,ON,Hi-Fi System,ukdale
2013-04-18 10:12:18,228.2,0.399,91.0,2.53e-05,ON,Fridge,ukdale
2013-04-18 10:12:18,231.1,7.924,1831.0,0.0005086,ON,Dishwasher,ukdale
2013-04-18 10:12:18,229.6,0.013,3.0,8e-07,ON,Television,ukdale
2013-04-18 10:12:18,231.6,0.026,6.0,1.7e-06,ON,Hi-Fi System,ukdale
2013-04-18 10:12:24,229.8,0.483,111.0,3.08e-05,ON,Fridge,ukdale
2013-04-18 10:12:24,231.6,8.565,1984.0,0.0005511,ON,Dishwasher,ukdale
2013-04-18 10:12:24,229.4,0.013,3.0,8e-07,ON,Television,ukdale
2013-04-18 10:12:24,229.0,0.031,7.0,1.9e-06,ON,Hi-Fi System,ukdale
2013-04-18 10:12:30,231.0,0.45,104.0,2.89e-05,ON,Fridge,ukdale
2013-04-18 10:12:30,230.0,7.912,1820.0,0.0005056,ON,Dishwasher,ukdale
2013-04-18 10:12:30,229.6,0.013,3.0,8e-07,ON,Television,ukdale
2013-04-18 10:12:30,230.5,0.026,6.0,1.7e-06,ON,Hi-Fi System,ukdale
2013-04-18 10:12:36,229.3,0.502,115.0,3.19e-05,ON,Fridge,ukdale
2013-04-18 10:12:36,229.4,8.657,1986.0,0.0005517,ON,Dishwasher,ukdale
2013-04-18 10:12:36,228.6,0.013,3.0,8e-07,ON,Television,ukdale
2013-04-18 10:12:36,230.0,0.026,6.0,1.7e-06,ON,Hi-Fi System,ukdale
2013-04-18 10:12:42,229.3,0.51,117.0,3.25e-05,ON,Fridge,ukdale
2013-04-18 10:12:42,228.2,8.552,1952.0,0.0005422,ON,Dishwasher,ukdale
2013-04-18 10:12:42,229.0,0.013,3.0,8e-07,ON,Television,ukdale
2013-04-18 10:12:42,228.2,0.022,5.0,1.4e-06,ON,Hi-Fi System,ukdale
2013-04-18 10:12:48,231.9,0.466,108.0,3e-05,ON,Fridge,ukdale
2013-04-18 10:12:48,231.3,8.501,1966.0,0.0005461,ON,Dishwasher,ukdale
2013-04-18 10:12:48,229.7,0.013,3.0,8e-07,ON,Television,ukdale
2013-04-18 10:12:48,231.2,0.03,7.0,1.9e-06,ON,Hi-Fi System,ukdale
2013-04-18 10:12:54,230.0,0.478,110.0,3.06e-05,ON,Fridge,ukdale
2013-04-18 10:12:54,228.2,8.509,1942.0,0.0005394,ON,Dishwasher,ukdale
2013-04-18 10:12:54,228.3,0.013,3.0,8e-07,ON,Television,ukdale
2013-04-18 10:12:54,231.7,0.03,7.0,1.9e-06,ON,Hi-Fi System,ukdale
2013-04-18 10:13:00,230.7,0.516,119.0,3.31e-05,ON,Fridge,ukdale
2013-04-18 10:13:00,230.9,8.5,1963.0,0.0005453,ON,Dishwasher,ukdale
2013-04-18 10:13:00,229.5,0.013,3.0,8e-07,ON,Television,ukdale
2013-04-18 10:13:00,229.3,0.026,6.0,1.7e-06,ON,Hi-Fi System,ukdale
2013-04-18 10:13:06,230.0,0.465,107.0,2.97e-05,ON,Fridge,ukdale
2013-04-18 10:13:06,230.5,8.636,1991.0,0.0005531,ON,Dishwasher,ukdale
2013-04-18 10:13:06,230.0,0.013,3.0,8e-07,ON,Television,ukdale
2013-04-18 10:13:06,231.5,0.026,6.0,1.7e-06,ON,Hi-Fi System,ukdale
2013-04-18 10:13:12,229.2,0.414,95.0,2.64e-05,ON,Fridge,ukdale
2013-04-18 10:13:12,228.2,7.891,1801.0,0.0005003,ON,Dishwasher,ukdale
2013-04-18 10:13:12,231.4,0.013,3.0,8e-07,ON,Television,ukdale
2013-04-18 10:13:12,231.5,0.03,7.0,1.9e-06,ON,Hi-Fi System,ukdale
2013-04-18 10:13:18,228.3,0.456,104.0,2.89e-05,ON,Fridge,ukdale
2013-04-18 10:13:18,231.1,8.269,1911.0,0.0005308,ON,Dishwasher,ukdale
2013-04-18 10:13:18,229.1,0.013,3.0,8e-07,ON,Television,ukdale
2013-04-18 10:13:18,228.5,0.022,5.0,1.4e-06,ON,Hi-Fi System,ukdale
2013-04-18 10:13:24,228.2,0.495,113.0,3.14e-05,ON,Fridge,ukdale
2013-04-18 10:13:24,230.8,8.647,1996.0,0.0005544,ON,Dishwasher,ukdale
2013-04-18 10:13:24,229.7,0.013,3.0,8e-07,ON,Television,ukdale
2013-04-18 10:13:24,229.2,0.026,6.0,1.7e-06,ON,Hi-Fi System,ukdale
2013-04-18 10:13:30,231.5,0.406,94.0,2.61e-05,ON,Fridge,ukdale
2013-04-18 10:13:30,230.4,7.923,1825.0,0.0005069,ON,Dishwasher,ukdale
2013-04-18 10:13:30,230.5,0.013,3.0,8e-07,ON,Television,ukdale
2013-04-18 10:13:30,230.5,0.03,7.0,1.9e-06,ON,Hi-Fi System,ukdale
2013-04-18 10:13:36,229.2,0.436,100.0,2.78e-05,ON,Fridge,ukdale
2013-04-18 10:13:36,231.3,7.935,1835.0,0.0005097,ON,Dishwasher,ukdale
2013-04-18 10:13:36,229.8,0.013,3.0,8e-07,ON,Television,ukdale
2013-04-18 10:13:36,229.2,0.026,6.0,1.7e-06,ON,Hi-Fi System,ukdale
2013-04-18 10:13:42,229.2,0.401,92.0,2.56e-05,ON,Fridge,ukdale
2013-04-18 10:13:42,230.3,8.634,1988.0,0.0005522,ON,Dishwasher,ukdale
2013-04-18 10:13:42,230.4,0.013,3.0,8e-07,ON,Television,ukdale
2013-04-18 10:13:42,228.2,0.026,6.0,1.7e-06,ON,Hi-Fi System,ukdale
2013-04-18 10:13:48,228.9,0.507,116.0,3.22e-05,ON,Fridge,ukdale
2013-04-18 10:13:48,228.5,8.705,1989.0,0.0005525,ON,Dishwasher,ukdale
2013-04-18 10:13:48,228.2,0.013,3.0,8e-07,ON,Television,ukdale
2013-04-18 10:13:48,230.4,0.026,6.0,1.7e-06,ON,Hi-Fi System,ukdale
2013-04-18 10:13:54,231.5,0.514,119.0,3.31e-05,ON,Fridge,ukdale
2013-04-18 10:13:54,230.2,8.453,1946.0,0.0005406,ON,Dishwasher,ukdale
2013-04-18 10:13:54,230.2,0.013,3.0,8e-07,ON,Television,ukdale
2013-04-18 10:13:54,229.1,0.026,6.0,1.7e-06,ON,Hi-Fi System,ukdale
2013-04-18 10:14:00,229.2,0.493,113.0,3.14e-05,ON,Fridge,ukdale
2013-04-18 10:14:00,229.2,8.149,1868.0,0.0005189,ON,Dishwasher,ukdale
2013-04-18 10:14:00,229.6,0.013,3.0,8e-07,ON,Television,ukdale
2013-04-18 10:14:00,231.8,0.026,6.0,1.7e-06,ON,Hi-Fi System,ukdale
2013-04-18 10:14:06,230.0,0.517,119.0,3.31e-05,ON,Fridge,ukdale
2013-04-18 10:14:06,230.3,8.033,1850.0,0.0005139,ON,Dishwasher,ukdale
2013-04-18 10:14:06,231.7,0.013,3.0,8e-07,ON,Television,ukdale
2013-04-18 10:14:06,231.5,0.026,6.0,1.7e-06,ON,Hi-Fi System,ukdale
2013-04-18 10:14:12,231.7,0.414,96.0,2.67e-05,ON,Fridge,ukdale
2013-04-18 10:14:12,228.6,8.04,1838.0,0.0005106,ON,Dishwasher,ukdale
2013-04-18 10:14:12,231.7,0.013,3.0,8e-07,ON,Television,ukdale
2013-04-18 10:14:12,229.5,0.026,6.0,1.7e-06,ON,Hi-Fi System,ukdale
2013-04-18 10:14:18,228.2,0.451,103.0,2.86e-05,ON,Fridge,ukdale
2013-04-18 10:14:18,229.2,8.336,1911.0,0.0005308,ON,Dishwasher,ukdale
2013-04-18 10:14:18,228.4,0.013,3.0,8e-07,ON,Television,ukdale
2013-04-18 10:14:18,229.7,0.03,7.0,1.9e-06,ON,Hi-Fi System,ukdale
2013-04-18 10:14:24,230.4,0.417,96.0,2.67e-05,ON,Fridge,ukdale
2013-04-18 10:14:24,231.0,7.986,1845.0,0.0005125,ON,Dishwasher,ukdale
2013-04-18 10:14:24,230.6,0.013,3.0,8e-07,ON,Television,ukdale
2013-04-18 10:14:24,230.4,0.03,7.0,1.9e-06,ON,Hi-Fi System,ukdale
2013-04-18 10:14:30,231.3,0.463,107.0,2.97e-05,ON,Fridge,ukdale
2013-04-18 10:14:30,228.4,8.368,1911.0,0.0005308,ON,Dishwasher,ukdale
2013-04-18 10:14:30,230.0,0.013,3.0,8e-07,ON,Television,ukdale
2013-04-18 10:14:30,228.2,0.022,5.0,1.4e-06,ON,Hi-Fi System,ukdale
2013-04-18 10:14:36,231.9,0.444,103.0,2.86e-05,ON,Fridge,ukdale
2013-04-18 10:14:36,230.2,7.828,1802.0,0.0005006,ON,Dishwasher,ukdale
2013-04-18 10:14:36,231.7,0.013,3.0,8e-07,ON,Television,ukdale
2013-04-18 10:14:36,229.6,0.026,6.0,1.7e-06,ON,Hi-Fi System,ukdale
2013-04-18 10:14:42,229.2,0.524,120.0,3.33e-05,ON,Fridge,ukdale
2013-04-18 10:14:42,229.5,8.219,1886.0,0.0005239,ON,Dishwasher,ukdale
2013-04-18 10:14:42,229.9,0.013,3.0,8e-07,ON,Television,ukdale
2013-04-18 10:14:42,228.8,0.026,6.0,1.7e-06,ON,Hi-Fi System,ukdale
2013-04-18 10:14:48,230.4,0.421,97.0,2.69e-05,ON,Fridge,ukdale
2013-04-18 10:14:48,231.5,8.092,1873.0,0.0005203,ON,Dishwasher,ukdale
2013-04-18 10:14:48,230.5,0.013,3.0,8e-07,ON,Television,ukdale
2013-04-18 10:14:48,230.0,0.03,7.0,1.9e-06,ON,Hi-Fi System,ukdale
2013-04-18 10:14:54,228.1,0.5,114.0,3.17e-05,ON,Fridge,ukdale
2013-04-18 10:14:54,228.2,8.208,1873.0,0.0005203,ON,Dishwasher,ukdale
2013-04-18 10:14:54,228.6,0.013,3.0,8e-07,ON,Television,ukdale
2013-04-18 10:14:54,228.1,0.026,6.0,1.7e-06,ON,Hi-Fi System,ukdale
2013-04-18 10:15:00,229.7,0.496,114.0,3.17e-05,ON,Fridge,ukdale
2013-04-18 10:15:00,228.1,8.029,1831.0,0.0005086,ON,Dishwasher,ukdale
2013-04-18 10:15:00,229.4,0.013,3.0,8e-07,ON,Television,ukdale
2013-04-18 10:15:00,230.2,0.022,5.0,1.4e-06,ON,Hi-Fi System,ukdale
2013-04-18 10:15:06,229.6,0.479,110.0,3.06e-05,ON,Fridge,ukdale
2013-04-18 10:15:06,230.7,8.46,1952.0,0.0005422,ON,Dishwasher,ukdale
2013-04-18 10:15:06,231.6,0.013,3.0,8e-07,ON,Television,ukdale
2013-04-18 10:15:06,230.5,0.026,6.0,1.7e-06,ON,Hi-Fi System,ukdale
2013-04-18 10:15:12,229.5,0.505,116.0,3.22e-05,ON,Fridge,ukdale
2013-04-18 10:15:12,229.1,8.0,1833.0,0.0005092,ON,Dishwasher,ukdale
2013-04-18 10:15:12,230.7,0.013,3.0,8e-07,ON,Television,ukdale
2013-04-18 10:15:12,231.1,0.026,6.0,1.7e-06,ON,Hi-Fi System,ukdale
2013-04-18 10:15:18,230.4,0.517,119.0,3.31e-05,ON,Fridge,ukdale
2013-04-18 10:15:18,231.8,8.456,1960.0,0.0005444,ON,Dishwasher,ukdale
2013-04-18 10:15:18,228.4,0.013,3.0,8e-07,ON,Television,ukdale
2013-04-18 10:15:18,229.8,0.03,7.0,1.9e-06,ON,Hi-Fi System,ukdale
2013-04-18 10:15:24,229.5,0.392,90.0,2.5e-05,ON,Fridge,ukdale
2013-04-18 10:15:24,229.9,8.267,1901.0,0.0005281,ON,Dishwasher,ukdale
2013-04-18 10:15:24,230.0,0.013,3.0,8e-07,ON,Television,ukdale
2013-04-18 10:15:24,228.0,0.026,6.0,1.7e-06,ON,Hi-Fi System,ukdale
2013-04-18 10:15:30,230.4,0.417,96.0,2.67e-05,ON,Fridge,ukdale
2013-04-18 10:15:30,231.3,8.579,1984.0,0.0005511,ON,Dishwasher,ukdale
2013-04-18 10:15:30,230.0,0.013,3.0,8e-07,ON,Television,ukdale
2013-04-18 10:15:30,230.3,0.026,6.0,1.7e-06,ON,Hi-Fi System,ukdale
2013-04-18 10:15:36,231.8,0.423,98.0,2.72e-05,ON,Fridge,ukdale
2013-04-18 10:15:36,230.7,7.993,1844.0,0.0005122,ON,Dishwasher,ukdale
2013-04-18 10:15:36,228.4,0.013,3.0,8e-07,ON,Television,ukdale
2013-04-18 10:15:36,230.3,0.03,7.0,1.9e-06,ON,Hi-Fi System,ukdale
2013-04-18 10:15:42,230.3,0.391,90.0,2.5e-05,ON,Fridge,ukdale
2013-04-18 10:15:42,229.4,8.003,1836.0,0.00051,ON,Dishwasher,ukdale
2013-04-18 10:15:42,228.4,0.013,3.0,8e-07,ON,Television,ukdale
2013-04-18 10:15:42,231.8,0.022,5.0,1.4e-06,ON,Hi-Fi System,ukdale
2013-04-18 10:15:48,230.2,0.491,113.0,3.14e-05,ON,Fridge,ukdale
2013-04-18 10:15:48,230.6,8.52,1965.0,0.0005458,ON,Dishwasher,ukdale
2013-04-18 10:15:48,229.4,0.013,3.0,8e-07,ON,Television,ukdale
2013-04-18 10:15:48,229.1,0.026,6.0,1.7e-06,ON,Hi-Fi System,ukdale
2013-04-18 10:15:54,228.3,0.407,93.0,2.58e-05,ON,Fridge,ukdale
2013-04-18 10:15:54,231.7,8.401,1947.0,0.0005408,ON,Dishwasher,ukdale
2013-04-18 10:15:54,230.5,0.013,3.0,8e-07,ON,Television,ukdale
2013-04-18 10:15:54,229.9,0.026,6.0,1.7e-06,ON,Hi-Fi System,ukdale
2013-04-18 10:16:00,231.6,0.505,117.0,3.25e-05,ON,Fridge,ukdale
2013-04-18 10:16:00,229.9,7.895,1815.0,0.0005042,ON,Dishwasher,ukdale
2013-04-18 10:16:00,231.1,0.013,3.0,8e-07,ON,Television,ukdale
2013-04-18 10:16:00,228.3,0.026,6.0,1.7e-06,ON,Hi-Fi System,ukdale
2013-04-18 10:16:06,230.3,0.434,100.0,2.78e-05,ON,Fridge,ukdale
2013-04-18 10:16:06,228.5,8.455,1932.0,0.0005367,ON,Dishwasher,ukdale
2013-04-18 10:16:06,230.0,0.013,3.0,8e-07,ON,Television,ukdale
2013-04-18 10:16:06,231.5,0.026,6.0,1.7e-06,ON,Hi-Fi System,ukdale
2013-04-18 10:16:12,228.8,0.433,99.0,2.75e-05,ON,Fridge,ukdale
2013-04-18 10:16:12,230.3,7.924,1825.0,0.0005069,ON,Dishwasher,ukdale
2013-04-18 10:16:12,231.4,0.013,3.0,8e-07,ON,Television,ukdale
2013-04-18 10:16:12,228.3,0.026,6.0,1.7e-06,ON,Hi-Fi System,ukdale
2013-04-18 10:16:18,231.9,0.509,118.0,3.28e-05,ON,Fridge,ukdale
2013-04-18 10:16:18,229.1,7.937,1818.0,0.000505,ON,Dishwasher,ukdale
2013-04-18 10:16:18,229.2,0.013,3.0,8e-07,ON,Television,ukdale
2013-04-18 10:16:18,229.3,0.022,5.0,1.4e-06,ON,Hi-Fi System,ukdale
2013-04-18 10:16:24,228.2,0.408,93.0,2.58e-05,ON,Fridge,ukdale
2013-04-18 10:16:24,228.3,7.968,1819.0,0.0005053,ON,Dishwasher,ukdale
2013-04-18 10:16:24,228.3,0.013,3.0,8e-07,ON,Television,ukdale
2013-04-18 10:16:24,228.9,0.022,5.0,1.4e-06,ON,Hi-Fi System,ukdale
2013-04-18 10:16:30,230.4,0.499,115.0,3.19e-05,ON,Fridge,ukdale
2013-04-18 10:16:30,229.7,8.644,1986.0,0.0005517,ON,Dishwasher,ukdale
2013-04-18 10:16:30,229.0,0.013,3.0,8e-07,ON,Television,ukdale
2013-04-18 10:16:30,230.4,0.026,6.0,1.7e-06,ON,Hi-Fi System,ukdale
2013-04-18 10:16:36,229.4,0.427,98.0,2.72e-05,ON,Fridge,ukdale
2013-04-18 10:16:36,229.8,7.93,1822.0,0.0005061,ON,Dishwasher,ukdale
2013-04-18 10:16:36,230.6,0.013,3.0,8e-07,ON,Television,ukdale
2013-04-18 10:16:36,230.2,0.026,6.0,1.7e-06,ON,Hi-Fi System,ukdale
2013-04-18 10:16:42,229.8,0.435,100.0,2.78e-05,ON,Fridge,ukdale
2013-04-18 10:16:42,229.4,8.068,1851.0,0.0005142,ON,Dishwasher,ukdale
2013-04-18 10:16:42,231.0,0.013,3.0,8e-07,ON,Television,ukdale
2013-04-18 10:16:42,228.9,0.026,6.0,1.7e-06,ON,Hi-Fi System,ukdale
2013-04-18 10:16:48,230.9,0.485,112.0,3.11e-05,ON,Fridge,ukdale
2013-04-18 10:16:48,228.9,8.733,1999.0,0.0005553,ON,Dishwasher,ukdale
2013-04-18 10:16:48,231.6,0.013,3.0,8e-07,ON,Television,ukdale
2013-04-18 10:16:48,229.2,0.026,6.0,1.7e-06,ON,Hi-Fi System,ukdale
2013-04-18 10:16:54,228.0,0.465,106.0,2.94e-05,ON,Fridge,ukdale
2013-04-18 10:16:54,231.5,7.811,1808.0,0.0005022,ON,Dishwasher,ukdale
2013-04-18 10:16:54,231.8,0.013,3.0,8e-07,ON,Television,ukdale
2013-04-18 10:16:54,231.0,0.022,5.0,1.4e-06,ON,Hi-Fi System,ukdale
2013-04-18 10:17:00,231.7,0.509,118.0,3.28e-05,ON,Fridge,ukdale
2013-04-18 10:17:00,229.8,8.191,1882.0,0.0005228,ON,Dishwasher,ukdale
2013-04-18 10:17:00,231.5,0.013,3.0,8e-07,ON,Television,ukdale
2013-04-18 10:17:00,228.8,0.026,6.0,1.7e-06,ON,Hi-Fi System,ukdale
2013-04-18 10:17:06,231.1,0.502,116.0,3.22e-05,ON,Fridge,ukdale
2013-04-18 10:17:06,229.1,8.655,1983.0,0.0005508,ON,Dishwasher,ukdale
2013-04-18 10:17:06,229.1,0.013,3.0,8e-07,ON,Television,ukdale
2013-04-18 10:17:06,228.0,0.026,6.0,1.7e-06,ON,Hi-Fi System,ukdale
2013-04-18 10:17:12,231.0,0.502,116.0,3.22e-05,ON,Fridge,ukdale
2013-04-18 10:17:12,228.2,8.738,1994.0,0.0005539,ON,Dishwasher,ukdale
2013-04-18 10:17:12,228.8,0.013,3.0,8e-07,ON,Television,ukdale
2013-04-18 10:17:12,228.1,0.031,7.0,1.9e-06,ON,Hi-Fi System,ukdale
2013-04-18 10:17:18,228.5,0.407,93.0,2.58e-05,ON,Fridge,ukdale
2013-04-18 10:17:18,229.7,7.973,1831.0,0.0005086,ON,Dishwasher,ukdale
2013-04-18 10:17:18,230.8,0.013,3.0,8e-07,ON,Television,ukdale
2013-04-18 10:17:18,229.1,0.022,5.0,1.4e-06,ON,Hi-Fi System,ukdale
2013-04-18 10:17:24,231.4,0.432,100.0,2.78e-05,ON,Fridge,ukdale
2013-04-18 10:17:24,228.4,8.025,1833.0,0.0005092,ON,Dishwasher,ukdale
2013-04-18 10:17:24,228.8,0.013,3.0,8e-07,ON,Television,ukdale
2013-04-18 10:17:24,229.7,0.026,6.0,1.7e-06,ON,Hi-Fi System,ukdale
2013-04-18 10:17:30,231.7,0.449,104.0,2.89e-05,ON,Fridge,ukdale
2013-04-18 10:17:30,229.9,8.534,1962.0,0.000545,ON,Dishwasher,ukdale
2013-04-18 10:17:30,231.6,0.013,3.0,8e-07,ON,Television,ukdale
2013-04-18 10:17:30,228.7,0.026,6.0,1.7e-06,ON,Hi-Fi System,ukdale
2013-04-18 10:17:36,231.5,0.423,98.0,2.72e-05,ON,Fridge,ukdale
2013-04-18 10:17:36,229.5,8.596,1973.0,0.0005481,ON,Dishwasher,ukdale
2013-04-18 10:17:36,229.9,0.013,3.0,8e-07,ON,Television,ukdale
2013-04-18 10:17:36,230.5,0.026,6.0,1.7e-06,ON,Hi-Fi System,ukdale
2013-04-18 10:17:42,231.7,0.462,107.0,2.97e-05,ON,Fridge,ukdale
2013-04-18 10:17:42,230.9,8.635,1994.0,0.0005539,ON,Dishwasher,ukdale
2013-04-18 10:17:42,231.5,0.013,3.0,8e-07,ON,Television,ukdale
2013-04-18 10:17:42,229.0,0.031,7.0,1.9e-06,ON,Hi-Fi System,ukdale
2013-04-18 10:17:48,231.4,0.467,108.0,3e-05,ON,Fridge,ukdale
2013-04-18 10:17:48,229.1,7.943,1820.0,0.0005056,ON,Dishwasher,ukdale
2013-04-18 10:17:48,229.4,0.013,3.0,8e-07,ON,Television,ukdale
2013-04-18 10:17:48,231.8,0.022,5.0,1.4e-06,ON,Hi-Fi System,ukdale
2013-04-18 10:17:54,230.4,0.495,114.0,3.17e-05,ON,Fridge,ukdale
2013-04-18 10:17:54,229.5,8.637,1982.0,0.0005506,ON,Dishwasher,ukdale
2013-04-18 10:17:54,230.5,0.013,3.0,8e-07,ON,Television,ukdale
2013-04-18 10:17:54,231.9,0.026,6.0,1.7e-06,ON,Hi-Fi System,ukdale
2013-04-18 10:18:00,231.3,0.493,114.0,3.17e-05,ON,Fridge,ukdale
2013-04-18 10:18:00,228.4,0.013,3.0,8e-07,ON,Television,ukdale
2013-04-18 10:18:00,230.7,0.026,6.0,1.7e-06,ON,Hi-Fi System,ukdale
2013-04-18 10:18:06,230.2,0.43,99.0,2.75e-05,ON,Fridge,ukdale
2013-04-18 10:18:06,229.0,0.013,3.0,8e-07,ON,Television,ukdale
2013-04-18 10:18:06,228.8,0.031,7.0,1.9e-06,ON,Hi-Fi System,ukdale
2013-04-18 10:18:12,230.8,0.403,93.0,2.58e-05,ON,Fridge,ukdale
2013-04-18 10:18:12,229.5,0.013,3.0,8e-07,ON,Television,ukdale
2013-04-18 10:18:12,228.3,0.026,6.0,1.7e-06,ON,Hi-Fi System,ukdale
2013-04-18 10:18:18,231.6,0.458,106.0,2.94e-05,ON,Fridge,ukdale
2013-04-18 10:18:18,231.9,0.013,3.0,8e-07,ON,Television,ukdale
2013-04-18 10:18:18,230.8,0.026,6.0,1.7e-06,ON,Hi-Fi System,ukdale
2013-04-18 10:18:24,229.1,0.502,115.0,3.19e-05,ON,Fridge,ukdale
2013-04-18 10:18:24,229.7,0.013,3.0,8e-07,ON,Television,ukdale
2013-04-18 10:18:24,228.5,0.022,5.0,1.4e-06,ON,Hi-Fi System,ukdale
2013-04-18 10:18:30,231.1,0.48,111.0,3.08e-05,ON,Fridge,ukdale
2013-04-18 10:18:30,230.3,0.013,3.0,8e-07,ON,Television,ukdale
2013-04-18 10:18:30,228.7,0.026,6.0,1.7e-06,ON,Hi-Fi System,ukdale
2013-04-18 10:18:36,228.8,0.463,106.0,2.94e-05,ON,Fridge,ukdale
2013-04-18 10:18:36,230.7,0.013,3.0,8e-07,ON,Television,ukdale
2013-04-18 10:18:36,230.0,0.026,6.0,1.7e-06,ON,Hi-Fi System,ukdale
2013-04-18 10:18:42,229.9,0.457,105.0,2.92e-05,ON,Fridge,ukdale
2013-04-18 10:18:42,229.8,0.013,3.0,8e-07,ON,Television,ukdale
2013-04-18 10:18:42,228.5,0.031,7.0,1.9e-06,ON,Hi-Fi System,ukdale
2013-04-18 10:18:48,228.1,0.43,98.0,2.72e-05,ON,Fridge,ukdale
2013-04-18 10:18:48,229.9,0.013,3.0,8e-07,ON,Television,ukdale
2013-04-18 10:18:48,231.2,0.03,7.0,1.9e-06,ON,Hi-Fi System,ukdale
2013-04-18 10:18:54,228.7,0.45,103.0,2.86e-05,ON,Fridge,ukdale
2013-04-18 10:18:54,229.0,0.013,3.0,8e-07,ON,Television,ukdale
2013-04-18 10:18:54,229.5,0.022,5.0,1.4e-06,ON,Hi-Fi System,ukdale
2013-04-18 10:19:00,230.1,0.474,109.0,3.03e-05,ON,Fridge,ukdale
2013-04-18 10:19:00,229.8,0.013,3.0,8e-07,ON,Television,ukdale
2013-04-18 10:19:00,228.9,0.026,6.0,1.7e-06,ON,Hi-Fi System,ukdale
2013-04-18 10:19:06,231.8,0.466,108.0,3e-05,ON,Fridge,ukdale
2013-04-18 10:19:06,231.0,0.013,3.0,8e-07,ON,Television,ukdale
2013-04-18 10:19:06,229.9,0.022,5.0,1.4e-06,ON,Hi-Fi System,ukdale
2013-04-18 10:19:12,229.3,0.523,120.0,3.33e-05,ON,Fridge,ukdale
2013-04-18 10:19:12,229.0,0.013,3.0,8e-07,ON,Television,ukdale
2013-04-18 10:19:12,231.0,0.026,6.0,1.7e-06,ON,Hi-Fi System,ukdale
2013-04-18 10:19:18,228.8,0.441,101.0,2.81e-05,ON,Fridge,ukdale
2013-04-18 10:19:18,228.2,0.013,3.0,8e-07,ON,Television,ukdale
2013-04-18 10:19:18,229.8,0.026,6.0,1.7e-06,ON,Hi-Fi System,ukdale
2013-04-18 10:19:24,228.1,0.408,93.0,2.58e-05,ON,Fridge,ukdale
2013-04-18 10:19:24,228.0,0.013,3.0,8e-07,ON,Television,ukdale
2013-04-18 10:19:24,228.5,0.026,6.0,1.7e-06,ON,Hi-Fi System,ukdale
2013-04-18 10:19:30,229.3,0.519,119.0,3.31e-05,ON,Fridge,ukdale
2013-04-18 10:19:30,231.6,0.013,3.0,8e-07,ON,Television,ukdale
2013-04-18 10:19:30,230.8,0.022,5.0,1.4e-06,ON,Hi-Fi System,ukdale
2013-04-18 10:19:36,230.7,0.459,106.0,2.94e-05,ON,Fridge,ukdale
2013-04-18 10:19:36,228.0,0.013,3.0,8e-07,ON,Television,ukdale
2013-04-18 10:19:36,228.7,0.026,6.0,1.7e-06,ON,Hi-Fi System,ukdale
2013-04-18 10:19:42,228.3,0.495,113.0,3.14e-05,ON,Fridge,ukdale
2013-04-18 10:19:42,231.2,0.013,3.0,8e-07,ON,Television,ukdale
2013-04-18 10:19:42,228.1,0.022,5.0,1.4e-06,ON,Hi-Fi System,ukdale
2013-04-18 10:19:48,229.6,0.514,118.0,3.28e-05,ON,Fridge,ukdale
2013-04-18 10:19:48,231.2,0.013,3.0,8e-07,ON,Television,ukdale
2013-04-18 10:19:48,228.8,0.026,6.0,1.7e-06,ON,Hi-Fi System,ukdale
2013-04-18 10:19:54,230.1,0.452,104.0,2.89e-05,ON,Fridge,ukdale
2013-04-18 10:19:54,229.4,0.013,3.0,8e-07,ON,Television,ukdale
2013-04-18 10:19:54,229.3,0.026,6.0,1.7e-06,ON,Hi-Fi System,ukdale
2013-04-18 10:20:00,231.5,0.445,103.0,2.86e-05,ON,Fridge,ukdale
2013-04-18 10:20:00,228.2,0.013,3.0,8e-07,ON,Television,ukdale
2013-04-18 10:20:00,230.3,0.026,6.0,1.7e-06,ON,Hi-Fi System,ukdale
2013-04-18 10:20:06,229.1,0.485,111.0,3.08e-05,ON,Fridge,ukdale
2013-04-18 10:20:06,230.5,0.013,3.0,8e-07,ON,Television,ukdale
2013-04-18 10:20:06,230.5,0.026,6.0,1.7e-06,ON,Hi-Fi System,ukdale
2013-04-18 10:20:12,229.8,0.422,97.0,2.69e-05,ON,Fridge,ukdale
2013-04-18 10:20:12,231.4,0.013,3.0,8e-07,ON,Television,ukdale
2013-04-18 10:20:12,228.0,0.031,7.0,1.9e-06,ON,Hi-Fi System,ukdale
2013-04-18 10:20:18,228.4,0.42,96.0,2.67e-05,ON,Fridge,ukdale
2013-04-18 10:20:18,231.9,0.013,3.0,8e-07,ON,Television,ukdale
2013-04-18 10:20:18,229.6,0.03,7.0,1.9e-06,ON,Hi-Fi System,ukdale
2013-04-18 10:20:24,230.9,0.489,113.0,3.14e-05,ON,Fridge,ukdale
2013-04-18 10:20:24,230.3,0.013,3.0,8e-07,ON,Television,ukdale
2013-04-18 10:20:24,228.5,0.031,7.0,1.9e-06,ON,Hi-Fi System,ukdale
2013-04-18 10:20:30,228.2,0.421,96.0,2.67e-05,ON,Fridge,ukdale
2013-04-18 10:20:30,231.0,0.013,3.0,8e-07,ON,Television,ukdale
2013-04-18 10:20:30,228.9,0.031,7.0,1.9e-06,ON,Hi-Fi System,ukdale
2013-04-18 10:20:36,228.7,0.525,120.0,3.33e-05,ON,Fridge,ukdale
2013-04-18 10:20:36,231.0,0.013,3.0,8e-07,ON,Television,ukdale
2013-04-18 10:20:36,229.5,0.026,6.0,1.7e-06,ON,Hi-Fi System,ukdale
2013-04-18 10:20:42,230.6,0.477,110.0,3.06e-05,ON,Fridge,ukdale
2013-04-18 10:20:42,230.9,0.013,3.0,8e-07,ON,Television,ukdale
2013-04-18 10:20:42,228.2,0.022,5.0,1.4e-06,ON,Hi-Fi System,ukdale
2013-04-18 10:20:48,228.4,0.46,105.0,2.92e-05,ON,Fridge,ukdale
2013-04-18 10:20:48,231.0,0.013,3.0,8e-07,ON,Television,ukdale
2013-04-18 10:20:48,228.3,0.031,7.0,1.9e-06,ON,Hi-Fi System,ukdale
2013-04-18 10:20:54,231.2,0.415,96.0,2.67e-05,ON,Fridge,ukdale
2013-04-18 10:20:54,228.2,0.013,3.0,8e-07,ON,Television,ukdale
2013-04-18 10:20:54,228.6,0.026,6.0,1.7e-06,ON,Hi-Fi System,ukdale
2013-04-18 10:21:00,231.7,0.414,96.0,2.67e-05,ON,Fridge,ukdale
2013-04-18 10:21:00,229.8,0.013,3.0,8e-07,ON,Television,ukdale
2013-04-18 10:21:00,231.9,0.026,6.0,1.7e-06,ON,Hi-Fi System,ukdale
2013-04-18 10:21:06,231.8,0.388,90.0,2.5e-05,ON,Fridge,ukdale
2013-04-18 10:21:06,231.5,0.013,3.0,8e-07,ON,Television,ukdale
2013-04-18 10:21:06,228.8,0.026,6.0,1.7e-06,ON,Hi-Fi System,ukdale
2013-04-18 10:21:12,231.2,0.463,107.0,2.97e-05,ON,Fridge,ukdale
2013-04-18 10:21:12,229.1,0.013,3.0,8e-07,ON,Television,ukdale
2013-04-18 10:21:12,229.6,0.026,6.0,1.7e-06,ON,Hi-Fi System,ukdale
2013-04-18 10:21:18,231.9,0.5,116.0,3.22e-05,ON,Fridge,ukdale
2013-04-18 10:21:18,231.1,0.013,3.0,8e-07,ON,Television,ukdale
2013-04-18 10:21:18,231.3,0.026,6.0,1.7e-06,ON,Hi-Fi System,ukdale
2013-04-18 10:21:24,229.4,0.458,105.0,2.92e-05,ON,Fridge,ukdale
2013-04-18 10:21:24,229.4,0.013,3.0,8e-07,ON,Television,ukdale
2013-04-18 10:21:24,231.5,0.026,6.0,1.7e-06,ON,Hi-Fi System,ukdale
2013-04-18 10:21:30,231.3,0.519,120.0,3.33e-05,ON,Fridge,ukdale
2013-04-18 10:21:30,228.3,0.013,3.0,8e-07,ON,Television,ukdale
2013-04-18 10:21:30,230.4,0.026,6.0,1.7e-06,ON,Hi-Fi System,ukdale
2013-04-18 10:21:36,229.2,0.449,103.0,2.86e-05,ON,Fridge,ukdale
2013-04-18 10:21:36,232.0,0.013,3.0,8e-07,ON,Television,ukdale
2013-04-18 10:21:36,229.6,0.022,5.0,1.4e-06,ON,Hi-Fi System,ukdale
2013-04-18 10:21:42,228.7,0.446,102.0,2.83e-05,ON,Fridge,ukdale
2013-04-18 10:21:42,228.8,0.013,3.0,8e-07,ON,Television,ukdale
2013-04-18 10:21:42,229.4,0.026,6.0,1.7e-06,ON,Hi-Fi System,ukdale
2013-04-18 10:21:48,230.4,0.512,118.0,3.28e-05,ON,Fridge,ukdale
2013-04-18 10:21:48,230.4,0.013,3.0,8e-07,ON,Television,ukdale
2013-04-18 10:21:48,228.1,0.026,6.0,1.7e-06,ON,Hi-Fi System,ukdale
2013-04-18 10:21:54,231.3,0.51,118.0,3.28e-05,ON,Fridge,ukdale
2013-04-18 10:21:54,229.0,0.013,3.0,8e-07,ON,Television,ukdale
2013-04-18 10:21:54,228.7,0.026,6.0,1.7e-06,ON,Hi-Fi System,ukdale
2013-04-18 10:22:00,230.3,0.517,119.0,3.31e-05,ON,Fridge,ukdale
2013-04-18 10:22:00,229.4,0.013,3.0,8e-07,ON,Television,ukdale
2013-04-18 10:22:00,230.3,0.03,7.0,1.9e-06,ON,Hi-Fi System,ukdale
2013-04-18 10:22:06,230.2,0.465,107.0,2.97e-05,ON,Fridge,ukdale
2013-04-18 10:22:06,229.8,0.013,3.0,8e-07,ON,Television,ukdale
2013-04-18 10:22:06,230.1,0.026,6.0,1.7e-06,ON,Hi-Fi System,ukdale
2013-04-18 10:22:12,231.5,0.441,102.0,2.83e-05,ON,Fridge,ukdale
2013-04-18 10:22:12,231.4,0.013,3.0,8e-07,ON,Television,ukdale
2013-04-18 10:22:12,230.7,0.022,5.0,1.4e-06,ON,Hi-Fi System,ukdale
2013-04-18 10:22:18,229.2,0.423,97.0,2.69e-05,ON,Fridge,ukdale
2013-04-18 10:22:18,228.6,0.013,3.0,8e-07,ON,Television,ukdale
2013-04-18 10:22:18,228.2,0.031,7.0,1.9e-06,ON,Hi-Fi System,ukdale
2013-04-18 10:22:24,230.1,0.439,101.0,2.81e-05,ON,Fridge,ukdale
2013-04-18 10:22:24,229.5,0.013,3.0,8e-07,ON,Television,ukdale
2013-04-18 10:22:24,231.8,0.026,6.0,1.7e-06,ON,Hi-Fi System,ukdale
2013-04-18 10:22:30,229.5,0.479,110.0,3.06e-05,ON,Fridge,ukdale
2013-04-18 10:22:30,229.7,0.013,3.0,8e-07,ON,Television,ukdale
2013-04-18 10:22:30,230.2,0.03,7.0,1.9e-06,ON,Hi-Fi System,ukdale
2013-04-18 10:22:36,231.4,0.441,102.0,2.83e-05,ON,Fridge,ukdale
2013-04-18 10:22:36,229.7,0.013,3.0,8e-07,ON,Television,ukdale
2013-04-18 10:22:36,229.7,0.026,6.0,1.7e-06,ON,Hi-Fi System,ukdale
2013-04-18 10:22:42,229.0,0.493,113.0,3.14e-05,ON,Fridge,ukdale
2013-04-18 10:22:42,228.7,0.013,3.0,8e-07,ON,Television,ukdale
2013-04-18 10:22:42,231.6,0.022,5.0,1.4e-06,ON,Hi-Fi System,ukdale
2013-04-18 10:22:48,230.1,0.452,104.0,2.89e-05,ON,Fridge,ukdale
2013-04-18 10:22:48,231.2,0.013,3.0,8e-07,ON,Television,ukdale
2013-04-18 10:22:48,229.3,0.022,5.0,1.4e-06,ON,Hi-Fi System,ukdale
2013-04-18 10:22:54,228.2,0.408,93.0,2.58e-05,ON,Fridge,ukdale
2013-04-18 10:22:54,230.1,0.013,3.0,8e-07,ON,Television,ukdale
2013-04-18 10:22:54,229.2,0.026,6.0,1.7e-06,ON,Hi-Fi System,ukdale
2013-04-18 10:23:00,228.7,0.442,101.0,2.81e-05,ON,Fridge,ukdale
2013-04-18 10:23:00,228.5,0.013,3.0,8e-07,ON,Television,ukdale
2013-04-18 10:23:00,230.0,0.026,6.0,1.7e-06,ON,Hi-Fi System,ukdale
2013-04-18 10:23:06,230.6,0.512,118.0,3.28e-05,ON,Fridge,ukdale
2013-04-18 10:23:06,231.7,0.013,3.0,8e-07,ON,Television,ukdale
2013-04-18 10:23:06,230.3,0.022,5.0,1.4e-06,ON,Hi-Fi System,ukdale
2013-04-18 10:23:12,230.2,0.426,98.0,2.72e-05,ON,Fridge,ukdale
2013-04-18 10:23:12,228.1,0.013,3.0,8e-07,ON,Television,ukdale
2013-04-18 10:23:12,229.9,0.026,6.0,1.7e-06,ON,Hi-Fi System,ukdale
2013-04-18 10:23:18,231.5,0.497,115.0,3.19e-05,ON,Fridge,ukdale
2013-04-18 10:23:18,231.8,0.013,3.0,8e-07,ON,Television,ukdale
2013-04-18 10:23:18,229.7,0.03,7.0,1.9e-06,ON,Hi-Fi System,ukdale
2013-04-18 10:23:24,231.6,0.466,108.0,3e-05,ON,Fridge,ukdale
2013-04-18 10:23:24,228.4,0.013,3.0,8e-07,ON,Television,ukdale
2013-04-18 10:23:24,231.4,0.03,7.0,1.9e-06,ON,Hi-Fi System,ukdale
2013-04-18 10:23:30,231.0,0.459,106.0,2.94e-05,ON,Fridge,ukdale
2013-04-18 10:23:30,230.3,0.013,3.0,8e-07,ON,Television,ukdale
2013-04-18 10:23:30,229.1,0.022,5.0,1.4e-06,ON,Hi-Fi System,ukdale
2013-04-18 10:23:36,231.6,0.479,111.0,3.08e-05,ON,Fridge,ukdale
2013-04-18 10:23:36,230.9,0.013,3.0,8e-07,ON,Television,ukdale
2013-04-18 10:23:36,230.3,0.022,5.0,1.4e-06,ON,Hi-Fi System,ukdale
2013-04-18 10:23:42,230.4,0.391,90.0,2.5e-05,ON,Fridge,ukdale
2013-04-18 10:23:42,230.8,0.013,3.0,8e-07,ON,Television,ukdale
2013-04-18 10:23:42,228.8,0.026,6.0,1.7e-06,ON,Hi-Fi System,ukdale
2013-04-18 10:23:48,229.5,0.445,102.0,2.83e-05,ON,Fridge,ukdale
2013-04-18 10:23:48,229.3,0.013,3.0,8e-07,ON,Television,ukdale
2013-04-18 10:23:48,228.7,0.026,6.0,1.7e-06,ON,Hi-Fi System,ukdale
2013-04-18 10:23:54,231.8,0.388,90.0,2.5e-05,ON,Fridge,ukdale
2013-04-18 10:23:54,229.3,0.013,3.0,8e-07,ON,Television,ukdale
2013-04-18 10:23:54,229.2,0.031,7.0,1.9e-06,ON,Hi-Fi System,ukdale
2013-04-18 10:24:00,229.4,0.466,107.0,2.97e-05,ON,Fridge,ukdale
2013-04-18 10:24:00,228.8,0.013,3.0,8e-07,ON,Television,ukdale
2013-04-18 10:24:00,228.6,0.026,6.0,1.7e-06,ON,Hi-Fi System,ukdale
2013-04-18 10:24:06,228.9,0.454,104.0,2.89e-05,ON,Fridge,ukdale
2013-04-18 10:24:06,229.7,0.013,3.0,8e-07,ON,Television,ukdale
2013-04-18 10:24:06,231.2,0.026,6.0,1.7e-06,ON,Hi-Fi System,ukdale
2013-04-18 10:24:12,229.7,0.492,113.0,3.14e-05,ON,Fridge,ukdale
2013-04-18 10:24:12,230.6,0.013,3.0,8e-07,ON,Television,ukdale
2013-04-18 10:24:12,229.9,0.026,6.0,1.7e-06,ON,Hi-Fi System,ukdale
2013-04-18 10:24:18,229.1,0.419,96.0,2.67e-05,ON,Fridge,ukdale
2013-04-18 10:24:18,229.8,0.013,3.0,8e-07,ON,Television,ukdale
2013-04-18 10:24:18,229.3,0.026,6.0,1.7e-06,ON,Hi-Fi System,ukdale
2013-04-18 10:24:24,230.9,0.429,99.0,2.75e-05,ON,Fridge,ukdale
2013-04-18 10:24:24,231.4,0.013,3.0,8e-07,ON,Television,ukdale
2013-04-18 10:24:24,228.6,0.026,6.0,1.7e-06,ON,Hi-Fi System,ukdale
2013-04-18 10:24:30,228.9,0.472,108.0,3e-05,ON,Fridge,ukdale
2013-04-18 10:24:30,229.6,0.013,3.0,8e-07,ON,Television,ukdale
2013-04-18 10:24:30,229.5,0.022,5.0,1.4e-06,ON,Hi-Fi System,ukdale
2013-04-18 10:24:36,231.1,0.394,91.0,2.53e-05,ON,Fridge,ukdale
2013-04-18 10:24:36,230.9,0.013,3.0,8e-07,ON,Television,ukdale
2013-04-18 10:24:36,230.0,0.026,6.0,1.7e-06,ON,Hi-Fi System,ukdale
2013-04-18 10:24:42,229.4,0.51,117.0,3.25e-05,ON,Fridge,ukdale
2013-04-18 10:24:42,230.8,0.013,3.0,8e-07,ON,Television,ukdale
2013-04-18 10:24:42,228.7,0.026,6.0,1.7e-06,ON,Hi-Fi System,ukdale
2013-04-18 10:24:48,229.3,0.519,119.0,3.31e-05,ON,Fridge,ukdale
2013-04-18 10:24:48,229.3,0.013,3.0,8e-07,ON,Television,ukdale
2013-04-18 10:24:48,231.4,0.03,7.0,1.9e-06,ON,Hi-Fi System,ukdale
2013-04-18 10:24:54,228.3,0.421,96.0,2.67e-05,ON,Fridge,ukdale
2013-04-18 10:24:54,231.5,0.013,3.0,8e-07,ON,Television,ukdale
2013-04-18 10:24:54,230.9,0.026,6.0,1.7e-06,ON,Hi-Fi System,ukdale
2013-04-18 10:25:00,230.3,0.425,98.0,2.72e-05,ON,Fridge,ukdale
2013-04-18 10:25:00,228.4,0.013,3.0,8e-07,ON,Television,ukdale
2013-04-18 10:25:00,230.6,0.026,6.0,1.7e-06,ON,Hi-Fi System,ukdale
2013-04-18 10:25:06,230.9,0.42,97.0,2.69e-05,ON,Fridge,ukdale
2013-04-18 10:25:06,230.5,0.013,3.0,8e-07,ON,Television,ukdale
2013-04-18 10:25:06,228.5,0.031,7.0,1.9e-06,ON,Hi-Fi System,ukdale
2013-04-18 10:25:12,229.1,0.493,113.0,3.14e-05,ON,Fridge,ukdale
2013-04-18 10:25:12,228.0,0.013,3.0,8e-07,ON,Television,ukdale
2013-04-18 10:25:12,228.9,0.026,6.0,1.7e-06,ON,Hi-Fi System,ukdale
2013-04-18 10:25:18,231.9,0.436,101.0,2.81e-05,ON,Fridge,ukdale
2013-04-18 10:25:18,228.3,0.013,3.0,8e-07,ON,Television,ukdale
2013-04-18 10:25:18,229.9,0.022,5.0,1.4e-06,ON,Hi-Fi System,ukdale
2013-04-18 10:25:24,228.7,0.485,111.0,3.08e-05,ON,Fridge,ukdale
2013-04-18 10:25:24,228.1,0.013,3.0,8e-07,ON,Television,ukdale
2013-04-18 10:25:24,230.4,0.026,6.0,1.7e-06,ON,Hi-Fi System,ukdale
2013-04-18 10:25:30,229.7,0.488,112.0,3.11e-05,ON,Fridge,ukdale
2013-04-18 10:25:30,228.7,0.013,3.0,8e-07,ON,Television,ukdale
2013-04-18 10:25:30,230.4,0.026,6.0,1.7e-06,ON,Hi-Fi System,ukdale
2013-04-18 10:25:36,228.3,0.403,92.0,2.56e-05,ON,Fridge,ukdale
2013-04-18 10:25:36,231.4,0.013,3.0,8e-07,ON,Television,ukdale
2013-04-18 10:25:36,229.9,0.022,5.0,1.4e-06,ON,Hi-Fi System,ukdale
2013-04-18 10:25:42,231.0,0.481,111.0,3.08e-05,ON,Fridge,ukdale
2013-04-18 10:25:42,228.9,0.013,3.0,8e-07,ON,Television,ukdale
2013-04-18 10:25:42,231.2,0.022,5.0,1.4e-06,ON,Hi-Fi System,ukdale
2013-04-18 10:25:48,231.5,0.514,119.0,3.31e-05,ON,Fridge,ukdale
2013-04-18 10:25:48,229.9,0.013,3.0,8e-07,ON,Television,ukdale
2013-04-18 10:25:48,228.2,0.031,7.0,1.9e-06,ON,Hi-Fi System,ukdale
2013-04-18 10:25:54,229.0,0.428,98.0,2.72e-05,ON,Fridge,ukdale
2013-04-18 10:25:54,230.6,0.013,3.0,8e-07,ON,Television,ukdale
2013-04-18 10:25:54,230.1,0.03,7.0,1.9e-06,ON,Hi-Fi System,ukdale
2013-04-18 10:26:00,231.2,0.497,115.0,3.19e-05,ON,Fridge,ukdale
2013-04-18 10:26:00,230.3,0.013,3.0,8e-07,ON,Television,ukdale
2013-04-18 10:26:00,228.4,0.026,6.0,1.7e-06,ON,Hi-Fi System,ukdale
2013-04-18 10:26:06,231.0,0.407,94.0,2.61e-05,ON,Fridge,ukdale
2013-04-18 10:26:06,229.4,0.013,3.0,8e-07,ON,Television,ukdale
2013-04-18 10:26:06,229.2,0.026,6.0,1.7e-06,ON,Hi-Fi System,ukdale
2013-04-18 10:26:12,231.2,0.48,111.0,3.08e-05,ON,Fridge,ukdale
2013-04-18 10:26:12,231.7,0.013,3.0,8e-07,ON,Television,ukdale
2013-04-18 10:26:12,228.7,0.022,5.0,1.4e-06,ON,Hi-Fi System,ukdale
2013-04-18 10:26:18,230.4,0.395,91.0,2.53e-05,ON,Fridge,ukdale
2013-04-18 10:26:18,229.3,0.013,3.0,8e-07,ON,Television,ukdale
2013-04-18 10:26:18,231.2,0.026,6.0,1.7e-06,ON,Hi-Fi System,ukdale
2013-04-18 10:26:24,231.2,0.502,116.0,3.22e-05,ON,Fridge,ukdale
2013-04-18 10:26:24,229.1,0.013,3.0,8e-07,ON,Television,ukdale
2013-04-18 10:26:24,228.4,0.022,5.0,1.4e-06,ON,Hi-Fi System,ukdale
2013-04-18 10:26:30,231.6,0.497,115.0,3.19e-05,ON,Fridge,ukdale
2013-04-18 10:26:30,230.4,0.013,3.0,8e-07,ON,Television,ukdale
2013-04-18 10:26:30,230.9,0.026,6.0,1.7e-06,ON,Hi-Fi System,ukdale
2013-04-18 10:26:36,228.5,0.516,118.0,3.28e-05,ON,Fridge,ukdale
2013-04-18 10:26:36,230.9,0.013,3.0,8e-07,ON,Television,ukdale
2013-04-18 10:26:36,229.5,0.026,6.0,1.7e-06,ON,Hi-Fi System,ukdale
2013-04-18 10:26:42,231.6,0.458,106.0,2.94e-05,ON,Fridge,ukdale
2013-04-18 10:26:42,230.2,0.013,3.0,8e-07,ON,Television,ukdale
2013-04-18 10:26:42,228.7,0.022,5.0,1.4e-06,ON,Hi-Fi System,ukdale
2013-04-18 10:26:48,229.3,0.419,96.0,2.67e-05,ON,Fridge,ukdale
2013-04-18 10:26:48,229.6,0.013,3.0,8e-07,ON,Television,ukdale
2013-04-18 10:26:48,231.7,0.03,7.0,1.9e-06,ON,Hi-Fi System,ukdale
2013-04-18 10:26:54,230.1,0.469,108.0,3e-05,ON,Fridge,ukdale
2013-04-18 10:26:54,231.7,0.013,3.0,8e-07,ON,Television,ukdale
2013-04-18 10:26:54,229.5,0.031,7.0,1.9e-06,ON,Hi-Fi System,ukdale
2013-04-18 10:27:00,229.7,0.444,102.0,2.83e-05,ON,Fridge,ukdale
2013-04-18 10:27:00,231.4,0.013,3.0,8e-07,ON,Television,ukdale
2013-04-18 10:27:00,229.1,0.026,6.0,1.7e-06,ON,Hi-Fi System,ukdale
2013-04-18 10:27:06,229.1,0.48,110.0,3.06e-05,ON,Fridge,ukdale
2013-04-18 10:27:06,231.9,0.013,3.0,8e-07,ON,Television,ukdale
2013-04-18 10:27:06,230.4,0.03,7.0,1.9e-06,ON,Hi-Fi System,ukdale
2013-04-18 10:27:12,228.5,0.512,117.0,3.25e-05,ON,Fridge,ukdale
2013-04-18 10:27:12,228.4,0.013,3.0,8e-07,ON,Television,ukdale
2013-04-18 10:27:12,229.7,0.03,7.0,1.9e-06,ON,Hi-Fi System,ukdale
2013-04-18 10:27:18,231.5,0.423,98.0,2.72e-05,ON,Fridge,ukdale
2013-04-18 10:27:18,231.9,0.013,3.0,8e-07,ON,Television,ukdale
2013-04-18 10:27:18,229.8,0.026,6.0,1.7e-06,ON,Hi-Fi System,ukdale
2013-04-18 10:27:24,230.1,0.443,102.0,2.83e-05,ON,Fridge,ukdale
2013-04-18 10:27:24,231.3,0.013,3.0,8e-07,ON,Television,ukdale
2013-04-18 10:27:24,230.0,0.026,6.0,1.7e-06,ON,Hi-Fi System,ukdale
2013-04-18 10:27:30,229.0,0.489,112.0,3.11e-05,ON,Fridge,ukdale
2013-04-18 10:27:30,229.0,0.013,3.0,8e-07,ON,Television,ukdale
2013-04-18 10:27:30,228.1,0.031,7.0,1.9e-06,ON,Hi-Fi System,ukdale
2013-04-18 10:27:36,231.3,0.398,92.0,2.56e-05,ON,Fridge,ukdale
2013-04-18 10:27:36,228.2,0.013,3.0,8e-07,ON,Television,ukdale
2013-04-18 10:27:36,228.7,0.026,6.0,1.7e-06,ON,Hi-Fi System,ukdale
2013-04-18 10:27:42,231.4,0.428,99.0,2.75e-05,ON,Fridge,ukdale
2013-04-18 10:27:42,231.5,0.013,3.0,8e-07,ON,Television,ukdale
2013-04-18 10:27:42,230.6,0.022,5.0,1.4e-06,ON,Hi-Fi System,ukdale
2013-04-18 10:27:48,230.1,0.448,103.0,2.86e-05,ON,Fridge,ukdale
2013-04-18 10:27:48,229.4,0.013,3.0,8e-07,ON,Television,ukdale
2013-04-18 10:27:48,228.7,0.026,6.0,1.7e-06,ON,Hi-Fi System,ukdale
2013-04-18 10:27:54,228.4,0.398,91.0,2.53e-05,ON,Fridge,ukdale
2013-04-18 10:27:54,232.0,0.013,3.0,8e-07,ON,Television,ukdale
2013-04-18 10:27:54,228.3,0.026,6.0,1.7e-06,ON,Hi-Fi System,ukdale
2013-04-18 10:28:00,231.2,0.484,112.0,3.11e-05,ON,Fridge,ukdale
2013-04-18 10:28:00,230.4,0.013,3.0,8e-07,ON,Television,ukdale
2013-04-18 10:28:00,231.6,0.022,5.0,1.4e-06,ON,Hi-Fi System,ukdale
2013-04-18 10:28:06,231.9,0.474,110.0,3.06e-05,ON,Fridge,ukdale
2013-04-18 10:28:06,231.4,0.013,3.0,8e-07,ON,Television,ukdale
2013-04-18 10:28:06,231.3,0.022,5.0,1.4e-06,ON,Hi-Fi System,ukdale
2013-04-18 10:28:12,230.6,0.464,107.0,2.97e-05,ON,Fridge,ukdale
2013-04-18 10:28:12,230.8,0.013,3.0,8e-07,ON,Television,ukdale
2013-04-18 10:28:12,231.0,0.022,5.0,1.4e-06,ON,Hi-Fi System,ukdale
2013-04-18 10:28:18,230.3,0.473,109.0,3.03e-05,ON,Fridge,ukdale
2013-04-18 10:28:18,229.6,0.013,3.0,8e-07,ON,Television,ukdale
2013-04-18 10:28:18,231.2,0.03,7.0,1.9e-06,ON,Hi-Fi System,ukdale
2013-04-18 10:28:24,228.4,0.473,108.0,3e-05,ON,Fridge,ukdale
2013-04-18 10:28:24,231.4,0.013,3.0,8e-07,ON,Television,ukdale
2013-04-18 10:28:24,231.0,0.022,5.0,1.4e-06,ON,Hi-Fi System,ukdale
2013-04-18 10:28:30,231.2,0.415,96.0,2.67e-05,ON,Fridge,ukdale
2013-04-18 10:28:30,231.2,0.013,3.0,8e-07,ON,Television,ukdale
2013-04-18 10:28:30,230.8,0.022,5.0,1.4e-06,ON,Hi-Fi System,ukdale
2013-04-18 10:28:36,230.3,0.495,114.0,3.17e-05,ON,Fridge,ukdale
2013-04-18 10:28:36,230.8,0.013,3.0,8e-07,ON,Television,ukdale
2013-04-18 10:28:36,230.4,0.03,7.0,1.9e-06,ON,Hi-Fi System,ukdale
2013-04-18 10:28:42,231.1,0.489,113.0,3.14e-05,ON,Fridge,ukdale
2013-04-18 10:28:42,228.8,0.013,3.0,8e-07,ON,Television,ukdale
2013-04-18 10:28:42,230.5,0.022,5.0,1.4e-06,ON,Hi-Fi System,ukdale
2013-04-18 10:28:48,229.1,0.45,103.0,2.86e-05,ON,Fridge,ukdale
2013-04-18 10:28:48,230.5,0.013,3.0,8e-07,ON,Television,ukdale
2013-04-18 10:28:48,229.6,0.03,7.0,1.9e-06,ON,Hi-Fi System,ukdale
2013-04-18 10:28:54,230.4,0.391,90.0,2.5e-05,ON,Fridge,ukdale
2013-04-18 10:28:54,229.7,0.013,3.0,8e-07,ON,Television,ukdale
2013-04-18 10:28:54,228.1,0.031,7.0,1.9e-06,ON,Hi-Fi System,ukdale
2013-04-18 10:29:00,230.9,0.407,94.0,2.61e-05,ON,Fridge,ukdale
2013-04-18 10:29:00,229.9,0.013,3.0,8e-07,ON,Television,ukdale
2013-04-18 10:29:00,231.7,0.022,5.0,1.4e-06,ON,Hi-Fi System,ukdale
2013-04-18 10:29:06,230.2,0.521,120.0,3.33e-05,ON,Fridge,ukdale
2013-04-18 10:29:06,231.6,0.013,3.0,8e-07,ON,Television,ukdale
2013-04-18 10:29:06,229.3,0.022,5.0,1.4e-06,ON,Hi-Fi System,ukdale
2013-04-18 10:29:12,230.8,0.503,116.0,3.22e-05,ON,Fridge,ukdale
2013-04-18 10:29:12,228.1,0.013,3.0,8e-07,ON,Television,ukdale
2013-04-18 10:29:12,230.2,0.026,6.0,1.7e-06,ON,Hi-Fi System,ukdale
2013-04-18 10:29:18,230.5,0.39,90.0,2.5e-05,ON,Fridge,ukdale
2013-04-18 10:29:18,230.3,0.013,3.0,8e-07,ON,Television,ukdale
2013-04-18 10:29:18,230.9,0.022,5.0,1.4e-06,ON,Hi-Fi System,ukdale
2013-04-18 10:29:24,228.6,0.42,96.0,2.67e-05,ON,Fridge,ukdale
2013-04-18 10:29:24,230.2,0.013,3.0,8e-07,ON,Television,ukdale
2013-04-18 10:29:24,230.9,0.026,6.0,1.7e-06,ON,Hi-Fi System,ukdale
2013-04-18 10:29:30,228.2,0.491,112.0,3.11e-05,ON,Fridge,ukdale
2013-04-18 10:29:30,228.3,0.013,3.0,8e-07,ON,Television,ukdale
2013-04-18 10:29:30,231.1,0.026,6.0,1.7e-06,ON,Hi-Fi System,ukdale
2013-04-18 10:29:36,228.8,0.476,109.0,3.03e-05,ON,Fridge,ukdale
2013-04-18 10:29:36,230.9,0.013,3.0,8e-07,ON,Television,ukdale
2013-04-18 10:29:36,230.0,0.026,6.0,1.7e-06,ON,Hi-Fi System,ukdale
2013-04-18 10:29:42,228.8,0.476,109.0,3.03e-05,ON,Fridge,ukdale
2013-04-18 10:29:42,231.2,0.013,3.0,8e-07,ON,Television,ukdale
2013-04-18 10:29:42,228.1,0.022,5.0,1.4e-06,ON,Hi-Fi System,ukdale
2013-04-18 10:29:48,229.7,0.492,113.0,3.14e-05,ON,Fridge,ukdale
2013-04-18 10:29:48,229.8,0.013,3.0,8e-07,ON,Television,ukdale
2013-04-18 10:29:48,228.3,0.022,5.0,1.4e-06,ON,Hi-Fi System,ukdale
2013-04-18 10:29:54,231.9,0.397,92.0,2.56e-05,ON,Fridge,ukdale
2013-04-18 10:29:54,228.7,0.013,3.0,8e-07,ON,Television,ukdale
2013-04-18 10:29:54,229.8,0.03,7.0,1.9e-06,ON,Hi-Fi System,ukdale
2013-04-18 10:30:00,231.5,0.497,115.0,3.19e-05,ON,Fridge,ukdale
2013-04-18 10:30:00,231.7,0.013,3.0,8e-07,ON,Television,ukdale
2013-04-18 10:30:00,231.5,0.022,5.0,1.4e-06,ON,Hi-Fi System,ukdale
2013-04-18 10:30:06,229.6,0.392,90.0,2.5e-05,ON,Fridge,ukdale
2013-04-18 10:30:06,228.9,0.013,3.0,8e-07,ON,Television,ukdale
2013-04-18 10:30:06,228.1,0.026,6.0,1.7e-06,ON,Hi-Fi System,ukdale
2013-04-18 10:30:12,228.9,0.485,111.0,3.08e-05,ON,Fridge,ukdale
2013-04-18 10:30:12,231.4,0.013,3.0,8e-07,ON,Television,ukdale
2013-04-18 10:30:12,230.3,0.026,6.0,1.7e-06,ON,Hi-Fi System,ukdale
2013-04-18 10:30:18,230.3,0.495,114.0,3.17e-05,ON,Fridge,ukdale
2013-04-18 10:30:18,231.4,0.013,3.0,8e-07,ON,Television,ukdale
2013-04-18 10:30:18,229.2,0.022,5.0,1.4e-06,ON,Hi-Fi System,ukdale
2013-04-18 10:30:24,228.3,0.517,118.0,3.28e-05,ON,Fridge,ukdale
2013-04-18 10:30:24,230.3,0.013,3.0,8e-07,ON,Television,ukdale
2013-04-18 10:30:24,231.9,0.026,6.0,1.7e-06,ON,Hi-Fi System,ukdale
2013-04-18 10:30:30,228.3,0.407,93.0,2.58e-05,ON,Fridge,ukdale
2013-04-18 10:30:30,231.9,0.013,3.0,8e-07,ON,Television,ukdale
2013-04-18 10:30:30,229.8,0.022,5.0,1.4e-06,ON,Hi-Fi System,ukdale
2013-04-18 10:30:36,230.0,0.456,105.0,2.92e-05,ON,Fridge,ukdale
2013-04-18 10:30:36,228.6,0.013,3.0,8e-07,ON,Television,ukdale
2013-04-18 10:30:36,231.8,0.022,5.0,1.4e-06,ON,Hi-Fi System,ukdale
2013-04-18 10:30:42,231.8,0.509,118.0,3.28e-05,ON,Fridge,ukdale
2013-04-18 10:30:42,231.4,0.013,3.0,8e-07,ON,Television,ukdale
2013-04-18 10:30:42,231.2,0.03,7.0,1.9e-06,ON,Hi-Fi System,ukdale
2013-04-18 10:30:48,231.1,0.48,111.0,3.08e-05,ON,Fridge,ukdale
2013-04-18 10:30:48,231.5,0.013,3.0,8e-07,ON,Television,ukdale
2013-04-18 10:30:48,229.1,0.026,6.0,1.7e-06,ON,Hi-Fi System,ukdale
2013-04-18 10:30:54,231.1,0.446,103.0,2.86e-05,ON,Fridge,ukdale
2013-04-18 10:30:54,229.3,0.013,3.0,8e-07,ON,Television,ukdale
2013-04-18 10:30:54,230.3,0.03,7.0,1.9e-06,ON,Hi-Fi System,ukdale
2013-04-18 10:31:00,228.3,0.478,109.0,3.03e-05,ON,Fridge,ukdale
2013-04-18 10:31:00,229.4,0.013,3.0,8e-07,ON,Television,ukdale
2013-04-18 10:31:00,229.3,0.026,6.0,1.7e-06,ON,Hi-Fi System,ukdale
2013-04-18 10:31:06,229.1,0.432,99.0,2.75e-05,ON,Fridge,ukdale
2013-04-18 10:31:06,228.5,0.013,3.0,8e-07,ON,Television,ukdale
2013-04-18 10:31:06,228.6,0.026,6.0,1.7e-06,ON,Hi-Fi System,ukdale
2013-04-18 10:31:12,230.1,0.491,113.0,3.14e-05,ON,Fridge,ukdale
2013-04-18 10:31:12,230.4,0.013,3.0,8e-07,ON,Television,ukdale
2013-04-18 10:31:12,231.2,0.03,7.0,1.9e-06,ON,Hi-Fi System,ukdale
2013-04-18 10:31:18,228.3,0.508,116.0,3.22e-05,ON,Fridge,ukdale
2013-04-18 10:31:18,230.2,0.013,3.0,8e-07,ON,Television,ukdale
2013-04-18 10:31:18,231.8,0.026,6.0,1.7e-06,ON,Hi-Fi System,ukdale
2013-04-18 10:31:24,231.1,0.454,105.0,2.92e-05,ON,Fridge,ukdale
2013-04-18 10:31:24,230.9,0.013,3.0,8e-07,ON,Television,ukdale
2013-04-18 10:31:24,230.0,0.026,6.0,1.7e-06,ON,Hi-Fi System,ukdale
2013-04-18 10:31:30,231.7,0.423,98.0,2.72e-05,ON,Fridge,ukdale
2013-04-18 10:31:30,230.3,0.013,3.0,8e-07,ON,Television,ukdale
2013-04-18 10:31:30,231.3,0.022,5.0,1.4e-06,ON,Hi-Fi System,ukdale
2013-04-18 10:31:36,231.3,0.398,92.0,2.56e-05,ON,Fridge,ukdale
2013-04-18 10:31:36,228.3,0.013,3.0,8e-07,ON,Television,ukdale
2013-04-18 10:31:36,231.7,0.026,6.0,1.7e-06,ON,Hi-Fi System,ukdale
2013-04-18 10:31:42,231.2,0.415,96.0,2.67e-05,ON,Fridge,ukdale
2013-04-18 10:31:42,229.1,0.013,3.0,8e-07,ON,Television,ukdale
2013-04-18 10:31:42,228.2,0.031,7.0,1.9e-06,ON,Hi-Fi System,ukdale
2013-04-18 10:31:48,231.9,0.435,101.0,2.81e-05,ON,Fridge,ukdale
2013-04-18 10:31:48,229.3,0.013,3.0,8e-07,ON,Television,ukdale
2013-04-18 10:31:48,229.2,0.026,6.0,1.7e-06,ON,Hi-Fi System,ukdale
2013-04-18 10:31:54,231.4,0.462,107.0,2.97e-05,ON,Fridge,ukdale
2013-04-18 10:31:54,229.5,0.013,3.0,8e-07,ON,Television,ukdale
2013-04-18 10:31:54,231.6,0.026,6.0,1.7e-06,ON,Hi-Fi System,ukdale
2013-04-18 10:32:00,230.5,0.49,113.0,3.14e-05,ON,Fridge,ukdale
2013-04-18 10:32:00,231.6,0.013,3.0,8e-07,ON,Television,ukdale
2013-04-18 10:32:00,231.5,0.022,5.0,1.4e-06,ON,Hi-Fi System,ukdale
2013-04-18 10:32:06,230.6,0.429,99.0,2.75e-05,ON,Fridge,ukdale
2013-04-18 10:32:06,228.5,0.013,3.0,8e-07,ON,Television,ukdale
2013-04-18 10:32:06,230.2,0.026,6.0,1.7e-06,ON,Hi-Fi System,ukdale
2013-04-18 10:32:12,229.6,0.453,104.0,2.89e-05,ON,Fridge,ukdale
2013-04-18 10:32:12,229.8,0.013,3.0,8e-07,ON,Television,ukdale
2013-04-18 10:32:12,231.9,0.026,6.0,1.7e-06,ON,Hi-Fi System,ukdale
2013-04-18 10:32:18,229.3,0.51,117.0,3.25e-05,ON,Fridge,ukdale
2013-04-18 10:32:18,231.1,0.013,3.0,8e-07,ON,Television,ukdale
2013-04-18 10:32:18,230.0,0.026,6.0,1.7e-06,ON,Hi-Fi System,ukdale
2013-04-18 10:32:24,228.5,0.407,93.0,2.58e-05,ON,Fridge,ukdale
2013-04-18 10:32:24,228.4,0.013,3.0,8e-07,ON,Television,ukdale
2013-04-18 10:32:24,230.0,0.022,5.0,1.4e-06,ON,Hi-Fi System,ukdale
2013-04-18 10:32:30,228.3,0.473,108.0,3e-05,ON,Fridge,ukdale
2013-04-18 10:32:30,229.7,0.013,3.0,8e-07,ON,Television,ukdale
2013-04-18 10:32:30,231.7,0.022,5.0,1.4e-06,ON,Hi-Fi System,ukdale
2013-04-18 10:32:36,230.6,0.399,92.0,2.56e-05,ON,Fridge,ukdale
2013-04-18 10:32:36,228.4,0.013,3.0,8e-07,ON,Television,ukdale
2013-04-18 10:32:36,231.9,0.03,7.0,1.9e-06,ON,Hi-Fi System,ukdale
2013-04-18 10:32:42,228.8,0.476,109.0,3.03e-05,ON,Fridge,ukdale
2013-04-18 10:32:42,231.7,0.013,3.0,8e-07,ON,Television,ukdale
2013-04-18 10:32:42,229.4,0.022,5.0,1.4e-06,ON,Hi-Fi System,ukdale
2013-04-18 10:32:48,229.3,0.467,107.0,2.97e-05,ON,Fridge,ukdale
2013-04-18 10:32:48,231.6,0.013,3.0,8e-07,ON,Television,ukdale
2013-04-18 10:32:48,228.5,0.026,6.0,1.7e-06,ON,Hi-Fi System,ukdale
2013-04-18 10:32:54,230.9,0.403,93.0,2.58e-05,ON,Fridge,ukdale
2013-04-18 10:32:54,228.9,0.013,3.0,8e-07,ON,Television,ukdale
2013-04-18 10:32:54,230.7,0.022,5.0,1.4e-06,ON,Hi-Fi System,ukdale
2013-04-18 10:33:00,230.8,0.507,117.0,3.25e-05,ON,Fridge,ukdale
2013-04-18 10:33:00,228.4,0.013,3.0,8e-07,ON,Television,ukdale
2013-04-18 10:33:00,228.8,0.022,5.0,1.4e-06,ON,Hi-Fi System,ukdale
2013-04-18 10:33:06,228.1,0.425,97.0,2.69e-05,ON,Fridge,ukdale
2013-04-18 10:33:06,231.5,0.013,3.0,8e-07,ON,Television,ukdale
2013-04-18 10:33:06,231.4,0.03,7.0,1.9e-06,ON,Hi-Fi System,ukdale
2013-04-18 10:33:12,228.7,0.485,111.0,3.08e-05,ON,Fridge,ukdale
2013-04-18 10:33:12,228.6,0.013,3.0,8e-07,ON,Television,ukdale
2013-04-18 10:33:12,230.7,0.022,5.0,1.4e-06,ON,Hi-Fi System,ukdale
2013-04-18 10:33:18,229.3,0.462,106.0,2.94e-05,ON,Fridge,ukdale
2013-04-18 10:33:18,228.2,0.013,3.0,8e-07,ON,Television,ukdale
2013-04-18 10:33:18,229.5,0.031,7.0,1.9e-06,ON,Hi-Fi System,ukdale
2013-04-18 10:33:24,228.6,0.451,103.0,2.86e-05,ON,Fridge,ukdale
2013-04-18 10:33:24,229.6,0.013,3.0,8e-07,ON,Television,ukdale
2013-04-18 10:33:24,230.3,0.022,5.0,1.4e-06,ON,Hi-Fi System,ukdale
2013-04-18 10:33:30,231.0,0.515,119.0,3.31e-05,ON,Fridge,ukdale
2013-04-18 10:33:30,229.8,0.013,3.0,8e-07,ON,Television,ukdale
2013-04-18 10:33:30,230.5,0.022,5.0,1.4e-06,ON,Hi-Fi System,ukdale
2013-04-18 10:33:36,228.9,0.45,103.0,2.86e-05,ON,Fridge,ukdale
2013-04-18 10:33:36,230.2,0.013,3.0,8e-07,ON,Television,ukdale
2013-04-18 10:33:36,228.6,0.022,5.0,1.4e-06,ON,Hi-Fi System,ukdale
2013-04-18 10:33:42,228.5,0.468,107.0,2.97e-05,ON,Fridge,ukdale
2013-04-18 10:33:42,228.4,0.013,3.0,8e-07,ON,Television,ukdale
2013-04-18 10:33:42,229.0,0.026,6.0,1.7e-06,ON,Hi-Fi System,ukdale
2013-04-18 10:33:48,229.4,0.445,102.0,2.83e-05,ON,Fridge,ukdale
2013-04-18 10:33:48,230.2,0.013,3.0,8e-07,ON,Television,ukdale
2013-04-18 10:33:48,230.6,0.026,6.0,1.7e-06,ON,Hi-Fi System,ukdale
2013-04-18 10:33:54,228.9,0.52,119.0,3.31e-05,ON,Fridge,ukdale
2013-04-18 10:33:54,228.3,0.013,3.0,8e-07,ON,Television,ukdale
2013-04-18 10:33:54,230.1,0.022,5.0,1.4e-06,ON,Hi-Fi System,ukdale
2013-04-18 10:34:00,228.4,0.433,99.0,2.75e-05,ON,Fridge,ukdale
2013-04-18 10:34:00,231.5,0.013,3.0,8e-07,ON,Television,ukdale
2013-04-18 10:34:00,229.3,0.022,5.0,1.4e-06,ON,Hi-Fi System,ukdale
2013-04-18 10:34:06,228.3,0.504,115.0,3.19e-05,ON,Fridge,ukdale
2013-04-18 10:34:06,231.1,0.013,3.0,8e-07,ON,Television,ukdale
2013-04-18 10:34:06,228.3,0.026,6.0,1.7e-06,ON,Hi-Fi System,ukdale
2013-04-18 10:34:12,228.2,0.403,92.0,2.56e-05,ON,Fridge,ukdale
2013-04-18 10:34:12,228.9,0.013,3.0,8e-07,ON,Television,ukdale
2013-04-18 10:34:12,228.7,0.026,6.0,1.7e-06,ON,Hi-Fi System,ukdale
2013-04-18 10:34:18,230.7,0.403,93.0,2.58e-05,ON,Fridge,ukdale
2013-04-18 10:34:18,228.5,0.013,3.0,8e-07,ON,Television,ukdale
2013-04-18 10:34:18,230.4,0.026,6.0,1.7e-06,ON,Hi-Fi System,ukdale
2013-04-18 10:34:24,230.5,0.438,101.0,2.81e-05,ON,Fridge,ukdale
2013-04-18 10:34:24,230.4,0.013,3.0,8e-07,ON,Television,ukdale
2013-04-18 10:34:24,228.4,0.026,6.0,1.7e-06,ON,Hi-Fi System,ukdale
2013-04-18 10:34:30,229.9,0.426,98.0,2.72e-05,ON,Fridge,ukdale
2013-04-18 10:34:30,232.0,0.013,3.0,8e-07,ON,Television,ukdale
2013-04-18 10:34:30,231.5,0.026,6.0,1.7e-06,ON,Hi-Fi System,ukdale
2013-04-18 10:34:36,230.5,0.464,107.0,2.97e-05,ON,Fridge,ukdale
2013-04-18 10:34:36,231.8,0.013,3.0,8e-07,ON,Television,ukdale
2013-04-18 10:34:36,228.3,0.026,6.0,1.7e-06,ON,Hi-Fi System,ukdale
2013-04-18 10:34:42,228.1,0.473,108.0,3e-05,ON,Fridge,ukdale
2013-04-18 10:34:42,229.2,0.013,3.0,8e-07,ON,Television,ukdale
2013-04-18 10:34:42,231.8,0.026,6.0,1.7e-06,ON,Hi-Fi System,ukdale
2013-04-18 10:34:48,228.4,0.49,112.0,3.11e-05,ON,Fridge,ukdale
2013-04-18 10:34:48,229.0,0.013,3.0,8e-07,ON,Television,ukdale
2013-04-18 10:34:48,228.6,0.022,5.0,1.4e-06,ON,Hi-Fi System,ukdale
2013-04-18 10:34:54,231.6,0.462,107.0,2.97e-05,ON,Fridge,ukdale
2013-04-18 10:34:54,228.3,0.013,3.0,8e-07,ON,Television,ukdale
2013-04-18 10:34:54,228.7,0.022,5.0,1.4e-06,ON,Hi-Fi System,ukdale
2013-04-18 10:35:00,230.6,0.425,98.0,2.72e-05,ON,Fridge,ukdale
2013-04-18 10:35:00,230.2,0.013,3.0,8e-07,ON,Television,ukdale
2013-04-18 10:35:00,231.0,0.026,6.0,1.7e-06,ON,Hi-Fi System,ukdale
2013-04-18 10:35:06,229.0,0.52,119.0,3.31e-05,ON,Fridge,ukdale
2013-04-18 10:35:06,230.6,0.013,3.0,8e-07,ON,Television,ukdale
2013-04-18 10:35:06,230.9,0.022,5.0,1.4e-06,ON,Hi-Fi System,ukdale
2013-04-18 10:35:12,230.8,0.451,104.0,2.89e-05,ON,Fridge,ukdale
2013-04-18 10:35:12,230.1,0.013,3.0,8e-07,ON,Television,ukdale
2013-04-18 10:35:12,228.1,0.022,5.0,1.4e-06,ON,Hi-Fi System,ukdale
2013-04-18 10:35:18,232.0,0.41,95.0,2.64e-05,ON,Fridge,ukdale
2013-04-18 10:35:18,230.9,0.013,3.0,8e-07,ON,Television,ukdale
2013-04-18 10:35:18,230.0,0.022,5.0,1.4e-06,ON,Hi-Fi System,ukdale
2013-04-18 10:35:24,229.7,0.448,103.0,2.86e-05,ON,Fridge,ukdale
2013-04-18 10:35:24,230.5,0.013,3.0,8e-07,ON,Television,ukdale
2013-04-18 10:35:24,229.4,0.026,6.0,1.7e-06,ON,Hi-Fi System,ukdale
2013-04-18 10:35:30,229.5,0.427,98.0,2.72e-05,ON,Fridge,ukdale
2013-04-18 10:35:30,231.5,0.013,3.0,8e-07,ON,Television,ukdale
2013-04-18 10:35:30,228.7,0.031,7.0,1.9e-06,ON,Hi-Fi System,ukdale
2013-04-18 10:35:36,231.7,0.483,112.0,3.11e-05,ON,Fridge,ukdale
2013-04-18 10:35:36,229.9,0.013,3.0,8e-07,ON,Television,ukdale
2013-04-18 10:35:36,229.8,0.03,7.0,1.9e-06,ON,Hi-Fi System,ukdale
2013-04-18 10:35:42,230.2,0.5,115.0,3.19e-05,ON,Fridge,ukdale
2013-04-18 10:35:42,228.8,0.013,3.0,8e-07,ON,Television,ukdale
2013-04-18 10:35:42,231.3,0.026,6.0,1.7e-06,ON,Hi-Fi System,ukdale
2013-04-18 10:35:48,229.6,0.431,99.0,2.75e-05,ON,Fridge,ukdale
2013-04-18 10:35:48,228.2,0.013,3.0,8e-07,ON,Television,ukdale
2013-04-18 10:35:48,228.2,0.026,6.0,1.7e-06,ON,Hi-Fi System,ukdale
2013-04-18 10:35:54,229.5,0.453,104.0,2.89e-05,ON,Fridge,ukdale
2013-04-18 10:35:54,229.8,0.013,3.0,8e-07,ON,Television,ukdale
2013-04-18 10:35:54,229.3,0.022,5.0,1.4e-06,ON,Hi-Fi System,ukdale
2013-04-18 10:36:00,230.4,0.508,117.0,3.25e-05,ON,Fridge,ukdale
2013-04-18 10:36:00,230.5,0.013,3.0,8e-07,ON,Television,ukdale
2013-04-18 10:36:00,231.6,0.03,7.0,1.9e-06,ON,Hi-Fi System,ukdale
2013-04-18 10:36:06,228.8,0.489,112.0,3.11e-05,ON,Fridge,ukdale
2013-04-18 10:36:06,229.5,0.013,3.0,8e-07,ON,Television,ukdale
2013-04-18 10:36:06,230.9,0.026,6.0,1.7e-06,ON,Hi-Fi System,ukdale
2013-04-18 10:36:12,230.4,0.451,104.0,2.89e-05,ON,Fridge,ukdale
2013-04-18 10:36:12,229.7,0.013,3.0,8e-07,ON,Television,ukdale
2013-04-18 10:36:12,231.8,0.022,5.0,1.4e-06,ON,Hi-Fi System,ukdale
2013-04-18 10:36:18,230.3,0.482,111.0,3.08e-05,ON,Fridge,ukdale
2013-04-18 10:36:18,231.6,0.013,3.0,8e-07,ON,Television,ukdale
2013-04-18 10:36:18,228.7,0.022,5.0,1.4e-06,ON,Hi-Fi System,ukdale
2013-04-18 10:36:24,228.3,0.429,98.0,2.72e-05,ON,Fridge,ukdale
2013-04-18 10:36:24,231.8,0.013,3.0,8e-07,ON,Television,ukdale
2013-04-18 10:36:24,231.0,0.03,7.0,1.9e-06,ON,Hi-Fi System,ukdale
2013-04-18 10:36:30,230.4,0.508,117.0,3.25e-05,ON,Fridge,ukdale
2013-04-18 10:36:30,229.3,0.013,3.0,8e-07,ON,Television,ukdale
2013-04-18 10:36:30,230.9,0.026,6.0,1.7e-06,ON,Hi-Fi System,ukdale
2013-04-18 10:36:36,231.9,0.405,94.0,2.61e-05,ON,Fridge,ukdale
2013-04-18 10:36:36,230.6,0.013,3.0,8e-07,ON,Television,ukdale
2013-04-18 10:36:36,229.7,0.022,5.0,1.4e-06,ON,Hi-Fi System,ukdale
2013-04-18 10:36:42,231.1,0.476,110.0,3.06e-05,ON,Fridge,ukdale
2013-04-18 10:36:42,230.3,0.013,3.0,8e-07,ON,Television,ukdale
2013-04-18 10:36:42,229.2,0.022,5.0,1.4e-06,ON,Hi-Fi System,ukdale
2013-04-18 10:36:48,228.3,0.421,96.0,2.67e-05,ON,Fridge,ukdale
2013-04-18 10:36:48,231.5,0.013,3.0,8e-07,ON,Television,ukdale
2013-04-18 10:36:48,228.8,0.026,6.0,1.7e-06,ON,Hi-Fi System,ukdale
2013-04-18 10:36:54,229.1,0.406,93.0,2.58e-05,ON,Fridge,ukdale
2013-04-18 10:36:54,228.4,0.013,3.0,8e-07,ON,Television,ukdale
2013-04-18 10:36:54,230.0,0.03,7.0,1.9e-06,ON,Hi-Fi System,ukdale
2013-04-18 10:37:00,229.8,0.466,107.0,2.97e-05,ON,Fridge,ukdale
2013-04-18 10:37:00,228.0,0.013,3.0,8e-07,ON,Television,ukdale
2013-04-18 10:37:00,230.7,0.026,6.0,1.7e-06,ON,Hi-Fi System,ukdale
2013-04-18 10:37:06,229.4,0.419,96.0,2.67e-05,ON,Fridge,ukdale
2013-04-18 10:37:06,231.3,0.013,3.0,8e-07,ON,Television,ukdale
2013-04-18 10:37:06,229.7,0.03,7.0,1.9e-06,ON,Hi-Fi System,ukdale
2013-04-18 10:37:12,231.6,0.501,116.0,3.22e-05,ON,Fridge,ukdale
2013-04-18 10:37:12,229.5,0.013,3.0,8e-07,ON,Television,ukdale
2013-04-18 10:37:12,230.6,0.026,6.0,1.7e-06,ON,Hi-Fi System,ukdale
2013-04-18 10:37:18,231.8,0.401,93.0,2.58e-05,ON,Fridge,ukdale
2013-04-18 10:37:18,231.5,0.013,3.0,8e-07,ON,Television,ukdale
2013-04-18 10:37:18,230.6,0.026,6.0,1.7e-06,ON,Hi-Fi System,ukdale
2013-04-18 10:37:24,228.9,0.45,103.0,2.86e-05,ON,Fridge,ukdale
2013-04-18 10:37:24,229.7,0.013,3.0,8e-07,ON,Television,ukdale
2013-04-18 10:37:24,230.9,0.03,7.0,1.9e-06,ON,Hi-Fi System,ukdale
2013-04-18 10:37:30,231.1,0.389,90.0,2.5e-05,ON,Fridge,ukdale
2013-04-18 10:37:30,229.0,0.013,3.0,8e-07,ON,Television,ukdale
2013-04-18 10:37:30,228.7,0.026,6.0,1.7e-06,ON,Hi-Fi System,ukdale
2013-04-18 10:37:36,230.7,0.394,91.0,2.53e-05,ON,Fridge,ukdale
2013-04-18 10:37:36,231.4,0.013,3.0,8e-07,ON,Television,ukdale
2013-04-18 10:37:36,230.3,0.022,5.0,1.4e-06,ON,Hi-Fi System,ukdale
2013-04-18 10:37:42,228.2,0.421,96.0,2.67e-05,ON,Fridge,ukdale
2013-04-18 10:37:42,231.8,0.013,3.0,8e-07,ON,Television,ukdale
2013-04-18 10:37:42,228.5,0.031,7.0,1.9e-06,ON,Hi-Fi System,ukdale
2013-04-18 10:37:48,228.9,0.511,117.0,3.25e-05,ON,Fridge,ukdale
2013-04-18 10:37:48,228.9,0.013,3.0,8e-07,ON,Television,ukdale
2013-04-18 10:37:48,231.3,0.022,5.0,1.4e-06,ON,Hi-Fi System,ukdale
2013-04-18 10:37:54,229.9,0.513,118.0,3.28e-05,ON,Fridge,ukdale
2013-04-18 10:37:54,230.0,0.013,3.0,8e-07,ON,Television,ukdale
2013-04-18 10:37:54,228.1,0.026,6.0,1.7e-06,ON,Hi-Fi System,ukdale
2013-04-18 10:38:00,230.3,0.43,99.0,2.75e-05,ON,Fridge,ukdale
2013-04-18 10:38:00,228.4,0.013,3.0,8e-07,ON,Television,ukdale
2013-04-18 10:38:00,229.4,0.026,6.0,1.7e-06,ON,Hi-Fi System,ukdale
2013-04-18 10:38:06,230.8,0.416,96.0,2.67e-05,ON,Fridge,ukdale
2013-04-18 10:38:06,229.9,0.013,3.0,8e-07,ON,Television,ukdale
2013-04-18 10:38:06,231.3,0.022,5.0,1.4e-06,ON,Hi-Fi System,ukdale
2013-04-18 10:38:12,230.3,0.482,111.0,3.08e-05,ON,Fridge,ukdale
2013-04-18 10:38:12,229.0,0.013,3.0,8e-07,ON,Television,ukdale
2013-04-18 10:38:12,231.7,0.026,6.0,1.7e-06,ON,Hi-Fi System,ukdale
2013-04-18 10:38:18,229.6,0.414,95.0,2.64e-05,ON,Fridge,ukdale
2013-04-18 10:38:18,228.7,0.013,3.0,8e-07,ON,Television,ukdale
2013-04-18 10:38:18,231.5,0.022,5.0,1.4e-06,ON,Hi-Fi System,ukdale
2013-04-18 10:38:24,230.7,0.394,91.0,2.53e-05,ON,Fridge,ukdale
2013-04-18 10:38:24,229.6,0.013,3.0,8e-07,ON,Television,ukdale
2013-04-18 10:38:24,230.5,0.022,5.0,1.4e-06,ON,Hi-Fi System,ukdale
2013-04-18 10:38:30,231.4,0.419,97.0,2.69e-05,ON,Fridge,ukdale
2013-04-18 10:38:30,228.5,0.013,3.0,8e-07,ON,Television,ukdale
2013-04-18 10:38:30,228.8,0.022,5.0,1.4e-06,ON,Hi-Fi System,ukdale
2013-04-18 10:38:36,228.6,0.446,102.0,2.83e-05,ON,Fridge,ukdale
2013-04-18 10:38:36,228.5,0.013,3.0,8e-07,ON,Television,ukdale
2013-04-18 10:38:36,230.1,0.022,5.0,1.4e-06,ON,Hi-Fi System,ukdale
2013-04-18 10:38:42,231.4,0.445,103.0,2.86e-05,ON,Fridge,ukdale
2013-04-18 10:38:42,231.1,0.013,3.0,8e-07,ON,Television,ukdale
2013-04-18 10:38:42,229.3,0.022,5.0,1.4e-06,ON,Hi-Fi System,ukdale
2013-04-18 10:38:48,228.7,0.407,93.0,2.58e-05,ON,Fridge,ukdale
2013-04-18 10:38:48,229.6,0.013,3.0,8e-07,ON,Television,ukdale
2013-04-18 10:38:48,228.6,0.026,6.0,1.7e-06,ON,Hi-Fi System,ukdale
2013-04-18 10:38:54,230.0,0.413,95.0,2.64e-05,ON,Fridge,ukdale
2013-04-18 10:38:54,228.5,0.013,3.0,8e-07,ON,Television,ukdale
2013-04-18 10:38:54,229.5,0.03,7.0,1.9e-06,ON,Hi-Fi System,ukdale
2013-04-18 10:39:00,228.9,0.424,97.0,2.69e-05,ON,Fridge,ukdale
2013-04-18 10:39:00,230.0,0.013,3.0,8e-07,ON,Television,ukdale
2013-04-18 10:39:00,228.4,0.026,6.0,1.7e-06,ON,Hi-Fi System,ukdale
2013-04-18 10:39:06,229.8,0.5,115.0,3.19e-05,ON,Fridge,ukdale
2013-04-18 10:39:06,231.6,0.013,3.0,8e-07,ON,Television,ukdale
2013-04-18 10:39:06,229.8,0.026,6.0,1.7e-06,ON,Hi-Fi System,ukdale
2013-04-18 10:39:12,229.9,0.513,118.0,3.28e-05,ON,Fridge,ukdale
2013-04-18 10:39:12,230.4,0.013,3.0,8e-07,ON,Television,ukdale
2013-04-18 10:39:12,228.5,0.026,6.0,1.7e-06,ON,Hi-Fi System,ukdale
2013-04-18 10:39:18,229.5,0.444,102.0,2.83e-05,ON,Fridge,ukdale
2013-04-18 10:39:18,231.0,0.013,3.0,8e-07,ON,Television,ukdale
2013-04-18 10:39:18,229.8,0.026,6.0,1.7e-06,ON,Hi-Fi System,ukdale
2013-04-18 10:39:24,230.3,0.482,111.0,3.08e-05,ON,Fridge,ukdale
2013-04-18 10:39:24,231.7,0.013,3.0,8e-07,ON,Television,ukdale
2013-04-18 10:39:24,229.2,0.026,6.0,1.7e-06,ON,Hi-Fi System,ukdale
2013-04-18 10:39:30,229.3,0.471,108.0,3e-05,ON,Fridge,ukdale
2013-04-18 10:39:30,232.0,0.013,3.0,8e-07,ON,Television,ukdale
2013-04-18 10:39:30,229.3,0.026,6.0,1.7e-06,ON,Hi-Fi System,ukdale
2013-04-18 10:39:36,228.1,0.434,99.0,2.75e-05,ON,Fridge,ukdale
2013-04-18 10:39:36,230.8,0.013,3.0,8e-07,ON,Television,ukdale
2013-04-18 10:39:36,231.6,0.026,6.0,1.7e-06,ON,Hi-Fi System,ukdale
2013-04-18 10:39:42,228.9,0.411,94.0,2.61e-05,ON,Fridge,ukdale
2013-04-18 10:39:42,231.1,0.013,3.0,8e-07,ON,Television,ukdale
2013-04-18 10:39:42,228.1,0.031,7.0,1.9e-06,ON,Hi-Fi System,ukdale
2013-04-18 10:39:48,229.4,0.401,92.0,2.56e-05,ON,Fridge,ukdale
2013-04-18 10:39:48,228.3,0.013,3.0,8e-07,ON,Television,ukdale
2013-04-18 10:39:48,228.3,0.022,5.0,1.4e-06,ON,Hi-Fi System,ukdale
2013-04-18 10:39:54,228.7,0.459,105.0,2.92e-05,ON,Fridge,ukdale
2013-04-18 10:39:54,229.4,0.013,3.0,8e-07,ON,Television,ukdale
2013-04-18 10:39:54,229.4,0.026,6.0,1.7e-06,ON,Hi-Fi System,ukdale
2013-04-18 09:00:00,230.1,0.002,0.4,1e-07,OFF,Unknown,ukdale
2013-04-18 09:00:01,228.9,0.003,0.6,2e-07,OFF,Unknown,ukdale
2013-04-18 09:00:02,229.1,0.004,0.9,3e-07,OFF,Unknown,ukdale
2013-04-18 09:00:03,229.6,0.003,0.7,2e-07,OFF,Unknown,ukdale
2013-04-18 09:00:04,229.7,0.004,1.0,3e-07,OFF,Unknown,ukdale
2013-04-18 09:00:05,230.1,0.005,1.0,3e-07,OFF,Unknown,ukdale
2013-04-18 09:00:06,229.3,0.004,0.9,3e-07,OFF,Unknown,ukdale
2013-04-18 09:00:07,228.6,0.0,0.1,0.0,OFF,Unknown,ukdale
2013-04-18 09:00:08,231.4,0.001,0.2,0.0,OFF,Unknown,ukdale
2013-04-18 09:00:09,229.7,0.0,0.0,0.0,OFF,Unknown,ukdale
2013-04-18 09:00:10,229.1,0.002,0.5,1e-07,OFF,Unknown,ukdale
2013-04-18 09:00:11,229.8,0.002,0.4,1e-07,OFF,Unknown,ukdale
2013-04-18 09:00:12,228.5,0.005,1.1,3e-07,OFF,Unknown,ukdale
2013-04-18 09:00:13,228.9,0.002,0.4,1e-07,OFF,Unknown,ukdale
2013-04-18 09:00:14,230.7,0.002,0.4,1e-07,OFF,Unknown,ukdale
2013-04-18 09:00:15,229.0,0.0,0.1,0.0,OFF,Unknown,ukdale
2013-04-18 09:00:16,231.4,0.003,0.6,2e-07,OFF,Unknown,ukdale
2013-04-18 09:00:17,229.7,0.002,0.5,1e-07,OFF,Unknown,ukdale
2013-04-18 09:00:18,230.8,0.0,0.0,0.0,OFF,Unknown,ukdale
2013-04-18 09:00:19,228.1,0.003,0.8,2e-07,OFF,Unknown,ukdale
2013-04-18 09:00:20,230.3,0.002,0.5,1e-07,OFF,Unknown,ukdale
2013-04-18 09:00:21,231.3,0.002,0.6,2e-07,OFF,Unknown,ukdale
2013-04-18 09:00:22,231.8,0.003,0.7,2e-07,OFF,Unknown,ukdale
2013-04-18 09:00:23,228.8,0.002,0.4,1e-07,OFF,Unknown,ukdale
2013-04-18 09:00:24,229.5,0.002,0.4,1e-07,OFF,Unknown,ukdale
2013-04-18 09:00:25,230.2,0.004,0.9,3e-07,OFF,Unknown,ukdale
2013-04-18 09:00:26,230.1,0.003,0.6,2e-07,OFF,Unknown,ukdale
2013-04-18 09:00:27,230.9,0.001,0.3,1e-07,OFF,Unknown,ukdale
2013-04-18 09:00:28,231.6,0.0,0.0,0.0,OFF,Unknown,ukdale
2013-04-18 09:00:29,230.9,0.001,0.2,1e-07,OFF,Unknown,ukdale
2013-04-18 09:00:30,231.4,0.001,0.3,1e-07,OFF,Unknown,ukdale
2013-04-18 09:00:31,231.8,0.0,0.1,0.0,OFF,Unknown,ukdale
2013-04-18 09:00:32,230.2,0.001,0.1,0.0,OFF,Unknown,ukdale
2013-04-18 09:00:33,229.5,0.003,0.7,2e-07,OFF,Unknown,ukdale
2013-04-18 09:00:34,228.5,0.001,0.3,1e-07,OFF,Unknown,ukdale
2013-04-18 09:00:35,231.5,0.002,0.4,1e-07,OFF,Unknown,ukdale
2013-04-18 09:00:36,229.6,0.001,0.2,1e-07,OFF,Unknown,ukdale
2013-04-18 09:00:37,232.0,0.003,0.6,2e-07,OFF,Unknown,ukdale
2013-04-18 09:00:38,231.7,0.003,0.7,2e-07,OFF,Unknown,ukdale
2013-04-18 09:00:39,230.7,0.003,0.7,2e-07,OFF,Unknown,ukdale
2013-04-18 09:00:40,230.4,0.002,0.4,1e-07,OFF,Unknown,ukdale
2013-04-18 09:00:41,228.8,0.0,0.0,0.0,OFF,Unknown,ukdale
2013-04-18 09:00:42,228.8,0.004,0.9,3e-07,OFF,Unknown,ukdale
2013-04-18 09:00:43,229.3,0.003,0.6,2e-07,OFF,Unknown,ukdale
2013-04-18 09:00:44,229.7,0.004,1.0,3e-07,OFF,Unknown,ukdale
2013-04-18 09:00:45,230.2,0.002,0.4,1e-07,OFF,Unknown,ukdale
2013-04-18 09:00:46,231.6,0.003,0.7,2e-07,OFF,Unknown,ukdale
2013-04-18 09:00:47,230.5,0.0,0.1,0.0,OFF,Unknown,ukdale
2013-04-18 09:00:48,230.0,0.004,1.0,3e-07,OFF,Unknown,ukdale
2013-04-18 09:00:49,231.3,0.002,0.4,1e-07,OFF,Unknown,ukdale
2013-04-18 09:00:50,230.0,0.001,0.1,0.0,OFF,Unknown,ukdale
2013-04-18 09:00:51,230.4,0.005,1.1,3e-07,OFF,Unknown,ukdale
2013-04-18 09:00:52,231.4,0.002,0.5,1e-07,OFF,Unknown,ukdale
2013-04-18 09:00:53,229.8,0.002,0.6,2e-07,OFF,Unknown,ukdale
2013-04-18 09:00:54,230.1,0.002,0.5,1e-07,OFF,Unknown,ukdale
2013-04-18 09:00:55,230.7,0.001,0.3,1e-07,OFF,Unknown,ukdale
2013-04-18 09:00:56,229.4,0.003,0.7,2e-07,OFF,Unknown,ukdale
2013-04-18 09:00:57,230.0,0.003,0.7,2e-07,OFF,Unknown,ukdale
2013-04-18 09:00:58,229.8,0.004,0.9,3e-07,OFF,Unknown,ukdale
2013-04-18 09:00:59,229.2,0.0,0.1,0.0,OFF,Unknown,ukdale
2013-04-18 09:01:00,230.2,0.001,0.2,1e-07,OFF,Unknown,ukdale
2013-04-18 09:01:01,229.5,0.002,0.4,1e-07,OFF,Unknown,ukdale
2013-04-18 09:01:02,230.1,0.003,0.8,2e-07,OFF,Unknown,ukdale
2013-04-18 09:01:03,231.6,0.0,0.0,0.0,OFF,Unknown,ukdale
2013-04-18 09:01:04,230.7,0.005,1.1,3e-07,OFF,Unknown,ukdale
2013-04-18 09:01:05,228.7,0.001,0.2,1e-07,OFF,Unknown,ukdale
2013-04-18 09:01:06,231.9,0.005,1.1,3e-07,OFF,Unknown,ukdale
2013-04-18 09:01:07,228.1,0.002,0.5,1e-07,OFF,Unknown,ukdale
2013-04-18 09:01:08,229.3,0.001,0.2,0.0,OFF,Unknown,ukdale
2013-04-18 09:01:09,229.9,0.003,0.7,2e-07,OFF,Unknown,ukdale
2013-04-18 09:01:10,229.2,0.001,0.2,1e-07,OFF,Unknown,ukdale
2013-04-18 09:01:11,230.8,0.004,1.0,3e-07,OFF,Unknown,ukdale
2013-04-18 09:01:12,229.4,0.004,0.9,2e-07,OFF,Unknown,ukdale
2013-04-18 09:01:13,231.0,0.003,0.7,2e-07,OFF,Unknown,ukdale
2013-04-18 09:01:14,230.6,0.003,0.7,2e-07,OFF,Unknown,ukdale
2013-04-18 09:01:15,228.1,0.0,0.0,0.0,OFF,Unknown,ukdale
2013-04-18 09:01:16,231.3,0.003,0.7,2e-07,OFF,Unknown,ukdale
2013-04-18 09:01:17,228.6,0.002,0.5,1e-07,OFF,Unknown,ukdale
2013-04-18 09:01:18,229.9,0.0,0.0,0.0,OFF,Unknown,ukdale
2013-04-18 09:01:19,228.9,0.004,0.8,2e-07,OFF,Unknown,ukdale
2013-04-18 09:01:20,231.5,0.003,0.6,2e-07,OFF,Unknown,ukdale
2013-04-18 09:01:21,228.9,0.001,0.3,1e-07,OFF,Unknown,ukdale
2013-04-18 09:01:22,230.9,0.0,0.1,0.0,OFF,Unknown,ukdale
2013-04-18 09:01:23,228.8,0.001,0.3,1e-07,OFF,Unknown,ukdale
2013-04-18 09:01:24,230.5,0.004,1.0,3e-07,OFF,Unknown,ukdale
2013-04-18 09:01:25,231.3,0.004,1.0,3e-07,OFF,Unknown,ukdale
2013-04-18 09:01:26,229.7,0.001,0.1,0.0,OFF,Unknown,ukdale
2013-04-18 09:01:27,231.5,0.002,0.5,1e-07,OFF,Unknown,ukdale
2013-04-18 09:01:28,231.8,0.001,0.2,1e-07,OFF,Unknown,ukdale
2013-04-18 09:01:29,230.3,0.004,1.0,3e-07,OFF,Unknown,ukdale
2013-04-18 09:01:30,231.0,0.002,0.5,1e-07,OFF,Unknown,ukdale
2013-04-18 09:01:31,229.0,0.001,0.2,1e-07,OFF,Unknown,ukdale
2013-04-18 09:01:32,231.1,0.004,0.8,2e-07,OFF,Unknown,ukdale
2013-04-18 09:01:33,228.1,0.001,0.3,1e-07,OFF,Unknown,ukdale
2013-04-18 09:01:34,230.0,0.0,0.1,0.0,OFF,Unknown,ukdale
2013-04-18 09:01:35,229.6,0.002,0.5,1e-07,OFF,Unknown,ukdale
2013-04-18 09:01:36,229.3,0.003,0.6,2e-07,OFF,Unknown,ukdale
2013-04-18 09:01:37,229.4,0.003,0.8,2e-07,OFF,Unknown,ukdale
2013-04-18 09:01:38,230.2,0.003,0.8,2e-07,OFF,Unknown,ukdale
2013-04-18 09:01:39,231.8,0.003,0.8,2e-07,OFF,Unknown,ukdale
2013-04-18 09:01:40,231.9,0.002,0.4,1e-07,OFF,Unknown,ukdale
2013-04-18 09:01:41,231.3,0.001,0.2,1e-07,OFF,Unknown,ukdale
2013-04-18 09:01:42,231.4,0.002,0.5,1e-07,OFF,Unknown,ukdale
2013-04-18 09:01:43,229.5,0.004,0.9,2e-07,OFF,Unknown,ukdale
2013-04-18 09:01:44,229.7,0.003,0.7,2e-07,OFF,Unknown,ukdale
2013-04-18 09:01:45,230.4,0.002,0.4,1e-07,OFF,Unknown,ukdale
2013-04-18 09:01:46,230.7,0.001,0.3,1e-07,OFF,Unknown,ukdale
2013-04-18 09:01:47,229.3,0.002,0.5,1e-07,OFF,Unknown,ukdale
2013-04-18 09:01:48,231.0,0.004,0.8,2e-07,OFF,Unknown,ukdale
2013-04-18 09:01:49,230.5,0.003,0.8,2e-07,OFF,Unknown,ukdale
2013-04-18 09:01:50,228.8,0.004,0.9,3e-07,OFF,Unknown,ukdale
2013-04-18 09:01:51,231.3,0.002,0.6,2e-07,OFF,Unknown,ukdale
2013-04-18 09:01:52,230.1,0.002,0.5,1e-07,OFF,Unknown,ukdale
2013-04-18 09:01:53,228.8,0.0,0.1,0.0,OFF,Unknown,ukdale
2013-04-18 09:01:54,230.7,0.0,0.1,0.0,OFF,Unknown,ukdale
2013-04-18 09:01:55,228.1,0.005,1.1,3e-07,OFF,Unknown,ukdale
2013-04-18 09:01:56,230.3,0.004,1.0,3e-07,OFF,Unknown,ukdale
2013-04-18 09:01:57,229.3,0.002,0.4,1e-07,OFF,Unknown,ukdale
2013-04-18 09:01:58,231.0,0.005,1.1,3e-07,OFF,Unknown,ukdale
2013-04-18 09:01:59,231.8,0.004,1.0,3e-07,OFF,Unknown,ukdale
2013-04-18 09:02:00,231.4,0.001,0.2,0.0,OFF,Unknown,ukdale
2013-04-18 09:02:01,231.6,0.003,0.7,2e-07,OFF,Unknown,ukdale
2013-04-18 09:02:02,229.1,0.001,0.2,1e-07,OFF,Unknown,ukdale
2013-04-18 09:02:03,229.4,0.004,1.0,3e-07,OFF,Unknown,ukdale
2013-04-18 09:02:04,230.6,0.004,0.9,3e-07,OFF,Unknown,ukdale
2013-04-18 09:02:05,230.7,0.002,0.5,1e-07,OFF,Unknown,ukdale
2013-04-18 09:02:06,228.5,0.004,0.8,2e-07,OFF,Unknown,ukdale
2013-04-18 09:02:07,230.3,0.002,0.5,1e-07,OFF,Unknown,ukdale
2013-04-18 09:02:08,229.1,0.003,0.6,2e-07,OFF,Unknown,ukdale
2013-04-18 09:02:09,229.9,0.0,0.1,0.0,OFF,Unknown,ukdale
2013-04-18 09:02:10,230.2,0.001,0.2,1e-07,OFF,Unknown,ukdale
2013-04-18 09:02:11,229.9,0.002,0.5,1e-07,OFF,Unknown,ukdale
2013-04-18 09:02:12,231.6,0.003,0.7,2e-07,OFF,Unknown,ukdale
2013-04-18 09:02:13,228.6,0.001,0.2,1e-07,OFF,Unknown,ukdale
2013-04-18 09:02:14,229.6,0.002,0.4,1e-07,OFF,Unknown,ukdale
2013-04-18 09:02:15,229.0,0.002,0.5,1e-07,OFF,Unknown,ukdale
2013-04-18 09:02:16,230.2,0.003,0.6,2e-07,OFF,Unknown,ukdale
2013-04-18 09:02:17,229.5,0.003,0.8,2e-07,OFF,Unknown,ukdale
2013-04-18 09:02:18,229.5,0.005,1.1,3e-07,OFF,Unknown,ukdale
2013-04-18 09:02:19,228.2,0.001,0.3,1e-07,OFF,Unknown,ukdale
2013-04-18 09:02:20,230.2,0.004,1.0,3e-07,OFF,Unknown,ukdale
2013-04-18 09:02:21,230.9,0.001,0.2,1e-07,OFF,Unknown,ukdale
2013-04-18 09:02:22,230.9,0.0,0.0,0.0,OFF,Unknown,ukdale
2013-04-18 09:02:23,231.5,0.004,1.0,3e-07,OFF,Unknown,ukdale
2013-04-18 09:02:24,231.7,0.003,0.8,2e-07,OFF,Unknown,ukdale
2013-04-18 09:02:25,230.9,0.005,1.1,3e-07,OFF,Unknown,ukdale
2013-04-18 09:02:26,229.6,0.003,0.6,2e-07,OFF,Unknown,ukdale
2013-04-18 09:02:27,228.2,0.001,0.2,1e-07,OFF,Unknown,ukdale
2013-04-18 09:02:28,229.6,0.005,1.1,3e-07,OFF,Unknown,ukdale
2013-04-18 09:02:29,229.9,0.003,0.7,2e-07,OFF,Unknown,ukdale
2013-04-18 09:02:30,228.7,0.005,1.1,3e-07,OFF,Unknown,ukdale
2013-04-18 09:02:31,230.3,0.005,1.0,3e-07,OFF,Unknown,ukdale
2013-04-18 09:02:32,228.8,0.0,0.1,0.0,OFF,Unknown,ukdale
2013-04-18 09:02:33,230.2,0.003,0.7,2e-07,OFF,Unknown,ukdale
2013-04-18 09:02:34,229.0,0.004,0.9,2e-07,OFF,Unknown,ukdale
2013-04-18 09:02:35,229.1,0.003,0.6,2e-07,OFF,Unknown,ukdale
2013-04-18 09:02:36,230.4,0.002,0.4,1e-07,OFF,Unknown,ukdale
2013-04-18 09:02:37,230.9,0.003,0.7,2e-07,OFF,Unknown,ukdale
2013-04-18 09:02:38,228.5,0.003,0.6,2e-07,OFF,Unknown,ukdale
2013-04-18 09:02:39,229.2,0.002,0.5,1e-07,OFF,Unknown,ukdale
2013-04-18 09:02:40,231.0,0.003,0.7,2e-07,OFF,Unknown,ukdale
2013-04-18 09:02:41,231.4,0.003,0.7,2e-07,OFF,Unknown,ukdale
2013-04-18 09:02:42,231.3,0.004,0.9,3e-07,OFF,Unknown,ukdale
2013-04-18 09:02:43,229.3,0.002,0.4,1e-07,OFF,Unknown,ukdale
2013-04-18 09:02:44,231.5,0.001,0.2,1e-07,OFF,Unknown,ukdale
2013-04-18 09:02:45,230.0,0.004,0.9,2e-07,OFF,Unknown,ukdale
2013-04-18 09:02:46,230.0,0.001,0.2,1e-07,OFF,Unknown,ukdale
2013-04-18 09:02:47,231.2,0.002,0.3,1e-07,OFF,Unknown,ukdale
2013-04-18 09:02:48,231.9,0.005,1.1,3e-07,OFF,Unknown,ukdale
2013-04-18 09:02:49,231.9,0.001,0.2,1e-07,OFF,Unknown,ukdale
2013-04-18 09:02:50,229.0,0.003,0.7,2e-07,OFF,Unknown,ukdale
2013-04-18 09:02:51,228.9,0.004,0.8,2e-07,OFF,Unknown,ukdale
2013-04-18 09:02:52,228.6,0.001,0.3,1e-07,OFF,Unknown,ukdale
2013-04-18 09:02:53,230.3,0.005,1.1,3e-07,OFF,Unknown,ukdale
2013-04-18 09:02:54,230.6,0.005,1.1,3e-07,OFF,Unknown,ukdale
2013-04-18 09:02:55,231.9,0.002,0.5,1e-07,OFF,Unknown,ukdale
2013-04-18 09:02:56,230.1,0.003,0.6,2e-07,OFF,Unknown,ukdale
2013-04-18 09:02:57,231.6,0.004,0.9,3e-07,OFF,Unknown,ukdale
2013-04-18 09:02:58,230.4,0.004,1.0,3e-07,OFF,Unknown,ukdale
2013-04-18 09:02:59,229.9,0.001,0.3,1e-07,OFF,Unknown,ukdale
2013-04-18 09:03:00,228.3,0.005,1.0,3e-07,OFF,Unknown,ukdale
2013-04-18 09:03:01,228.8,0.001,0.2,1e-07,OFF,Unknown,ukdale
2013-04-18 09:03:02,229.5,0.001,0.2,0.0,OFF,Unknown,ukdale
2013-04-18 09:03:03,228.5,0.0,0.0,0.0,OFF,Unknown,ukdale
2013-04-18 09:03:04,231.0,0.004,0.9,2e-07,OFF,Unknown,ukdale
2013-04-18 09:03:05,231.3,0.004,0.8,2e-07,OFF,Unknown,ukdale
2013-04-18 09:03:06,230.4,0.003,0.7,2e-07,OFF,Unknown,ukdale
2013-04-18 09:03:07,231.3,0.0,0.1,0.0,OFF,Unknown,ukdale
2013-04-18 09:03:08,228.1,0.003,0.7,2e-07,OFF,Unknown,ukdale
2013-04-18 09:03:09,230.3,0.003,0.8,2e-07,OFF,Unknown,ukdale
2013-04-18 09:03:10,228.6,0.002,0.5,1e-07,OFF,Unknown,ukdale
2013-04-18 09:03:11,231.2,0.003,0.6,2e-07,OFF,Unknown,ukdale
2013-04-18 09:03:12,229.0,0.002,0.5,1e-07,OFF,Unknown,ukdale
2013-04-18 09:03:13,231.8,0.002,0.5,1e-07,OFF,Unknown,ukdale
2013-04-18 09:03:14,228.6,0.002,0.6,2e-07,OFF,Unknown,ukdale
2013-04-18 09:03:15,230.8,0.002,0.4,1e-07,OFF,Unknown,ukdale
2013-04-18 09:03:16,228.7,0.002,0.5,1e-07,OFF,Unknown,ukdale
2013-04-18 09:03:17,228.2,0.002,0.4,1e-07,OFF,Unknown,ukdale
2013-04-18 09:03:18,229.9,0.002,0.4,1e-07,OFF,Unknown,ukdale
2013-04-18 09:03:19,229.9,0.004,0.9,3e-07,OFF,Unknown,ukdale
2013-04-18 09:03:20,231.0,0.001,0.3,1e-07,OFF,Unknown,ukdale
2013-04-18 09:03:21,229.5,0.001,0.3,1e-07,OFF,Unknown,ukdale
2013-04-18 09:03:22,231.6,0.002,0.5,1e-07,OFF,Unknown,ukdale
2013-04-18 09:03:23,229.3,0.002,0.4,1e-07,OFF,Unknown,ukdale
2013-04-18 09:03:24,228.9,0.001,0.3,1e-07,OFF,Unknown,ukdale
2013-04-18 09:03:25,231.9,0.003,0.6,2e-07,OFF,Unknown,ukdale
2013-04-18 09:03:26,229.0,0.002,0.5,1e-07,OFF,Unknown,ukdale
2013-04-18 09:03:27,231.8,0.003,0.7,2e-07,OFF,Unknown,ukdale
2013-04-18 09:03:28,228.8,0.004,0.8,2e-07,OFF,Unknown,ukdale
2013-04-18 09:03:29,230.2,0.002,0.5,1e-07,OFF,Unknown,ukdale
2013-04-18 09:03:30,228.5,0.001,0.2,0.0,OFF,Unknown,ukdale
2013-04-18 09:03:31,229.1,0.005,1.1,3e-07,OFF,Unknown,ukdale
2013-04-18 09:03:32,230.3,0.003,0.6,2e-07,OFF,Unknown,ukdale
2013-04-18 09:03:33,231.1,0.002,0.5,2e-07,OFF,Unknown,ukdale
2013-04-18 09:03:34,230.1,0.005,1.1,3e-07,OFF,Unknown,ukdale
2013-04-18 09:03:35,228.9,0.0,0.0,0.0,OFF,Unknown,ukdale
2013-04-18 09:03:36,231.0,0.002,0.4,1e-07,OFF,Unknown,ukdale
2013-04-18 09:03:37,230.3,0.001,0.1,0.0,OFF,Unknown,ukdale
2013-04-18 09:03:38,228.4,0.002,0.4,1e-07,OFF,Unknown,ukdale
2013-04-18 09:03:39,231.7,0.004,1.0,3e-07,OFF,Unknown,ukdale
2013-04-18 09:03:40,230.0,0.003,0.6,2e-07,OFF,Unknown,ukdale
2013-04-18 09:03:41,231.5,0.0,0.1,0.0,OFF,Unknown,ukdale
2013-04-18 09:03:42,231.7,0.001,0.3,1e-07,OFF,Unknown,ukdale
2013-04-18 09:03:43,230.5,0.001,0.2,0.0,OFF,Unknown,ukdale
2013-04-18 09:03:44,229.5,0.002,0.5,1e-07,OFF,Unknown,ukdale
2013-04-18 09:03:45,231.8,0.0,0.1,0.0,OFF,Unknown,ukdale
2013-04-18 09:03:46,228.4,0.002,0.4,1e-07,OFF,Unknown,ukdale
2013-04-18 09:03:47,229.7,0.002,0.4,1e-07,OFF,Unknown,ukdale
2013-04-18 09:03:48,230.2,0.004,1.0,3e-07,OFF,Unknown,ukdale
2013-04-18 09:03:49,229.7,0.001,0.3,1e-07,OFF,Unknown,ukdale
2013-04-18 09:03:50,229.9,0.005,1.1,3e-07,OFF,Unknown,ukdale
2013-04-18 09:03:51,230.2,0.004,1.0,3e-07,OFF,Unknown,ukdale
2013-04-18 09:03:52,229.4,0.001,0.3,1e-07,OFF,Unknown,ukdale
2013-04-18 09:03:53,228.7,0.004,0.8,2e-07,OFF,Unknown,ukdale
2013-04-18 09:03:54,228.7,0.003,0.6,2e-07,OFF,Unknown,ukdale
2013-04-18 09:03:55,229.8,0.0,0.1,0.0,OFF,Unknown,ukdale
2013-04-18 09:03:56,229.7,0.002,0.4,1e-07,OFF,Unknown,ukdale
2013-04-18 09:03:57,229.0,0.002,0.5,1e-07,OFF,Unknown,ukdale
2013-04-18 09:03:58,230.0,0.0,0.0,0.0,OFF,Unknown,ukdale
2013-04-18 09:03:59,228.8,0.002,0.4,1e-07,OFF,Unknown,ukdale
2013-04-18 09:04:00,229.6,0.002,0.4,1e-07,OFF,Unknown,ukdale
2013-04-18 09:04:01,231.4,0.001,0.3,1e-07,OFF,Unknown,ukdale
2013-04-18 09:04:02,228.5,0.001,0.3,1e-07,OFF,Unknown,ukdale
2013-04-18 09:04:03,228.6,0.002,0.4,1e-07,OFF,Unknown,ukdale
2013-04-18 09:04:04,231.5,0.001,0.2,0.0,OFF,Unknown,ukdale
2013-04-18 09:04:05,230.5,0.0,0.0,0.0,OFF,Unknown,ukdale
2013-04-18 09:04:06,229.5,0.003,0.7,2e-07,OFF,Unknown,ukdale
2013-04-18 09:04:07,229.9,0.004,1.0,3e-07,OFF,Unknown,ukdale
2013-04-18 09:04:08,228.3,0.004,1.0,3e-07,OFF,Unknown,ukdale
2013-04-18 09:04:09,229.9,0.002,0.4,1e-07,OFF,Unknown,ukdale
2013-04-18 09:04:10,231.0,0.004,1.0,3e-07,OFF,Unknown,ukdale
2013-04-18 09:04:11,229.9,0.003,0.7,2e-07,OFF,Unknown,ukdale
2013-04-18 09:04:12,229.6,0.004,1.0,3e-07,OFF,Unknown,ukdale
2013-04-18 09:04:13,229.7,0.003,0.6,2e-07,OFF,Unknown,ukdale
2013-04-18 09:04:14,229.8,0.004,0.8,2e-07,OFF,Unknown,ukdale
2013-04-18 09:04:15,231.4,0.002,0.4,1e-07,OFF,Unknown,ukdale
2013-04-18 09:04:16,231.0,0.001,0.3,1e-07,OFF,Unknown,ukdale
2013-04-18 09:04:17,231.6,0.001,0.2,0.0,OFF,Unknown,ukdale
2013-04-18 09:04:18,228.8,0.003,0.6,2e-07,OFF,Unknown,ukdale
2013-04-18 09:04:19,231.5,0.001,0.3,1e-07,OFF,Unknown,ukdale
2013-04-18 09:04:20,228.6,0.004,1.0,3e-07,OFF,Unknown,ukdale
2013-04-18 09:04:21,231.2,0.003,0.7,2e-07,OFF,Unknown,ukdale
2013-04-18 09:04:22,231.9,0.0,0.1,0.0,OFF,Unknown,ukdale
2013-04-18 09:04:23,230.6,0.005,1.0,3e-07,OFF,Unknown,ukdale
2013-04-18 09:04:24,228.8,0.003,0.7,2e-07,OFF,Unknown,ukdale
2013-04-18 09:04:25,231.9,0.004,0.8,2e-07,OFF,Unknown,ukdale
2013-04-18 09:04:26,229.0,0.0,0.0,0.0,OFF,Unknown,ukdale
2013-04-18 09:04:27,229.4,0.003,0.6,2e-07,OFF,Unknown,ukdale
2013-04-18 09:04:28,230.1,0.003,0.6,2e-07,OFF,Unknown,ukdale
2013-04-18 09:04:29,231.3,0.004,0.8,2e-07,OFF,Unknown,ukdale
2013-04-18 09:04:30,231.8,0.002,0.4,1e-07,OFF,Unknown,ukdale
2013-04-18 09:04:31,230.2,0.002,0.4,1e-07,OFF,Unknown,ukdale
2013-04-18 09:04:32,232.0,0.001,0.3,1e-07,OFF,Unknown,ukdale
2013-04-18 09:04:33,228.7,0.004,0.9,3e-07,OFF,Unknown,ukdale
2013-04-18 09:04:34,230.3,0.002,0.5,1e-07,OFF,Unknown,ukdale
2013-04-18 09:04:35,228.3,0.003,0.6,2e-07,OFF,Unknown,ukdale
2013-04-18 09:04:36,228.2,0.003,0.7,2e-07,OFF,Unknown,ukdale
2013-04-18 09:04:37,229.6,0.003,0.6,2e-07,OFF,Unknown,ukdale
2013-04-18 09:04:38,229.9,0.002,0.4,1e-07,OFF,Unknown,ukdale
2013-04-18 09:04:39,230.7,0.003,0.8,2e-07,OFF,Unknown,ukdale
2013-04-18 09:04:40,231.3,0.004,0.8,2e-07,OFF,Unknown,ukdale
2013-04-18 09:04:41,231.6,0.002,0.4,1e-07,OFF,Unknown,ukdale
2013-04-18 09:04:42,231.7,0.003,0.8,2e-07,OFF,Unknown,ukdale
2013-04-18 09:04:43,229.4,0.001,0.3,1e-07,OFF,Unknown,ukdale
2013-04-18 09:04:44,228.2,0.0,0.1,0.0,OFF,Unknown,ukdale
2013-04-18 09:04:45,231.7,0.005,1.1,3e-07,OFF,Unknown,ukdale
2013-04-18 09:04:46,230.5,0.005,1.1,3e-07,OFF,Unknown,ukdale
2013-04-18 09:04:47,230.5,0.003,0.6,2e-07,OFF,Unknown,ukdale
2013-04-18 09:04:48,230.1,0.003,0.6,2e-07,OFF,Unknown,ukdale
2013-04-18 09:04:49,231.4,0.002,0.5,1e-07,OFF,Unknown,ukdale
2013-04-18 09:04:50,229.1,0.001,0.1,0.0,OFF,Unknown,ukdale
2013-04-18 09:04:51,228.4,0.004,0.8,2e-07,OFF,Unknown,ukdale
2013-04-18 09:04:52,230.2,0.0,0.0,0.0,OFF,Unknown,ukdale
2013-04-18 09:04:53,229.0,0.003,0.8,2e-07,OFF,Unknown,ukdale
2013-04-18 09:04:54,229.5,0.001,0.2,1e-07,OFF,Unknown,ukdale
2013-04-18 09:04:55,229.0,0.0,0.1,0.0,OFF,Unknown,ukdale
2013-04-18 09:04:56,228.3,0.002,0.4,1e-07,OFF,Unknown,ukdale
2013-04-18 09:04:57,230.9,0.003,0.6,2e-07,OFF,Unknown,ukdale
2013-04-18 09:04:58,231.9,0.002,0.4,1e-07,OFF,Unknown,ukdale
2013-04-18 09:04:59,229.2,0.005,1.0,3e-07,OFF,Unknown,ukdale
2013-04-18 09:05:00,228.6,0.001,0.2,1e-07,OFF,Unknown,ukdale
2013-04-18 09:05:01,231.0,0.001,0.2,1e-07,OFF,Unknown,ukdale
2013-04-18 09:05:02,229.7,0.001,0.3,1e-07,OFF,Unknown,ukdale
2013-04-18 09:05:03,228.9,0.002,0.4,1e-07,OFF,Unknown,ukdale
2013-04-18 09:05:04,230.4,0.004,1.0,3e-07,OFF,Unknown,ukdale
2013-04-18 09:05:05,228.8,0.001,0.1,0.0,OFF,Unknown,ukdale
2013-04-18 09:05:06,229.8,0.002,0.5,1e-07,OFF,Unknown,ukdale
2013-04-18 09:05:07,229.3,0.003,0.7,2e-07,OFF,Unknown,ukdale
2013-04-18 09:05:08,229.5,0.003,0.8,2e-07,OFF,Unknown,ukdale
2013-04-18 09:05:09,228.8,0.002,0.5,1e-07,OFF,Unknown,ukdale
2013-04-18 09:05:10,228.5,0.004,1.0,3e-07,OFF,Unknown,ukdale
2013-04-18 09:05:11,228.2,0.004,0.9,3e-07,OFF,Unknown,ukdale
2013-04-18 09:05:12,228.1,0.005,1.1,3e-07,OFF,Unknown,ukdale
2013-04-18 09:05:13,228.1,0.0,0.0,0.0,OFF,Unknown,ukdale
2013-04-18 09:05:14,231.8,0.002,0.4,1e-07,OFF,Unknown,ukdale
2013-04-18 09:05:15,231.1,0.001,0.3,1e-07,OFF,Unknown,ukdale
2013-04-18 09:05:16,230.7,0.005,1.1,3e-07,OFF,Unknown,ukdale
2013-04-18 09:05:17,231.0,0.002,0.5,1e-07,OFF,Unknown,ukdale
2013-04-18 09:05:18,230.6,0.005,1.1,3e-07,OFF,Unknown,ukdale
2013-04-18 09:05:19,229.4,0.001,0.3,1e-07,OFF,Unknown,ukdale
2013-04-18 09:05:20,228.1,0.004,0.9,3e-07,OFF,Unknown,ukdale
2013-04-18 09:05:21,230.9,0.001,0.3,1e-07,OFF,Unknown,ukdale
2013-04-18 09:05:22,231.4,0.002,0.5,1e-07,OFF,Unknown,ukdale
2013-04-18 09:05:23,229.7,0.003,0.7,2e-07,OFF,Unknown,ukdale
2013-04-18 09:05:24,229.6,0.005,1.0,3e-07,OFF,Unknown,ukdale
2013-04-18 09:05:25,231.6,0.002,0.4,1e-07,OFF,Unknown,ukdale
2013-04-18 09:05:26,228.7,0.001,0.3,1e-07,OFF,Unknown,ukdale
2013-04-18 09:05:27,229.2,0.002,0.4,1e-07,OFF,Unknown,ukdale
2013-04-18 09:05:28,229.9,0.002,0.4,1e-07,OFF,Unknown,ukdale
2013-04-18 09:05:29,228.4,0.002,0.4,1e-07,OFF,Unknown,ukdale
2013-04-18 09:05:30,228.7,0.003,0.8,2e-07,OFF,Unknown,ukdale
2013-04-18 09:05:31,229.6,0.003,0.8,2e-07,OFF,Unknown,ukdale
2013-04-18 09:05:32,230.9,0.001,0.3,1e-07,OFF,Unknown,ukdale
2013-04-18 09:05:33,228.0,0.001,0.2,1e-07,OFF,Unknown,ukdale
2013-04-18 09:05:34,228.5,0.005,1.0,3e-07,OFF,Unknown,ukdale
2013-04-18 09:05:35,232.0,0.001,0.1,0.0,OFF,Unknown,ukdale
2013-04-18 09:05:36,228.9,0.001,0.2,1e-07,OFF,Unknown,ukdale
2013-04-18 09:05:37,228.5,0.003,0.7,2e-07,OFF,Unknown,ukdale
2013-04-18 09:05:38,231.3,0.005,1.1,3e-07,OFF,Unknown,ukdale
2013-04-18 09:05:39,231.9,0.003,0.7,2e-07,OFF,Unknown,ukdale
2013-04-18 09:05:40,229.9,0.004,0.9,2e-07,OFF,Unknown,ukdale
2013-04-18 09:05:41,229.6,0.003,0.6,2e-07,OFF,Unknown,ukdale
2013-04-18 09:05:42,230.8,0.005,1.1,3e-07,OFF,Unknown,ukdale
2013-04-18 09:05:43,231.5,0.005,1.1,3e-07,OFF,Unknown,ukdale
2013-04-18 09:05:44,230.9,0.002,0.6,2e-07,OFF,Unknown,ukdale
2013-04-18 09:05:45,230.3,0.005,1.1,3e-07,OFF,Unknown,ukdale
2013-04-18 09:05:46,228.8,0.004,0.9,2e-07,OFF,Unknown,ukdale
2013-04-18 09:05:47,230.7,0.005,1.1,3e-07,OFF,Unknown,ukdale
2013-04-18 09:05:48,228.8,0.003,0.8,2e-07,OFF,Unknown,ukdale
2013-04-18 09:05:49,231.7,0.005,1.1,3e-07,OFF,Unknown,ukdale
2013-04-18 09:05:50,230.5,0.003,0.6,2e-07,OFF,Unknown,ukdale
2013-04-18 09:05:51,231.8,0.004,1.0,3e-07,OFF,Unknown,ukdale
2013-04-18 09:05:52,228.0,0.001,0.3,1e-07,OFF,Unknown,ukdale
2013-04-18 09:05:53,231.7,0.001,0.2,1e-07,OFF,Unknown,ukdale
2013-04-18 09:05:54,228.9,0.003,0.8,2e-07,OFF,Unknown,ukdale
2013-04-18 09:05:55,231.6,0.002,0.5,1e-07,OFF,Unknown,ukdale
2013-04-18 09:05:56,230.6,0.003,0.7,2e-07,OFF,Unknown,ukdale
2013-04-18 09:05:57,229.6,0.002,0.5,1e-07,OFF,Unknown,ukdale
2013-04-18 09:05:58,231.3,0.001,0.3,1e-07,OFF,Unknown,ukdale
2013-04-18 09:05:59,228.2,0.001,0.3,1e-07,OFF,Unknown,ukdale
2013-04-18 09:06:00,230.4,0.004,0.9,2e-07,OFF,Unknown,ukdale
2013-04-18 09:06:01,231.8,0.002,0.4,1e-07,OFF,Unknown,ukdale
2013-04-18 09:06:02,230.6,0.002,0.4,1e-07,OFF,Unknown,ukdale
2013-04-18 09:06:03,228.8,0.001,0.1,0.0,OFF,Unknown,ukdale
2013-04-18 09:06:04,229.5,0.002,0.5,1e-07,OFF,Unknown,ukdale
2013-04-18 09:06:05,228.2,0.003,0.8,2e-07,OFF,Unknown,ukdale
2013-04-18 09:06:06,228.1,0.002,0.5,2e-07,OFF,Unknown,ukdale
2013-04-18 09:06:07,229.6,0.004,0.8,2e-07,OFF,Unknown,ukdale
2013-04-18 09:06:08,229.2,0.0,0.0,0.0,OFF,Unknown,ukdale
2013-04-18 09:06:09,231.1,0.004,0.9,3e-07,OFF,Unknown,ukdale
2013-04-18 09:06:10,231.9,0.002,0.6,2e-07,OFF,Unknown,ukdale
2013-04-18 09:06:11,228.0,0.003,0.8,2e-07,OFF,Unknown,ukdale
2013-04-18 09:06:12,231.2,0.003,0.8,2e-07,OFF,Unknown,ukdale
2013-04-18 09:06:13,230.7,0.004,1.0,3e-07,OFF,Unknown,ukdale
2013-04-18 09:06:14,228.9,0.002,0.5,1e-07,OFF,Unknown,ukdale
2013-04-18 09:06:15,228.1,0.0,0.0,0.0,OFF,Unknown,ukdale
2013-04-18 09:06:16,231.1,0.004,0.9,2e-07,OFF,Unknown,ukdale
2013-04-18 09:06:17,231.2,0.0,0.1,0.0,OFF,Unknown,ukdale
2013-04-18 09:06:18,230.0,0.003,0.8,2e-07,OFF,Unknown,ukdale
2013-04-18 09:06:19,231.5,0.002,0.4,1e-07,OFF,Unknown,ukdale
2013-04-18 09:06:20,229.8,0.004,1.0,3e-07,OFF,Unknown,ukdale
2013-04-18 09:06:21,231.4,0.001,0.1,0.0,OFF,Unknown,ukdale
2013-04-18 09:06:22,229.8,0.003,0.7,2e-07,OFF,Unknown,ukdale
2013-04-18 09:06:23,231.2,0.001,0.3,1e-07,OFF,Unknown,ukdale
2013-04-18 09:06:24,229.8,0.005,1.0,3e-07,OFF,Unknown,ukdale
2013-04-18 09:06:25,228.1,0.002,0.5,1e-07,OFF,Unknown,ukdale
2013-04-18 09:06:26,230.3,0.003,0.8,2e-07,OFF,Unknown,ukdale
2013-04-18 09:06:27,230.2,0.004,0.9,2e-07,OFF,Unknown,ukdale
2013-04-18 09:06:28,230.6,0.005,1.1,3e-07,OFF,Unknown,ukdale
2013-04-18 09:06:29,231.1,0.0,0.1,0.0,OFF,Unknown,ukdale
2013-04-18 09:06:30,229.9,0.003,0.7,2e-07,OFF,Unknown,ukdale
2013-04-18 09:06:31,230.6,0.001,0.1,0.0,OFF,Unknown,ukdale
2013-04-18 09:06:32,230.3,0.002,0.4,1e-07,OFF,Unknown,ukdale
2013-04-18 09:06:33,232.0,0.001,0.3,1e-07,OFF,Unknown,ukdale
2013-04-18 09:06:34,230.3,0.004,0.8,2e-07,OFF,Unknown,ukdale
2013-04-18 09:06:35,230.2,0.002,0.3,1e-07,OFF,Unknown,ukdale
2013-04-18 09:06:36,229.6,0.004,1.0,3e-07,OFF,Unknown,ukdale
2013-04-18 09:06:37,228.8,0.003,0.8,2e-07,OFF,Unknown,ukdale
2013-04-18 09:06:38,228.6,0.001,0.3,1e-07,OFF,Unknown,ukdale
2013-04-18 09:06:39,231.0,0.004,1.0,3e-07,OFF,Unknown,ukdale
2013-04-18 09:06:40,230.7,0.004,0.8,2e-07,OFF,Unknown,ukdale
2013-04-18 09:06:41,229.7,0.004,1.0,3e-07,OFF,Unknown,ukdale
2013-04-18 09:06:42,231.4,0.002,0.4,1e-07,OFF,Unknown,ukdale
2013-04-18 09:06:43,231.1,0.004,0.8,2e-07,OFF,Unknown,ukdale
2013-04-18 09:06:44,230.5,0.004,1.0,3e-07,OFF,Unknown,ukdale
2013-04-18 09:06:45,232.0,0.005,1.1,3e-07,OFF,Unknown,ukdale
2013-04-18 09:06:46,228.8,0.003,0.7,2e-07,OFF,Unknown,ukdale
2013-04-18 09:06:47,228.9,0.002,0.5,1e-07,OFF,Unknown,ukdale
2013-04-18 09:06:48,230.5,0.001,0.2,1e-07,OFF,Unknown,ukdale
2013-04-18 09:06:49,228.3,0.004,0.9,2e-07,OFF,Unknown,ukdale
2013-04-18 09:06:50,228.8,0.0,0.0,0.0,OFF,Unknown,ukdale
2013-04-18 09:06:51,231.8,0.002,0.6,2e-07,OFF,Unknown,ukdale
2013-04-18 09:06:52,231.8,0.001,0.2,1e-07,OFF,Unknown,ukdale
2013-04-18 09:06:53,228.3,0.004,0.9,3e-07,OFF,Unknown,ukdale
2013-04-18 09:06:54,229.1,0.003,0.7,2e-07,OFF,Unknown,ukdale
2013-04-18 09:06:55,229.7,0.001,0.2,1e-07,OFF,Unknown,ukdale
2013-04-18 09:06:56,229.4,0.002,0.4,1e-07,OFF,Unknown,ukdale
2013-04-18 09:06:57,230.1,0.001,0.2,1e-07,OFF,Unknown,ukdale
2013-04-18 09:06:58,231.5,0.004,1.0,3e-07,OFF,Unknown,ukdale
2013-04-18 09:06:59,230.0,0.002,0.4,1e-07,OFF,Unknown,ukdale
2013-04-18 09:07:00,231.5,0.001,0.2,0.0,OFF,Unknown,ukdale
2013-04-18 09:07:01,231.3,0.002,0.4,1e-07,OFF,Unknown,ukdale
2013-04-18 09:07:02,231.5,0.001,0.1,0.0,OFF,Unknown,ukdale
2013-04-18 09:07:03,231.9,0.003,0.8,2e-07,OFF,Unknown,ukdale
2013-04-18 09:07:04,228.5,0.004,1.0,3e-07,OFF,Unknown,ukdale
2013-04-18 09:07:05,228.5,0.003,0.7,2e-07,OFF,Unknown,ukdale
2013-04-18 09:07:06,228.2,0.004,1.0,3e-07,OFF,Unknown,ukdale
2013-04-18 09:07:07,229.0,0.002,0.6,2e-07,OFF,Unknown,ukdale
2013-04-18 09:07:08,231.0,0.0,0.0,0.0,OFF,Unknown,ukdale
2013-04-18 09:07:09,230.0,0.004,1.0,3e-07,OFF,Unknown,ukdale
2013-04-18 09:07:10,228.6,0.001,0.3,1e-07,OFF,Unknown,ukdale
2013-04-18 09:07:11,228.1,0.0,0.1,0.0,OFF,Unknown,ukdale
2013-04-18 09:07:12,228.5,0.003,0.8,2e-07,OFF,Unknown,ukdale
2013-04-18 09:07:13,229.4,0.004,0.8,2e-07,OFF,Unknown,ukdale
2013-04-18 09:07:14,231.9,0.005,1.1,3e-07,OFF,Unknown,ukdale
2013-04-18 09:07:15,229.5,0.001,0.1,0.0,OFF,Unknown,ukdale
2013-04-18 09:07:16,229.8,0.004,1.0,3e-07,OFF,Unknown,ukdale
2013-04-18 09:07:17,231.3,0.003,0.8,2e-07,OFF,Unknown,ukdale
2013-04-18 09:07:18,231.4,0.0,0.1,0.0,OFF,Unknown,ukdale
2013-04-18 09:07:19,228.5,0.001,0.2,0.0,OFF,Unknown,ukdale
2013-04-18 09:07:20,228.4,0.001,0.2,1e-07,OFF,Unknown,ukdale
2013-04-18 09:07:21,230.3,0.003,0.7,2e-07,OFF,Unknown,ukdale
2013-04-18 09:07:22,229.9,0.003,0.7,2e-07,OFF,Unknown,ukdale
2013-04-18 09:07:23,229.2,0.002,0.4,1e-07,OFF,Unknown,ukdale
2013-04-18 09:07:24,231.3,0.004,1.0,3e-07,OFF,Unknown,ukdale
2013-04-18 09:07:25,230.6,0.002,0.5,1e-07,OFF,Unknown,ukdale
2013-04-18 09:07:26,229.5,0.0,0.1,0.0,OFF,Unknown,ukdale
2013-04-18 09:07:27,228.2,0.003,0.7,2e-07,OFF,Unknown,ukdale
2013-04-18 09:07:28,231.3,0.001,0.3,1e-07,OFF,Unknown,ukdale
2013-04-18 09:07:29,231.3,0.0,0.1,0.0,OFF,Unknown,ukdale
2013-04-18 09:07:30,230.6,0.001,0.2,0.0,OFF,Unknown,ukdale
2013-04-18 09:07:31,228.6,0.003,0.7,2e-07,OFF,Unknown,ukdale
2013-04-18 09:07:32,229.5,0.002,0.5,1e-07,OFF,Unknown,ukdale
2013-04-18 09:07:33,231.9,0.0,0.1,0.0,OFF,Unknown,ukdale
2013-04-18 09:07:34,230.5,0.002,0.4,1e-07,OFF,Unknown,ukdale
2013-04-18 09:07:35,231.8,0.004,1.0,3e-07,OFF,Unknown,ukdale
2013-04-18 09:07:36,228.3,0.0,0.1,0.0,OFF,Unknown,ukdale
2013-04-18 09:07:37,231.2,0.0,0.1,0.0,OFF,Unknown,ukdale
2013-04-18 09:07:38,228.3,0.001,0.2,1e-07,OFF,Unknown,ukdale
2013-04-18 09:07:39,228.4,0.002,0.6,2e-07,OFF,Unknown,ukdale
2013-04-18 09:07:40,231.2,0.002,0.5,2e-07,OFF,Unknown,ukdale
2013-04-18 09:07:41,230.8,0.001,0.3,1e-07,OFF,Unknown,ukdale
2013-04-18 09:07:42,229.5,0.001,0.2,1e-07,OFF,Unknown,ukdale
2013-04-18 09:07:43,230.2,0.002,0.4,1e-07,OFF,Unknown,ukdale
2013-04-18 09:07:44,229.6,0.001,0.2,1e-07,OFF,Unknown,ukdale
2013-04-18 09:07:45,231.5,0.001,0.2,0.0,OFF,Unknown,ukdale
2013-04-18 09:07:46,228.5,0.002,0.5,2e-07,OFF,Unknown,ukdale
2013-04-18 09:07:47,230.4,0.003,0.7,2e-07,OFF,Unknown,ukdale
2013-04-18 09:07:48,231.5,0.0,0.1,0.0,OFF,Unknown,ukdale
2013-04-18 09:07:49,230.4,0.004,1.0,3e-07,OFF,Unknown,ukdale
2013-04-18 09:07:50,231.7,0.003,0.7,2e-07,OFF,Unknown,ukdale
2013-04-18 09:07:51,231.4,0.003,0.8,2e-07,OFF,Unknown,ukdale
2013-04-18 09:07:52,230.2,0.002,0.5,1e-07,OFF,Unknown,ukdale
2013-04-18 09:07:53,230.5,0.002,0.6,2e-07,OFF,Unknown,ukdale
2013-04-18 09:07:54,229.3,0.004,1.0,3e-07,OFF,Unknown,ukdale
2013-04-18 09:07:55,231.2,0.001,0.3,1e-07,OFF,Unknown,ukdale
2013-04-18 09:07:56,230.6,0.003,0.6,2e-07,OFF,Unknown,ukdale
2013-04-18 09:07:57,230.5,0.003,0.7,2e-07,OFF,Unknown,ukdale
2013-04-18 09:07:58,230.4,0.001,0.2,0.0,OFF,Unknown,ukdale
2013-04-18 09:07:59,231.6,0.0,0.1,0.0,OFF,Unknown,ukdale
2013-04-18 09:08:00,230.2,0.001,0.3,1e-07,OFF,Unknown,ukdale
2013-04-18 09:08:01,230.1,0.002,0.4,1e-07,OFF,Unknown,ukdale
2013-04-18 09:08:02,231.5,0.003,0.6,2e-07,OFF,Unknown,ukdale
2013-04-18 09:08:03,231.9,0.003,0.8,2e-07,OFF,Unknown,ukdale
2013-04-18 09:08:04,232.0,0.002,0.5,1e-07,OFF,Unknown,ukdale
2013-04-18 09:08:05,228.2,0.003,0.7,2e-07,OFF,Unknown,ukdale
2013-04-18 09:08:06,229.3,0.002,0.5,1e-07,OFF,Unknown,ukdale
2013-04-18 09:08:07,228.8,0.002,0.5,1e-07,OFF,Unknown,ukdale
2013-04-18 09:08:08,229.0,0.0,0.0,0.0,OFF,Unknown,ukdale
2013-04-18 09:08:09,230.5,0.004,0.9,2e-07,OFF,Unknown,ukdale
2013-04-18 09:08:10,229.4,0.003,0.6,2e-07,OFF,Unknown,ukdale
2013-04-18 09:08:11,231.6,0.002,0.6,2e-07,OFF,Unknown,ukdale
2013-04-18 09:08:12,232.0,0.001,0.1,0.0,OFF,Unknown,ukdale
2013-04-18 09:08:13,230.1,0.0,0.1,0.0,OFF,Unknown,ukdale
2013-04-18 09:08:14,229.4,0.0,0.1,0.0,OFF,Unknown,ukdale
2013-04-18 09:08:15,229.7,0.002,0.4,1e-07,OFF,Unknown,ukdale
2013-04-18 09:08:16,231.6,0.003,0.7,2e-07,OFF,Unknown,ukdale
2013-04-18 09:08:17,231.2,0.002,0.5,1e-07,OFF,Unknown,ukdale
2013-04-18 09:08:18,231.8,0.001,0.3,1e-07,OFF,Unknown,ukdale
2013-04-18 09:08:19,231.8,0.001,0.3,1e-07,OFF,Unknown,ukdale
2026-01-01 10:00:00,231.2,0.04,9.3,2.6e-06,ON,LED_Bulb,synthetic
2026-01-01 10:00:01,229.0,0.001,0.2,1e-07,OFF,LED_Bulb,synthetic
2026-01-01 10:00:02,229.0,0.04,9.1,2.5e-06,ON,LED_Bulb,synthetic
2026-01-01 10:00:03,228.8,0.039,8.9,2.5e-06,ON,LED_Bulb,synthetic
2026-01-01 10:00:04,228.8,0.038,8.8,2.4e-06,ON,LED_Bulb,synthetic
2026-01-01 10:00:05,231.1,0.041,9.6,2.7e-06,ON,LED_Bulb,synthetic
2026-01-01 10:00:06,230.8,0.039,9.1,2.5e-06,ON,LED_Bulb,synthetic
2026-01-01 10:00:07,228.9,0.038,8.7,2.4e-06,ON,LED_Bulb,synthetic
2026-01-01 10:00:08,229.7,0.038,8.8,2.4e-06,ON,LED_Bulb,synthetic
2026-01-01 10:00:09,231.1,0.001,0.2,0.0,OFF,LED_Bulb,synthetic
2026-01-01 10:00:10,228.5,0.038,8.8,2.4e-06,ON,LED_Bulb,synthetic
2026-01-01 10:00:11,229.1,0.04,9.1,2.5e-06,ON,LED_Bulb,synthetic
2026-01-01 10:00:12,229.3,0.042,9.5,2.6e-06,ON,LED_Bulb,synthetic
2026-01-01 10:00:13,230.8,0.042,9.6,2.7e-06,ON,LED_Bulb,synthetic
2026-01-01 10:00:14,229.8,0.038,8.8,2.4e-06,ON,LED_Bulb,synthetic
2026-01-01 10:00:15,228.7,0.038,8.7,2.4e-06,ON,LED_Bulb,synthetic
2026-01-01 10:00:16,229.3,0.041,9.5,2.6e-06,ON,LED_Bulb,synthetic
2026-01-01 10:00:17,228.8,0.04,9.2,2.6e-06,ON,LED_Bulb,synthetic
2026-01-01 10:00:18,231.3,0.0,0.1,0.0,OFF,LED_Bulb,synthetic
2026-01-01 10:00:19,231.2,0.04,9.1,2.5e-06,ON,LED_Bulb,synthetic
2026-01-01 10:00:20,228.9,0.042,9.6,2.7e-06,ON,LED_Bulb,synthetic
2026-01-01 10:00:21,229.2,0.04,9.1,2.5e-06,ON,LED_Bulb,synthetic
2026-01-01 10:00:22,229.4,0.041,9.4,2.6e-06,ON,LED_Bulb,synthetic
2026-01-01 10:00:23,229.5,0.042,9.6,2.7e-06,ON,LED_Bulb,synthetic
2026-01-01 10:00:24,230.7,0.039,9.1,2.5e-06,ON,LED_Bulb,synthetic
2026-01-01 10:00:25,229.6,0.039,8.9,2.5e-06,ON,LED_Bulb,synthetic
2026-01-01 10:00:26,231.2,0.001,0.1,0.0,OFF,LED_Bulb,synthetic
2026-01-01 10:00:27,229.0,0.001,0.2,1e-07,OFF,LED_Bulb,synthetic
2026-01-01 10:00:28,231.4,0.038,8.9,2.5e-06,ON,LED_Bulb,synthetic
2026-01-01 10:00:29,229.7,0.038,8.8,2.5e-06,ON,LED_Bulb,synthetic
2026-01-01 10:00:30,230.6,0.041,9.5,2.6e-06,ON,LED_Bulb,synthetic
2026-01-01 10:00:31,230.7,0.0,0.0,0.0,OFF,LED_Bulb,synthetic
2026-01-01 10:00:32,229.3,0.042,9.6,2.7e-06,ON,LED_Bulb,synthetic
2026-01-01 10:00:33,231.4,0.041,9.4,2.6e-06,ON,LED_Bulb,synthetic
2026-01-01 10:00:34,231.0,0.039,8.9,2.5e-06,ON,LED_Bulb,synthetic
2026-01-01 10:00:35,231.5,0.042,9.7,2.7e-06,ON,LED_Bulb,synthetic
2026-01-01 10:00:36,228.9,0.04,9.2,2.6e-06,ON,LED_Bulb,synthetic
2026-01-01 10:00:37,230.9,0.04,9.2,2.6e-06,ON,LED_Bulb,synthetic
2026-01-01 10:00:38,229.4,0.04,9.2,2.6e-06,ON,LED_Bulb,synthetic
2026-01-01 10:00:39,230.3,0.038,8.8,2.4e-06,ON,LED_Bulb,synthetic
2026-01-01 10:00:40,231.1,0.039,9.0,2.5e-06,ON,LED_Bulb,synthetic
2026-01-01 10:00:41,229.3,0.042,9.6,2.7e-06,ON,LED_Bulb,synthetic
2026-01-01 10:00:42,229.3,0.04,9.1,2.5e-06,ON,LED_Bulb,synthetic
2026-01-01 10:00:43,229.8,0.038,8.8,2.5e-06,ON,LED_Bulb,synthetic
2026-01-01 10:00:44,230.8,0.042,9.6,2.7e-06,ON,LED_Bulb,synthetic
2026-01-01 10:00:45,230.2,0.041,9.4,2.6e-06,ON,LED_Bulb,synthetic
2026-01-01 10:00:46,229.0,0.0,0.1,0.0,OFF,LED_Bulb,synthetic
2026-01-01 10:00:47,229.7,0.04,9.2,2.6e-06,ON,LED_Bulb,synthetic
2026-01-01 10:00:48,230.5,0.042,9.6,2.7e-06,ON,LED_Bulb,synthetic
2026-01-01 10:00:49,231.0,0.04,9.2,2.6e-06,ON,LED_Bulb,synthetic
2026-01-01 10:00:50,229.8,0.039,9.0,2.5e-06,ON,LED_Bulb,synthetic
2026-01-01 10:00:51,230.9,0.04,9.3,2.6e-06,ON,LED_Bulb,synthetic
2026-01-01 10:00:52,228.6,0.041,9.3,2.6e-06,ON,LED_Bulb,synthetic
2026-01-01 10:00:53,229.1,0.041,9.3,2.6e-06,ON,LED_Bulb,synthetic
2026-01-01 10:00:54,230.7,0.042,9.7,2.7e-06,ON,LED_Bulb,synthetic
2026-01-01 10:00:55,229.2,0.039,9.0,2.5e-06,ON,LED_Bulb,synthetic
2026-01-01 10:00:56,229.8,0.038,8.8,2.4e-06,ON,LED_Bulb,synthetic
2026-01-01 10:00:57,230.8,0.04,9.3,2.6e-06,ON,LED_Bulb,synthetic
2026-01-01 10:00:58,231.2,0.038,8.8,2.4e-06,ON,LED_Bulb,synthetic
2026-01-01 10:00:59,229.3,0.04,9.2,2.6e-06,ON,LED_Bulb,synthetic
2026-01-01 10:01:00,229.2,0.042,9.6,2.7e-06,ON,LED_Bulb,synthetic
2026-01-01 10:01:01,229.8,0.0,0.1,0.0,OFF,LED_Bulb,synthetic
2026-01-01 10:01:02,230.2,0.039,9.0,2.5e-06,ON,LED_Bulb,synthetic
2026-01-01 10:01:03,231.1,0.001,0.2,1e-07,OFF,LED_Bulb,synthetic
2026-01-01 10:01:04,230.9,0.04,9.2,2.6e-06,ON,LED_Bulb,synthetic
2026-01-01 10:01:05,230.5,0.039,8.9,2.5e-06,ON,LED_Bulb,synthetic
2026-01-01 10:01:06,228.8,0.041,9.4,2.6e-06,ON,LED_Bulb,synthetic
2026-01-01 10:01:07,229.8,0.04,9.3,2.6e-06,ON,LED_Bulb,synthetic
2026-01-01 10:01:08,230.6,0.041,9.5,2.6e-06,ON,LED_Bulb,synthetic
2026-01-01 10:01:09,231.2,0.04,9.3,2.6e-06,ON,LED_Bulb,synthetic
2026-01-01 10:01:10,230.8,0.038,8.8,2.5e-06,ON,LED_Bulb,synthetic
2026-01-01 10:01:11,230.3,0.04,9.3,2.6e-06,ON,LED_Bulb,synthetic
2026-01-01 10:01:12,230.9,0.039,8.9,2.5e-06,ON,LED_Bulb,synthetic
2026-01-01 10:01:13,231.2,0.038,8.8,2.5e-06,ON,LED_Bulb,synthetic
2026-01-01 10:01:14,229.4,0.041,9.4,2.6e-06,ON,LED_Bulb,synthetic
2026-01-01 10:01:15,229.5,0.04,9.3,2.6e-06,ON,LED_Bulb,synthetic
2026-01-01 10:01:16,229.6,0.04,9.1,2.5e-06,ON,LED_Bulb,synthetic
2026-01-01 10:01:17,230.8,0.04,9.1,2.5e-06,ON,LED_Bulb,synthetic
2026-01-01 10:01:18,230.5,0.001,0.2,1e-07,OFF,LED_Bulb,synthetic
2026-01-01 10:01:19,231.2,0.0,0.0,0.0,OFF,LED_Bulb,synthetic
2026-01-01 10:01:20,228.8,0.001,0.2,1e-07,OFF,LED_Bulb,synthetic
2026-01-01 10:01:21,229.8,0.041,9.3,2.6e-06,ON,LED_Bulb,synthetic
2026-01-01 10:01:22,230.7,0.039,8.9,2.5e-06,ON,LED_Bulb,synthetic
2026-01-01 10:01:23,229.2,0.041,9.4,2.6e-06,ON,LED_Bulb,synthetic
2026-01-01 10:01:24,231.2,0.039,9.0,2.5e-06,ON,LED_Bulb,synthetic
2026-01-01 10:01:25,230.3,0.041,9.5,2.6e-06,ON,LED_Bulb,synthetic
2026-01-01 10:01:26,231.1,0.041,9.5,2.7e-06,ON,LED_Bulb,synthetic
2026-01-01 10:01:27,229.7,0.039,9.0,2.5e-06,ON,LED_Bulb,synthetic
2026-01-01 10:01:28,229.1,0.0,0.0,0.0,OFF,LED_Bulb,synthetic
2026-01-01 10:01:29,231.4,0.001,0.2,0.0,OFF,LED_Bulb,synthetic
2026-01-01 10:01:30,230.1,0.038,8.8,2.4e-06,ON,LED_Bulb,synthetic
2026-01-01 10:01:31,231.4,0.04,9.3,2.6e-06,ON,LED_Bulb,synthetic
2026-01-01 10:01:32,230.2,0.038,8.8,2.4e-06,ON,LED_Bulb,synthetic
2026-01-01 10:01:33,231.4,0.0,0.0,0.0,OFF,LED_Bulb,synthetic
2026-01-01 10:01:34,230.9,0.039,9.0,2.5e-06,ON,LED_Bulb,synthetic
2026-01-01 10:01:35,230.4,0.04,9.2,2.6e-06,ON,LED_Bulb,synthetic
2026-01-01 10:01:36,230.1,0.039,9.0,2.5e-06,ON,LED_Bulb,synthetic
2026-01-01 10:01:37,230.3,0.041,9.4,2.6e-06,ON,LED_Bulb,synthetic
2026-01-01 10:01:38,228.8,0.001,0.1,0.0,OFF,LED_Bulb,synthetic
2026-01-01 10:01:39,230.0,0.041,9.4,2.6e-06,ON,LED_Bulb,synthetic
2026-01-01 10:01:40,231.0,0.001,0.2,1e-07,OFF,LED_Bulb,synthetic
2026-01-01 10:01:41,229.0,0.041,9.5,2.6e-06,ON,LED_Bulb,synthetic
2026-01-01 10:01:42,230.5,0.042,9.6,2.7e-06,ON,LED_Bulb,synthetic
2026-01-01 10:01:43,231.4,0.038,8.8,2.5e-06,ON,LED_Bulb,synthetic
2026-01-01 10:01:44,231.5,0.04,9.3,2.6e-06,ON,LED_Bulb,synthetic
2026-01-01 10:01:45,229.9,0.039,8.9,2.5e-06,ON,LED_Bulb,synthetic
2026-01-01 10:01:46,230.1,0.042,9.6,2.7e-06,ON,LED_Bulb,synthetic
2026-01-01 10:01:47,229.9,0.001,0.1,0.0,OFF,LED_Bulb,synthetic
2026-01-01 10:01:48,229.4,0.04,9.3,2.6e-06,ON,LED_Bulb,synthetic
2026-01-01 10:01:49,229.3,0.04,9.2,2.6e-06,ON,LED_Bulb,synthetic
2026-01-01 10:01:50,229.8,0.04,9.1,2.5e-06,ON,LED_Bulb,synthetic
2026-01-01 10:01:51,228.7,0.04,9.2,2.6e-06,ON,LED_Bulb,synthetic
2026-01-01 10:01:52,229.4,0.0,0.1,0.0,OFF,LED_Bulb,synthetic
2026-01-01 10:01:53,229.6,0.04,9.2,2.5e-06,ON,LED_Bulb,synthetic
2026-01-01 10:01:54,229.5,0.04,9.3,2.6e-06,ON,LED_Bulb,synthetic
2026-01-01 10:01:55,229.2,0.041,9.3,2.6e-06,ON,LED_Bulb,synthetic
2026-01-01 10:01:56,230.7,0.041,9.4,2.6e-06,ON,LED_Bulb,synthetic
2026-01-01 10:01:57,228.9,0.0,0.1,0.0,OFF,LED_Bulb,synthetic
2026-01-01 10:01:58,228.6,0.038,8.7,2.4e-06,ON,LED_Bulb,synthetic
2026-01-01 10:01:59,228.8,0.04,9.2,2.6e-06,ON,LED_Bulb,synthetic
2026-01-01 10:02:00,228.7,0.041,9.4,2.6e-06,ON,LED_Bulb,synthetic
2026-01-01 10:02:01,230.1,0.039,9.0,2.5e-06,ON,LED_Bulb,synthetic
2026-01-01 10:02:02,229.9,0.04,9.2,2.6e-06,ON,LED_Bulb,synthetic
2026-01-01 10:02:03,229.9,0.0,0.1,0.0,OFF,LED_Bulb,synthetic
2026-01-01 10:02:04,231.2,0.042,9.7,2.7e-06,ON,LED_Bulb,synthetic
2026-01-01 10:02:05,230.6,0.04,9.2,2.6e-06,ON,LED_Bulb,synthetic
2026-01-01 10:02:06,229.0,0.04,9.0,2.5e-06,ON,LED_Bulb,synthetic
2026-01-01 10:02:07,230.7,0.038,8.8,2.4e-06,ON,LED_Bulb,synthetic
2026-01-01 10:02:08,228.8,0.0,0.0,0.0,OFF,LED_Bulb,synthetic
2026-01-01 10:02:09,230.8,0.04,9.3,2.6e-06,ON,LED_Bulb,synthetic
2026-01-01 10:02:10,229.8,0.04,9.2,2.6e-06,ON,LED_Bulb,synthetic
2026-01-01 10:02:11,229.8,0.0,0.0,0.0,OFF,LED_Bulb,synthetic
2026-01-01 10:02:12,229.7,0.039,8.9,2.5e-06,ON,LED_Bulb,synthetic
2026-01-01 10:02:13,228.8,0.04,9.2,2.6e-06,ON,LED_Bulb,synthetic
2026-01-01 10:02:14,228.6,0.0,0.1,0.0,OFF,LED_Bulb,synthetic
2026-01-01 10:02:15,230.3,0.041,9.3,2.6e-06,ON,LED_Bulb,synthetic
2026-01-01 10:02:16,230.4,0.041,9.4,2.6e-06,ON,LED_Bulb,synthetic
2026-01-01 10:02:17,230.5,0.0,0.0,0.0,OFF,LED_Bulb,synthetic
2026-01-01 10:02:18,229.9,0.038,8.8,2.4e-06,ON,LED_Bulb,synthetic
2026-01-01 10:02:19,229.7,0.038,8.8,2.4e-06,ON,LED_Bulb,synthetic
2026-01-01 10:02:20,229.8,0.041,9.5,2.6e-06,ON,LED_Bulb,synthetic
2026-01-01 10:02:21,228.7,0.041,9.4,2.6e-06,ON,LED_Bulb,synthetic
2026-01-01 10:02:22,229.5,0.039,8.9,2.5e-06,ON,LED_Bulb,synthetic
2026-01-01 10:02:23,229.2,0.04,9.1,2.5e-06,ON,LED_Bulb,synthetic
2026-01-01 10:02:24,230.2,0.041,9.5,2.6e-06,ON,LED_Bulb,synthetic
2026-01-01 10:02:25,230.1,0.04,9.2,2.6e-06,ON,LED_Bulb,synthetic
2026-01-01 10:02:26,229.3,0.041,9.3,2.6e-06,ON,LED_Bulb,synthetic
2026-01-01 10:02:27,229.1,0.001,0.2,1e-07,OFF,LED_Bulb,synthetic
2026-01-01 10:02:28,229.0,0.041,9.3,2.6e-06,ON,LED_Bulb,synthetic
2026-01-01 10:02:29,229.1,0.042,9.5,2.6e-06,ON,LED_Bulb,synthetic
2026-01-01 10:02:30,230.8,0.041,9.3,2.6e-06,ON,LED_Bulb,synthetic
2026-01-01 10:02:31,231.3,0.041,9.6,2.7e-06,ON,LED_Bulb,synthetic
2026-01-01 10:02:32,230.0,0.042,9.6,2.7e-06,ON,LED_Bulb,synthetic
2026-01-01 10:02:33,229.9,0.04,9.1,2.5e-06,ON,LED_Bulb,synthetic
2026-01-01 10:02:34,229.4,0.041,9.3,2.6e-06,ON,LED_Bulb,synthetic
2026-01-01 10:02:35,231.2,0.038,8.8,2.4e-06,ON,LED_Bulb,synthetic
2026-01-01 10:02:36,231.1,0.04,9.4,2.6e-06,ON,LED_Bulb,synthetic
2026-01-01 10:02:37,230.1,0.039,9.0,2.5e-06,ON,LED_Bulb,synthetic
2026-01-01 10:02:38,231.3,0.042,9.7,2.7e-06,ON,LED_Bulb,synthetic
2026-01-01 10:02:39,229.0,0.039,8.9,2.5e-06,ON,LED_Bulb,synthetic
2026-01-01 10:02:40,228.5,0.0,0.0,0.0,OFF,LED_Bulb,synthetic
2026-01-01 10:02:41,231.2,0.0,0.0,0.0,OFF,LED_Bulb,synthetic
2026-01-01 10:02:42,231.0,0.041,9.4,2.6e-06,ON,LED_Bulb,synthetic
2026-01-01 10:02:43,229.0,0.04,9.3,2.6e-06,ON,LED_Bulb,synthetic
2026-01-01 10:02:44,229.8,0.04,9.3,2.6e-06,ON,LED_Bulb,synthetic
2026-01-01 10:02:45,229.6,0.038,8.8,2.4e-06,ON,LED_Bulb,synthetic
2026-01-01 10:02:46,229.8,0.0,0.0,0.0,OFF,LED_Bulb,synthetic
2026-01-01 10:02:47,230.1,0.039,9.0,2.5e-06,ON,LED_Bulb,synthetic
2026-01-01 10:02:48,231.2,0.04,9.3,2.6e-06,ON,LED_Bulb,synthetic
2026-01-01 10:02:49,229.9,0.038,8.8,2.4e-06,ON,LED_Bulb,synthetic
2026-01-01 10:02:50,229.4,0.04,9.2,2.6e-06,ON,LED_Bulb,synthetic
2026-01-01 10:02:51,230.5,0.001,0.2,1e-07,OFF,LED_Bulb,synthetic
2026-01-01 10:02:52,230.9,0.041,9.5,2.7e-06,ON,LED_Bulb,synthetic
2026-01-01 10:02:53,230.3,0.0,0.1,0.0,OFF,LED_Bulb,synthetic
2026-01-01 10:02:54,228.8,0.04,9.2,2.6e-06,ON,LED_Bulb,synthetic
2026-01-01 10:02:55,230.1,0.001,0.2,1e-07,OFF,LED_Bulb,synthetic
2026-01-01 10:02:56,230.3,0.041,9.5,2.6e-06,ON,LED_Bulb,synthetic
2026-01-01 10:02:57,228.7,0.039,9.0,2.5e-06,ON,LED_Bulb,synthetic
2026-01-01 10:02:58,229.9,0.04,9.3,2.6e-06,ON,LED_Bulb,synthetic
2026-01-01 10:02:59,231.2,0.0,0.1,0.0,OFF,LED_Bulb,synthetic
2026-01-01 10:03:00,229.5,0.042,9.5,2.7e-06,ON,LED_Bulb,synthetic
2026-01-01 10:03:01,230.4,0.039,9.1,2.5e-06,ON,LED_Bulb,synthetic
2026-01-01 10:03:02,228.9,0.04,9.1,2.5e-06,ON,LED_Bulb,synthetic
2026-01-01 10:03:03,229.9,0.041,9.4,2.6e-06,ON,LED_Bulb,synthetic
2026-01-01 10:03:04,230.1,0.04,9.2,2.6e-06,ON,LED_Bulb,synthetic
2026-01-01 10:03:05,230.6,0.039,9.0,2.5e-06,ON,LED_Bulb,synthetic
2026-01-01 10:03:06,230.8,0.04,9.3,2.6e-06,ON,LED_Bulb,synthetic
2026-01-01 10:03:07,230.5,0.038,8.9,2.5e-06,ON,LED_Bulb,synthetic
2026-01-01 10:03:08,229.7,0.04,9.3,2.6e-06,ON,LED_Bulb,synthetic
2026-01-01 10:03:09,231.0,0.038,8.9,2.5e-06,ON,LED_Bulb,synthetic
2026-01-01 10:03:10,229.9,0.038,8.8,2.5e-06,ON,LED_Bulb,synthetic
2026-01-01 10:03:11,231.5,0.042,9.7,2.7e-06,ON,LED_Bulb,synthetic
2026-01-01 10:03:12,230.2,0.041,9.4,2.6e-06,ON,LED_Bulb,synthetic
2026-01-01 10:03:13,229.1,0.041,9.4,2.6e-06,ON,LED_Bulb,synthetic
2026-01-01 10:03:14,229.6,0.04,9.2,2.6e-06,ON,LED_Bulb,synthetic
2026-01-01 10:03:15,231.4,0.04,9.2,2.6e-06,ON,LED_Bulb,synthetic
2026-01-01 10:03:16,231.2,0.041,9.4,2.6e-06,ON,LED_Bulb,synthetic
2026-01-01 10:03:17,229.3,0.039,8.9,2.5e-06,ON,LED_Bulb,synthetic
2026-01-01 10:03:18,228.7,0.039,8.9,2.5e-06,ON,LED_Bulb,synthetic
2026-01-01 10:03:19,229.8,0.04,9.2,2.5e-06,ON,LED_Bulb,synthetic
2026-01-01 10:03:20,230.9,0.041,9.5,2.6e-06,ON,LED_Bulb,synthetic
2026-01-01 10:03:21,229.2,0.041,9.4,2.6e-06,ON,LED_Bulb,synthetic
2026-01-01 10:03:22,228.7,0.041,9.3,2.6e-06,ON,LED_Bulb,synthetic
2026-01-01 10:03:23,228.6,0.0,0.1,0.0,OFF,LED_Bulb,synthetic
2026-01-01 10:03:24,229.3,0.039,9.0,2.5e-06,ON,LED_Bulb,synthetic
2026-01-01 10:03:25,228.7,0.001,0.2,1e-07,OFF,LED_Bulb,synthetic
2026-01-01 10:03:26,230.2,0.041,9.4,2.6e-06,ON,LED_Bulb,synthetic
2026-01-01 10:03:27,230.7,0.039,9.1,2.5e-06,ON,LED_Bulb,synthetic
2026-01-01 10:03:28,230.1,0.042,9.6,2.7e-06,ON,LED_Bulb,synthetic
2026-01-01 10:03:29,231.0,0.041,9.4,2.6e-06,ON,LED_Bulb,synthetic
2026-01-01 10:03:30,229.8,0.001,0.2,0.0,OFF,LED_Bulb,synthetic
2026-01-01 10:03:31,229.8,0.04,9.2,2.5e-06,ON,LED_Bulb,synthetic
2026-01-01 10:03:32,230.0,0.038,8.8,2.5e-06,ON,LED_Bulb,synthetic
2026-01-01 10:03:33,229.4,0.042,9.6,2.7e-06,ON,LED_Bulb,synthetic
2026-01-01 10:03:34,230.0,0.001,0.2,1e-07,OFF,LED_Bulb,synthetic
2026-01-01 10:03:35,230.6,0.039,8.9,2.5e-06,ON,LED_Bulb,synthetic
2026-01-01 10:03:36,228.7,0.042,9.6,2.7e-06,ON,LED_Bulb,synthetic
2026-01-01 10:03:37,229.0,0.04,9.1,2.5e-06,ON,LED_Bulb,synthetic
2026-01-01 10:03:38,230.9,0.039,9.0,2.5e-06,ON,LED_Bulb,synthetic
2026-01-01 10:03:39,231.3,0.039,9.1,2.5e-06,ON,LED_Bulb,synthetic
2026-01-01 10:03:40,231.4,0.04,9.2,2.5e-06,ON,LED_Bulb,synthetic
2026-01-01 10:03:41,229.7,0.001,0.2,1e-07,OFF,LED_Bulb,synthetic
2026-01-01 10:03:42,229.5,0.001,0.2,1e-07,OFF,LED_Bulb,synthetic
2026-01-01 10:03:43,231.0,0.039,9.1,2.5e-06,ON,LED_Bulb,synthetic
2026-01-01 10:03:44,230.8,0.04,9.3,2.6e-06,ON,LED_Bulb,synthetic
2026-01-01 10:03:45,231.1,0.042,9.7,2.7e-06,ON,LED_Bulb,synthetic
2026-01-01 10:03:46,229.5,0.04,9.1,2.5e-06,ON,LED_Bulb,synthetic
2026-01-01 10:03:47,228.7,0.038,8.7,2.4e-06,ON,LED_Bulb,synthetic
2026-01-01 10:03:48,229.4,0.041,9.4,2.6e-06,ON,LED_Bulb,synthetic
2026-01-01 10:03:49,229.7,0.04,9.2,2.6e-06,ON,LED_Bulb,synthetic
2026-01-01 10:03:50,230.6,0.0,0.0,0.0,OFF,LED_Bulb,synthetic
2026-01-01 10:03:51,231.4,0.042,9.6,2.7e-06,ON,LED_Bulb,synthetic
2026-01-01 10:03:52,230.8,0.001,0.1,0.0,OFF,LED_Bulb,synthetic
2026-01-01 10:03:53,231.1,0.039,9.0,2.5e-06,ON,LED_Bulb,synthetic
2026-01-01 10:03:54,231.0,0.038,8.8,2.4e-06,ON,LED_Bulb,synthetic
2026-01-01 10:03:55,229.6,0.039,8.9,2.5e-06,ON,LED_Bulb,synthetic
2026-01-01 10:03:56,230.2,0.042,9.6,2.7e-06,ON,LED_Bulb,synthetic
2026-01-01 10:03:57,229.4,0.04,9.2,2.6e-06,ON,LED_Bulb,synthetic
2026-01-01 10:03:58,230.1,0.04,9.2,2.6e-06,ON,LED_Bulb,synthetic
2026-01-01 10:03:59,230.2,0.04,9.2,2.5e-06,ON,LED_Bulb,synthetic
2026-01-01 10:04:00,229.6,0.042,9.5,2.6e-06,ON,LED_Bulb,synthetic
2026-01-01 10:04:01,230.6,0.041,9.5,2.6e-06,ON,LED_Bulb,synthetic
2026-01-01 10:04:02,230.4,0.038,8.8,2.5e-06,ON,LED_Bulb,synthetic
2026-01-01 10:04:03,230.9,0.001,0.2,1e-07,OFF,LED_Bulb,synthetic
2026-01-01 10:04:04,229.8,0.041,9.4,2.6e-06,ON,LED_Bulb,synthetic
2026-01-01 10:04:05,229.1,0.0,0.1,0.0,OFF,LED_Bulb,synthetic
2026-01-01 10:04:06,229.1,0.041,9.4,2.6e-06,ON,LED_Bulb,synthetic
2026-01-01 10:04:07,229.0,0.001,0.2,1e-07,OFF,LED_Bulb,synthetic
2026-01-01 10:04:08,228.7,0.001,0.2,1e-07,OFF,LED_Bulb,synthetic
2026-01-01 10:04:09,229.7,0.041,9.5,2.6e-06,ON,LED_Bulb,synthetic
2026-01-01 10:04:10,231.2,0.039,9.0,2.5e-06,ON,LED_Bulb,synthetic
2026-01-01 10:04:11,229.0,0.041,9.4,2.6e-06,ON,LED_Bulb,synthetic
2026-01-01 10:04:12,231.1,0.041,9.5,2.6e-06,ON,LED_Bulb,synthetic
2026-01-01 10:04:13,229.7,0.039,9.1,2.5e-06,ON,LED_Bulb,synthetic
2026-01-01 10:04:14,231.5,0.042,9.7,2.7e-06,ON,LED_Bulb,synthetic
2026-01-01 10:04:15,229.8,0.04,9.1,2.5e-06,ON,LED_Bulb,synthetic
2026-01-01 10:04:16,230.1,0.001,0.1,0.0,OFF,LED_Bulb,synthetic
2026-01-01 10:04:17,228.7,0.038,8.7,2.4e-06,ON,LED_Bulb,synthetic
2026-01-01 10:04:18,228.7,0.041,9.5,2.6e-06,ON,LED_Bulb,synthetic
2026-01-01 10:04:19,228.6,0.041,9.4,2.6e-06,ON,LED_Bulb,synthetic
2026-01-01 10:04:20,229.4,0.041,9.4,2.6e-06,ON,LED_Bulb,synthetic
2026-01-01 10:04:21,231.0,0.039,9.1,2.5e-06,ON,LED_Bulb,synthetic
2026-01-01 10:04:22,231.0,0.038,8.8,2.4e-06,ON,LED_Bulb,synthetic
2026-01-01 10:04:23,228.5,0.041,9.3,2.6e-06,ON,LED_Bulb,synthetic
2026-01-01 10:04:24,228.9,0.04,9.2,2.6e-06,ON,LED_Bulb,synthetic
2026-01-01 10:04:25,228.7,0.039,9.0,2.5e-06,ON,LED_Bulb,synthetic
2026-01-01 10:04:26,231.3,0.042,9.7,2.7e-06,ON,LED_Bulb,synthetic
2026-01-01 10:04:27,230.1,0.041,9.5,2.6e-06,ON,LED_Bulb,synthetic
2026-01-01 10:04:28,231.5,0.042,9.6,2.7e-06,ON,LED_Bulb,synthetic
2026-01-01 10:04:29,231.3,0.038,8.8,2.5e-06,ON,LED_Bulb,synthetic
2026-01-01 10:04:30,231.3,0.039,9.1,2.5e-06,ON,LED_Bulb,synthetic
2026-01-01 10:04:31,230.7,0.039,9.0,2.5e-06,ON,LED_Bulb,synthetic
2026-01-01 10:04:32,229.1,0.038,8.8,2.4e-06,ON,LED_Bulb,synthetic
2026-01-01 10:04:33,228.5,0.04,9.2,2.6e-06,ON,LED_Bulb,synthetic
2026-01-01 10:04:34,230.2,0.04,9.2,2.6e-06,ON,LED_Bulb,synthetic
2026-01-01 10:04:35,230.0,0.0,0.1,0.0,OFF,LED_Bulb,synthetic
2026-01-01 10:04:36,230.3,0.042,9.6,2.7e-06,ON,LED_Bulb,synthetic
2026-01-01 10:04:37,230.2,0.001,0.2,1e-07,OFF,LED_Bulb,synthetic
2026-01-01 10:04:38,230.4,0.001,0.1,0.0,OFF,LED_Bulb,synthetic
2026-01-01 10:04:39,229.6,0.039,8.9,2.5e-06,ON,LED_Bulb,synthetic
2026-01-01 10:04:40,231.4,0.041,9.4,2.6e-06,ON,LED_Bulb,synthetic
2026-01-01 10:04:41,231.3,0.041,9.5,2.6e-06,ON,LED_Bulb,synthetic
2026-01-01 10:04:42,231.5,0.001,0.2,1e-07,OFF,LED_Bulb,synthetic
2026-01-01 10:04:43,230.5,0.039,8.9,2.5e-06,ON,LED_Bulb,synthetic
2026-01-01 10:04:44,229.4,0.039,9.0,2.5e-06,ON,LED_Bulb,synthetic
2026-01-01 10:04:45,229.1,0.0,0.1,0.0,OFF,LED_Bulb,synthetic
2026-01-01 10:04:46,230.4,0.039,8.9,2.5e-06,ON,LED_Bulb,synthetic
2026-01-01 10:04:47,230.6,0.0,0.1,0.0,OFF,LED_Bulb,synthetic
2026-01-01 10:04:48,230.7,0.04,9.2,2.6e-06,ON,LED_Bulb,synthetic
2026-01-01 10:04:49,229.5,0.038,8.8,2.4e-06,ON,LED_Bulb,synthetic
2026-01-01 10:04:50,229.0,0.001,0.1,0.0,OFF,LED_Bulb,synthetic
2026-01-01 10:04:51,229.2,0.04,9.2,2.6e-06,ON,LED_Bulb,synthetic
2026-01-01 10:04:52,230.0,0.041,9.3,2.6e-06,ON,LED_Bulb,synthetic
2026-01-01 10:04:53,229.1,0.041,9.3,2.6e-06,ON,LED_Bulb,synthetic
2026-01-01 10:04:54,230.0,0.038,8.8,2.4e-06,ON,LED_Bulb,synthetic
2026-01-01 10:04:55,229.6,0.04,9.3,2.6e-06,ON,LED_Bulb,synthetic
2026-01-01 10:04:56,229.9,0.039,8.9,2.5e-06,ON,LED_Bulb,synthetic
2026-01-01 10:04:57,229.6,0.042,9.5,2.7e-06,ON,LED_Bulb,synthetic
2026-01-01 10:04:58,231.1,0.039,9.1,2.5e-06,ON,LED_Bulb,synthetic
2026-01-01 10:04:59,229.7,0.041,9.5,2.6e-06,ON,LED_Bulb,synthetic
2026-01-01 10:05:00,229.6,0.041,9.3,2.6e-06,ON,LED_Bulb,synthetic
2026-01-01 10:05:01,229.5,0.039,8.9,2.5e-06,ON,LED_Bulb,synthetic
2026-01-01 10:05:02,229.4,0.04,9.1,2.5e-06,ON,LED_Bulb,synthetic
2026-01-01 10:05:03,229.7,0.041,9.4,2.6e-06,ON,LED_Bulb,synthetic
2026-01-01 10:05:04,231.1,0.039,9.1,2.5e-06,ON,LED_Bulb,synthetic
2026-01-01 10:05:05,229.9,0.04,9.1,2.5e-06,ON,LED_Bulb,synthetic
2026-01-01 10:05:06,230.9,0.041,9.4,2.6e-06,ON,LED_Bulb,synthetic
2026-01-01 10:05:07,231.1,0.041,9.4,2.6e-06,ON,LED_Bulb,synthetic
2026-01-01 10:05:08,230.7,0.039,9.0,2.5e-06,ON,LED_Bulb,synthetic
2026-01-01 10:05:09,229.3,0.04,9.2,2.6e-06,ON,LED_Bulb,synthetic
2026-01-01 10:05:10,230.0,0.039,9.1,2.5e-06,ON,LED_Bulb,synthetic
2026-01-01 10:05:11,228.6,0.039,9.0,2.5e-06,ON,LED_Bulb,synthetic
2026-01-01 10:05:12,228.9,0.041,9.4,2.6e-06,ON,LED_Bulb,synthetic
2026-01-01 10:05:13,228.8,0.041,9.4,2.6e-06,ON,LED_Bulb,synthetic
2026-01-01 10:05:14,229.7,0.001,0.1,0.0,OFF,LED_Bulb,synthetic
2026-01-01 10:05:15,228.9,0.001,0.1,0.0,OFF,LED_Bulb,synthetic
2026-01-01 10:05:16,229.5,0.042,9.6,2.7e-06,ON,LED_Bulb,synthetic
2026-01-01 10:05:17,231.0,0.039,8.9,2.5e-06,ON,LED_Bulb,synthetic
2026-01-01 10:05:18,229.9,0.042,9.6,2.7e-06,ON,LED_Bulb,synthetic
2026-01-01 10:05:19,229.7,0.041,9.4,2.6e-06,ON,LED_Bulb,synthetic
2026-01-01 10:05:20,230.7,0.041,9.5,2.6e-06,ON,LED_Bulb,synthetic
2026-01-01 10:05:21,230.4,0.041,9.5,2.6e-06,ON,LED_Bulb,synthetic
2026-01-01 10:05:22,229.9,0.04,9.2,2.6e-06,ON,LED_Bulb,synthetic
2026-01-01 10:05:23,228.6,0.04,9.2,2.6e-06,ON,LED_Bulb,synthetic
2026-01-01 10:05:24,229.5,0.041,9.3,2.6e-06,ON,LED_Bulb,synthetic
2026-01-01 10:05:25,231.0,0.039,9.0,2.5e-06,ON,LED_Bulb,synthetic
2026-01-01 10:05:26,229.2,0.041,9.5,2.6e-06,ON,LED_Bulb,synthetic
2026-01-01 10:05:27,228.5,0.041,9.3,2.6e-06,ON,LED_Bulb,synthetic
2026-01-01 10:05:28,229.2,0.038,8.7,2.4e-06,ON,LED_Bulb,synthetic
2026-01-01 10:05:29,228.7,0.039,8.9,2.5e-06,ON,LED_Bulb,synthetic
2026-01-01 10:05:30,231.0,0.001,0.2,1e-07,OFF,LED_Bulb,synthetic
2026-01-01 10:05:31,229.6,0.041,9.5,2.6e-06,ON,LED_Bulb,synthetic
2026-01-01 10:05:32,229.7,0.0,0.1,0.0,OFF,LED_Bulb,synthetic
2026-01-01 10:05:33,230.6,0.042,9.6,2.7e-06,ON,LED_Bulb,synthetic
2026-01-01 10:05:34,230.6,0.04,9.2,2.6e-06,ON,LED_Bulb,synthetic
2026-01-01 10:05:35,229.1,0.0,0.1,0.0,OFF,LED_Bulb,synthetic
2026-01-01 10:05:36,230.8,0.0,0.0,0.0,OFF,LED_Bulb,synthetic
2026-01-01 10:05:37,228.6,0.039,8.9,2.5e-06,ON,LED_Bulb,synthetic
2026-01-01 10:05:38,230.2,0.04,9.2,2.6e-06,ON,LED_Bulb,synthetic
2026-01-01 10:05:39,230.6,0.04,9.1,2.5e-06,ON,LED_Bulb,synthetic
2026-01-01 10:05:40,229.5,0.0,0.0,0.0,OFF,LED_Bulb,synthetic
2026-01-01 10:05:41,230.7,0.041,9.6,2.7e-06,ON,LED_Bulb,synthetic
2026-01-01 10:05:42,230.5,0.0,0.1,0.0,OFF,LED_Bulb,synthetic
2026-01-01 10:05:43,229.3,0.039,9.0,2.5e-06,ON,LED_Bulb,synthetic
2026-01-01 10:05:44,231.1,0.04,9.2,2.6e-06,ON,LED_Bulb,synthetic
2026-01-01 10:05:45,229.2,0.001,0.2,0.0,OFF,LED_Bulb,synthetic
2026-01-01 10:05:46,230.7,0.001,0.2,1e-07,OFF,LED_Bulb,synthetic
2026-01-01 10:05:47,228.9,0.0,0.0,0.0,OFF,LED_Bulb,synthetic
2026-01-01 10:05:48,228.7,0.04,9.1,2.5e-06,ON,LED_Bulb,synthetic
2026-01-01 10:05:49,228.6,0.001,0.2,1e-07,OFF,LED_Bulb,synthetic
2026-01-01 10:05:50,229.8,0.04,9.1,2.5e-06,ON,LED_Bulb,synthetic
2026-01-01 10:05:51,229.0,0.04,9.2,2.6e-06,ON,LED_Bulb,synthetic
2026-01-01 10:05:52,230.4,0.001,0.2,1e-07,OFF,LED_Bulb,synthetic
2026-01-01 10:05:53,228.7,0.038,8.8,2.4e-06,ON,LED_Bulb,synthetic
2026-01-01 10:05:54,229.3,0.041,9.4,2.6e-06,ON,LED_Bulb,synthetic
2026-01-01 10:05:55,228.7,0.001,0.2,1e-07,OFF,LED_Bulb,synthetic
2026-01-01 10:05:56,229.7,0.04,9.2,2.5e-06,ON,LED_Bulb,synthetic
2026-01-01 10:05:57,228.5,0.042,9.6,2.7e-06,ON,LED_Bulb,synthetic
2026-01-01 10:05:58,229.2,0.001,0.2,1e-07,OFF,LED_Bulb,synthetic
2026-01-01 10:05:59,229.6,0.04,9.2,2.6e-06,ON,LED_Bulb,synthetic
2026-01-01 10:06:00,231.4,0.001,0.2,1e-07,OFF,LED_Bulb,synthetic
2026-01-01 10:06:01,231.0,0.04,9.3,2.6e-06,ON,LED_Bulb,synthetic
2026-01-01 10:06:02,228.6,0.04,9.2,2.6e-06,ON,LED_Bulb,synthetic
2026-01-01 10:06:03,229.5,0.001,0.2,0.0,OFF,LED_Bulb,synthetic
2026-01-01 10:06:04,231.3,0.001,0.2,1e-07,OFF,LED_Bulb,synthetic
2026-01-01 10:06:05,230.5,0.04,9.3,2.6e-06,ON,LED_Bulb,synthetic
2026-01-01 10:06:06,229.3,0.038,8.7,2.4e-06,ON,LED_Bulb,synthetic
2026-01-01 10:06:07,231.4,0.041,9.5,2.6e-06,ON,LED_Bulb,synthetic
2026-01-01 10:06:08,231.3,0.04,9.2,2.6e-06,ON,LED_Bulb,synthetic
2026-01-01 10:06:09,229.4,0.038,8.7,2.4e-06,ON,LED_Bulb,synthetic
2026-01-01 10:06:10,228.6,0.038,8.7,2.4e-06,ON,LED_Bulb,synthetic
2026-01-01 10:06:11,228.6,0.001,0.2,0.0,OFF,LED_Bulb,synthetic
2026-01-01 10:06:12,231.2,0.041,9.4,2.6e-06,ON,LED_Bulb,synthetic
2026-01-01 10:06:13,229.6,0.039,8.9,2.5e-06,ON,LED_Bulb,synthetic
2026-01-01 10:06:14,231.0,0.038,8.9,2.5e-06,ON,LED_Bulb,synthetic
2026-01-01 10:06:15,229.0,0.041,9.4,2.6e-06,ON,LED_Bulb,synthetic
2026-01-01 10:06:16,230.5,0.041,9.5,2.6e-06,ON,LED_Bulb,synthetic
2026-01-01 10:06:17,231.2,0.04,9.2,2.6e-06,ON,LED_Bulb,synthetic
2026-01-01 10:06:18,231.1,0.041,9.4,2.6e-06,ON,LED_Bulb,synthetic
2026-01-01 10:06:19,229.0,0.04,9.1,2.5e-06,ON,LED_Bulb,synthetic
2026-01-01 10:06:20,230.3,0.001,0.1,0.0,OFF,LED_Bulb,synthetic
2026-01-01 10:06:21,230.9,0.041,9.5,2.6e-06,ON,LED_Bulb,synthetic
2026-01-01 10:06:22,229.6,0.041,9.4,2.6e-06,ON,LED_Bulb,synthetic
2026-01-01 10:06:23,229.5,0.041,9.4,2.6e-06,ON,LED_Bulb,synthetic
2026-01-01 10:06:24,231.3,0.039,9.0,2.5e-06,ON,LED_Bulb,synthetic
2026-01-01 10:06:25,228.6,0.039,8.8,2.4e-06,ON,LED_Bulb,synthetic
2026-01-01 10:06:26,231.1,0.001,0.2,1e-07,OFF,LED_Bulb,synthetic
2026-01-01 10:06:27,229.4,0.039,9.0,2.5e-06,ON,LED_Bulb,synthetic
2026-01-01 10:06:28,230.9,0.042,9.7,2.7e-06,ON,LED_Bulb,synthetic
2026-01-01 10:06:29,229.5,0.04,9.3,2.6e-06,ON,LED_Bulb,synthetic
2026-01-01 10:06:30,231.0,0.001,0.1,0.0,OFF,LED_Bulb,synthetic
2026-01-01 10:06:31,231.3,0.041,9.5,2.7e-06,ON,LED_Bulb,synthetic
2026-01-01 10:06:32,229.7,0.04,9.1,2.5e-06,ON,LED_Bulb,synthetic
2026-01-01 10:06:33,229.5,0.039,8.9,2.5e-06,ON,LED_Bulb,synthetic
2026-01-01 10:06:34,228.6,0.039,9.0,2.5e-06,ON,LED_Bulb,synthetic
2026-01-01 10:06:35,230.7,0.04,9.2,2.6e-06,ON,LED_Bulb,synthetic
2026-01-01 10:06:36,230.0,0.001,0.1,0.0,OFF,LED_Bulb,synthetic
2026-01-01 10:06:37,229.9,0.04,9.3,2.6e-06,ON,LED_Bulb,synthetic
2026-01-01 10:06:38,230.4,0.038,8.8,2.5e-06,ON,LED_Bulb,synthetic
2026-01-01 10:06:39,229.4,0.041,9.5,2.6e-06,ON,LED_Bulb,synthetic
2026-01-01 10:06:40,229.3,0.041,9.3,2.6e-06,ON,LED_Bulb,synthetic
2026-01-01 10:06:41,230.4,0.041,9.4,2.6e-06,ON,LED_Bulb,synthetic
2026-01-01 10:06:42,230.2,0.001,0.2,1e-07,OFF,LED_Bulb,synthetic
2026-01-01 10:06:43,229.8,0.0,0.1,0.0,OFF,LED_Bulb,synthetic
2026-01-01 10:06:44,229.1,0.041,9.4,2.6e-06,ON,LED_Bulb,synthetic
2026-01-01 10:06:45,230.2,0.041,9.6,2.7e-06,ON,LED_Bulb,synthetic
2026-01-01 10:06:46,230.0,0.038,8.9,2.5e-06,ON,LED_Bulb,synthetic
2026-01-01 10:06:47,229.0,0.04,9.3,2.6e-06,ON,LED_Bulb,synthetic
2026-01-01 10:06:48,230.0,0.0,0.1,0.0,OFF,LED_Bulb,synthetic
2026-01-01 10:06:49,229.6,0.041,9.3,2.6e-06,ON,LED_Bulb,synthetic
2026-01-01 10:06:50,230.1,0.042,9.7,2.7e-06,ON,LED_Bulb,synthetic
2026-01-01 10:06:51,230.4,0.0,0.1,0.0,OFF,LED_Bulb,synthetic
2026-01-01 10:06:52,229.9,0.0,0.1,0.0,OFF,LED_Bulb,synthetic
2026-01-01 10:06:53,230.8,0.0,0.0,0.0,OFF,LED_Bulb,synthetic
2026-01-01 10:06:54,228.7,0.041,9.5,2.6e-06,ON,LED_Bulb,synthetic
2026-01-01 10:06:55,228.8,0.042,9.6,2.7e-06,ON,LED_Bulb,synthetic
2026-01-01 10:06:56,229.3,0.042,9.5,2.7e-06,ON,LED_Bulb,synthetic
2026-01-01 10:06:57,230.3,0.039,9.0,2.5e-06,ON,LED_Bulb,synthetic
2026-01-01 10:06:58,231.4,0.041,9.5,2.6e-06,ON,LED_Bulb,synthetic
2026-01-01 10:06:59,229.2,0.039,8.8,2.5e-06,ON,LED_Bulb,synthetic
2026-01-01 10:07:00,230.9,0.041,9.4,2.6e-06,ON,LED_Bulb,synthetic
2026-01-01 10:07:01,229.7,0.039,9.0,2.5e-06,ON,LED_Bulb,synthetic
2026-01-01 10:07:02,231.1,0.039,9.0,2.5e-06,ON,LED_Bulb,synthetic
2026-01-01 10:07:03,229.6,0.041,9.5,2.6e-06,ON,LED_Bulb,synthetic
2026-01-01 10:07:04,229.5,0.0,0.1,0.0,OFF,LED_Bulb,synthetic
2026-01-01 10:07:05,229.9,0.039,8.9,2.5e-06,ON,LED_Bulb,synthetic
2026-01-01 10:07:06,229.9,0.04,9.1,2.5e-06,ON,LED_Bulb,synthetic
2026-01-01 10:07:07,230.4,0.04,9.1,2.5e-06,ON,LED_Bulb,synthetic
2026-01-01 10:07:08,231.1,0.042,9.7,2.7e-06,ON,LED_Bulb,synthetic
2026-01-01 10:07:09,231.0,0.04,9.2,2.6e-06,ON,LED_Bulb,synthetic
2026-01-01 10:07:10,229.1,0.04,9.3,2.6e-06,ON,LED_Bulb,synthetic
2026-01-01 10:07:11,228.8,0.001,0.1,0.0,OFF,LED_Bulb,synthetic
2026-01-01 10:07:12,228.6,0.039,8.9,2.5e-06,ON,LED_Bulb,synthetic
2026-01-01 10:07:13,230.0,0.001,0.1,0.0,OFF,LED_Bulb,synthetic
2026-01-01 10:07:14,229.6,0.038,8.8,2.5e-06,ON,LED_Bulb,synthetic
2026-01-01 10:07:15,229.9,0.041,9.5,2.6e-06,ON,LED_Bulb,synthetic
2026-01-01 10:07:16,230.6,0.04,9.2,2.6e-06,ON,LED_Bulb,synthetic
2026-01-01 10:07:17,229.4,0.039,9.0,2.5e-06,ON,LED_Bulb,synthetic
2026-01-01 10:07:18,229.9,0.04,9.3,2.6e-06,ON,LED_Bulb,synthetic
2026-01-01 10:07:19,230.5,0.041,9.5,2.6e-06,ON,LED_Bulb,synthetic
2026-01-01 10:07:20,230.5,0.042,9.7,2.7e-06,ON,LED_Bulb,synthetic
2026-01-01 10:07:21,229.9,0.041,9.4,2.6e-06,ON,LED_Bulb,synthetic
2026-01-01 10:07:22,229.8,0.039,8.9,2.5e-06,ON,LED_Bulb,synthetic
2026-01-01 10:07:23,229.7,0.039,8.9,2.5e-06,ON,LED_Bulb,synthetic
2026-01-01 10:07:24,229.6,0.04,9.2,2.6e-06,ON,LED_Bulb,synthetic
2026-01-01 10:07:25,231.3,0.04,9.2,2.6e-06,ON,LED_Bulb,synthetic
2026-01-01 10:07:26,229.7,0.0,0.1,0.0,OFF,LED_Bulb,synthetic
2026-01-01 10:07:27,228.9,0.038,8.7,2.4e-06,ON,LED_Bulb,synthetic
2026-01-01 10:07:28,228.7,0.041,9.4,2.6e-06,ON,LED_Bulb,synthetic
2026-01-01 10:07:29,230.5,0.04,9.3,2.6e-06,ON,LED_Bulb,synthetic
2026-01-01 10:07:30,229.2,0.042,9.5,2.6e-06,ON,LED_Bulb,synthetic
2026-01-01 10:07:31,229.2,0.041,9.4,2.6e-06,ON,LED_Bulb,synthetic
2026-01-01 10:07:32,228.9,0.04,9.1,2.5e-06,ON,LED_Bulb,synthetic
2026-01-01 10:07:33,230.9,0.038,8.9,2.5e-06,ON,LED_Bulb,synthetic
2026-01-01 10:07:34,229.2,0.001,0.2,1e-07,OFF,LED_Bulb,synthetic
2026-01-01 10:07:35,228.8,0.042,9.5,2.6e-06,ON,LED_Bulb,synthetic
2026-01-01 10:07:36,229.7,0.042,9.6,2.7e-06,ON,LED_Bulb,synthetic
2026-01-01 10:07:37,230.2,0.039,8.9,2.5e-06,ON,LED_Bulb,synthetic
2026-01-01 10:07:38,231.4,0.0,0.1,0.0,OFF,LED_Bulb,synthetic
2026-01-01 10:07:39,229.9,0.04,9.3,2.6e-06,ON,LED_Bulb,synthetic
2026-01-01 10:07:40,231.1,0.039,8.9,2.5e-06,ON,LED_Bulb,synthetic
2026-01-01 10:07:41,229.4,0.04,9.1,2.5e-06,ON,LED_Bulb,synthetic
2026-01-01 10:07:42,229.2,0.001,0.2,0.0,OFF,LED_Bulb,synthetic
2026-01-01 10:07:43,228.6,0.041,9.5,2.6e-06,ON,LED_Bulb,synthetic
2026-01-01 10:07:44,230.8,0.039,9.1,2.5e-06,ON,LED_Bulb,synthetic
2026-01-01 10:07:45,230.7,0.039,9.1,2.5e-06,ON,LED_Bulb,synthetic
2026-01-01 10:07:46,228.7,0.041,9.4,2.6e-06,ON,LED_Bulb,synthetic
2026-01-01 10:07:47,228.7,0.0,0.0,0.0,OFF,LED_Bulb,synthetic
2026-01-01 10:07:48,230.6,0.041,9.5,2.6e-06,ON,LED_Bulb,synthetic
2026-01-01 10:07:49,229.7,0.038,8.8,2.4e-06,ON,LED_Bulb,synthetic
2026-01-01 10:07:50,229.7,0.04,9.2,2.6e-06,ON,LED_Bulb,synthetic
2026-01-01 10:07:51,230.5,0.038,8.8,2.5e-06,ON,LED_Bulb,synthetic
2026-01-01 10:07:52,229.5,0.039,8.9,2.5e-06,ON,LED_Bulb,synthetic
2026-01-01 10:07:53,231.2,0.001,0.2,0.0,OFF,LED_Bulb,synthetic
2026-01-01 10:07:54,230.7,0.041,9.3,2.6e-06,ON,LED_Bulb,synthetic
2026-01-01 10:07:55,229.1,0.041,9.4,2.6e-06,ON,LED_Bulb,synthetic
2026-01-01 10:07:56,231.0,0.0,0.0,0.0,OFF,LED_Bulb,synthetic
2026-01-01 10:07:57,230.4,0.04,9.1,2.5e-06,ON,LED_Bulb,synthetic
2026-01-01 10:07:58,230.2,0.039,9.0,2.5e-06,ON,LED_Bulb,synthetic
2026-01-01 10:07:59,229.4,0.001,0.2,1e-07,OFF,LED_Bulb,synthetic
2026-01-01 10:08:00,228.9,0.0,0.1,0.0,OFF,LED_Bulb,synthetic
2026-01-01 10:08:01,228.8,0.0,0.0,0.0,OFF,LED_Bulb,synthetic
2026-01-01 10:08:02,230.5,0.04,9.2,2.5e-06,ON,LED_Bulb,synthetic
2026-01-01 10:08:03,230.0,0.0,0.1,0.0,OFF,LED_Bulb,synthetic
2026-01-01 10:08:04,229.5,0.04,9.1,2.5e-06,ON,LED_Bulb,synthetic
2026-01-01 10:08:05,230.1,0.041,9.5,2.6e-06,ON,LED_Bulb,synthetic
2026-01-01 10:08:06,229.0,0.001,0.2,1e-07,OFF,LED_Bulb,synthetic
2026-01-01 10:08:07,229.3,0.039,8.8,2.5e-06,ON,LED_Bulb,synthetic
2026-01-01 10:08:08,229.8,0.042,9.6,2.7e-06,ON,LED_Bulb,synthetic
2026-01-01 10:08:09,231.5,0.04,9.3,2.6e-06,ON,LED_Bulb,synthetic
2026-01-01 10:08:10,229.2,0.039,9.0,2.5e-06,ON,LED_Bulb,synthetic
2026-01-01 10:08:11,230.2,0.0,0.0,0.0,OFF,LED_Bulb,synthetic
2026-01-01 10:08:12,230.3,0.041,9.4,2.6e-06,ON,LED_Bulb,synthetic
2026-01-01 10:08:13,230.4,0.041,9.5,2.6e-06,ON,LED_Bulb,synthetic
2026-01-01 10:08:14,230.8,0.042,9.7,2.7e-06,ON,LED_Bulb,synthetic
2026-01-01 10:08:15,230.2,0.039,8.9,2.5e-06,ON,LED_Bulb,synthetic
2026-01-01 10:08:16,228.8,0.0,0.0,0.0,OFF,LED_Bulb,synthetic
2026-01-01 10:08:17,229.4,0.041,9.5,2.6e-06,ON,LED_Bulb,synthetic
2026-01-01 10:08:18,230.3,0.04,9.3,2.6e-06,ON,LED_Bulb,synthetic
2026-01-01 10:08:19,229.0,0.039,8.9,2.5e-06,ON,LED_Bulb,synthetic
2026-01-01 10:08:20,230.3,0.039,8.9,2.5e-06,ON,LED_Bulb,synthetic
2026-01-01 10:08:21,231.1,0.04,9.4,2.6e-06,ON,LED_Bulb,synthetic
2026-01-01 10:08:22,228.9,0.041,9.4,2.6e-06,ON,LED_Bulb,synthetic
2026-01-01 10:08:23,229.6,0.04,9.3,2.6e-06,ON,LED_Bulb,synthetic
2026-01-01 10:08:24,228.9,0.04,9.2,2.6e-06,ON,LED_Bulb,synthetic
2026-01-01 10:08:25,230.5,0.04,9.3,2.6e-06,ON,LED_Bulb,synthetic
2026-01-01 10:08:26,229.9,0.039,8.9,2.5e-06,ON,LED_Bulb,synthetic
2026-01-01 10:08:27,229.8,0.039,9.1,2.5e-06,ON,LED_Bulb,synthetic
2026-01-01 10:08:28,229.6,0.039,9.0,2.5e-06,ON,LED_Bulb,synthetic
2026-01-01 10:08:29,230.9,0.039,9.0,2.5e-06,ON,LED_Bulb,synthetic
2026-01-01 10:08:30,228.8,0.041,9.4,2.6e-06,ON,LED_Bulb,synthetic
2026-01-01 10:08:31,230.5,0.041,9.4,2.6e-06,ON,LED_Bulb,synthetic
2026-01-01 10:08:32,229.2,0.041,9.4,2.6e-06,ON,LED_Bulb,synthetic
2026-01-01 10:08:33,230.7,0.042,9.6,2.7e-06,ON,LED_Bulb,synthetic
2026-01-01 10:08:34,231.1,0.038,8.8,2.4e-06,ON,LED_Bulb,synthetic
2026-01-01 10:08:35,228.6,0.04,9.1,2.5e-06,ON,LED_Bulb,synthetic
2026-01-01 10:08:36,230.2,0.039,8.9,2.5e-06,ON,LED_Bulb,synthetic
2026-01-01 10:08:37,229.9,0.038,8.7,2.4e-06,ON,LED_Bulb,synthetic
2026-01-01 10:08:38,230.2,0.042,9.6,2.7e-06,ON,LED_Bulb,synthetic
2026-01-01 10:08:39,230.5,0.041,9.5,2.6e-06,ON,LED_Bulb,synthetic
2026-01-01 10:08:40,230.3,0.041,9.4,2.6e-06,ON,LED_Bulb,synthetic
2026-01-01 10:08:41,230.2,0.041,9.5,2.6e-06,ON,LED_Bulb,synthetic
2026-01-01 10:08:42,229.9,0.04,9.2,2.5e-06,ON,LED_Bulb,synthetic
2026-01-01 10:08:43,229.6,0.001,0.1,0.0,OFF,LED_Bulb,synthetic
2026-01-01 10:08:44,229.8,0.038,8.8,2.4e-06,ON,LED_Bulb,synthetic
2026-01-01 10:08:45,231.0,0.0,0.0,0.0,OFF,LED_Bulb,synthetic
2026-01-01 10:08:46,230.0,0.04,9.2,2.6e-06,ON,LED_Bulb,synthetic
2026-01-01 10:08:47,229.6,0.038,8.8,2.4e-06,ON,LED_Bulb,synthetic
2026-01-01 10:08:48,230.8,0.041,9.6,2.7e-06,ON,LED_Bulb,synthetic
2026-01-01 10:08:49,230.5,0.039,9.0,2.5e-06,ON,LED_Bulb,synthetic
2026-01-01 10:08:50,230.1,0.042,9.7,2.7e-06,ON,LED_Bulb,synthetic
2026-01-01 10:08:51,229.4,0.041,9.4,2.6e-06,ON,LED_Bulb,synthetic
2026-01-01 10:08:52,230.6,0.042,9.7,2.7e-06,ON,LED_Bulb,synthetic
2026-01-01 10:08:53,230.2,0.0,0.1,0.0,OFF,LED_Bulb,synthetic
2026-01-01 10:08:54,229.3,0.039,8.9,2.5e-06,ON,LED_Bulb,synthetic
2026-01-01 10:08:55,231.1,0.039,8.9,2.5e-06,ON,LED_Bulb,synthetic
2026-01-01 10:08:56,231.3,0.04,9.2,2.6e-06,ON,LED_Bulb,synthetic
2026-01-01 10:08:57,230.5,0.001,0.2,1e-07,OFF,LED_Bulb,synthetic
2026-01-01 10:08:58,229.7,0.04,9.1,2.5e-06,ON,LED_Bulb,synthetic
2026-01-01 10:08:59,229.7,0.039,9.0,2.5e-06,ON,LED_Bulb,synthetic
2026-01-01 10:09:00,229.1,0.041,9.4,2.6e-06,ON,LED_Bulb,synthetic
2026-01-01 10:09:01,230.4,0.0,0.1,0.0,OFF,LED_Bulb,synthetic
2026-01-01 10:09:02,230.9,0.041,9.4,2.6e-06,ON,LED_Bulb,synthetic
2026-01-01 10:09:03,230.6,0.04,9.3,2.6e-06,ON,LED_Bulb,synthetic
2026-01-01 10:09:04,229.8,0.042,9.6,2.7e-06,ON,LED_Bulb,synthetic
2026-01-01 10:09:05,231.0,0.0,0.1,0.0,OFF,LED_Bulb,synthetic
2026-01-01 10:09:06,229.8,0.041,9.5,2.6e-06,ON,LED_Bulb,synthetic
2026-01-01 10:09:07,230.0,0.042,9.6,2.7e-06,ON,LED_Bulb,synthetic
2026-01-01 10:09:08,228.7,0.041,9.3,2.6e-06,ON,LED_Bulb,synthetic
2026-01-01 10:09:09,229.3,0.001,0.2,1e-07,OFF,LED_Bulb,synthetic
2026-01-01 10:09:10,229.1,0.04,9.1,2.5e-06,ON,LED_Bulb,synthetic
2026-01-01 10:09:11,229.3,0.0,0.1,0.0,OFF,LED_Bulb,synthetic
2026-01-01 10:09:12,231.0,0.038,8.8,2.4e-06,ON,LED_Bulb,synthetic
2026-01-01 10:09:13,229.5,0.041,9.5,2.6e-06,ON,LED_Bulb,synthetic
2026-01-01 10:09:14,228.5,0.001,0.2,0.0,OFF,LED_Bulb,synthetic
2026-01-01 10:09:15,231.3,0.04,9.3,2.6e-06,ON,LED_Bulb,synthetic
2026-01-01 10:09:16,230.9,0.039,9.0,2.5e-06,ON,LED_Bulb,synthetic
2026-01-01 10:09:17,229.0,0.042,9.5,2.6e-06,ON,LED_Bulb,synthetic
2026-01-01 10:09:18,230.7,0.0,0.1,0.0,OFF,LED_Bulb,synthetic
2026-01-01 10:09:19,230.3,0.041,9.4,2.6e-06,ON,LED_Bulb,synthetic
2026-01-01 10:09:20,228.5,0.04,9.1,2.5e-06,ON,LED_Bulb,synthetic
2026-01-01 10:09:21,231.1,0.039,9.0,2.5e-06,ON,LED_Bulb,synthetic
2026-01-01 10:09:22,229.1,0.041,9.3,2.6e-06,ON,LED_Bulb,synthetic
2026-01-01 10:09:23,230.9,0.04,9.1,2.5e-06,ON,LED_Bulb,synthetic
2026-01-01 10:09:24,229.7,0.039,8.9,2.5e-06,ON,LED_Bulb,synthetic
2026-01-01 10:09:25,230.2,0.039,8.9,2.5e-06,ON,LED_Bulb,synthetic
2026-01-01 10:09:26,229.3,0.038,8.8,2.4e-06,ON,LED_Bulb,synthetic
2026-01-01 10:09:27,229.8,0.04,9.2,2.6e-06,ON,LED_Bulb,synthetic
2026-01-01 10:09:28,229.2,0.001,0.2,1e-07,OFF,LED_Bulb,synthetic
2026-01-01 10:09:29,228.6,0.041,9.4,2.6e-06,ON,LED_Bulb,synthetic
2026-01-01 10:09:30,230.1,0.038,8.8,2.4e-06,ON,LED_Bulb,synthetic
2026-01-01 10:09:31,229.3,0.039,8.9,2.5e-06,ON,LED_Bulb,synthetic
2026-01-01 10:09:32,230.2,0.041,9.4,2.6e-06,ON,LED_Bulb,synthetic
2026-01-01 10:09:33,231.1,0.0,0.0,0.0,OFF,LED_Bulb,synthetic
2026-01-01 10:09:34,231.5,0.001,0.2,0.0,OFF,LED_Bulb,synthetic
2026-01-01 10:09:35,229.7,0.001,0.2,1e-07,OFF,LED_Bulb,synthetic
2026-01-01 10:09:36,229.9,0.039,9.0,2.5e-06,ON,LED_Bulb,synthetic
2026-01-01 10:09:37,229.0,0.0,0.0,0.0,OFF,LED_Bulb,synthetic
2026-01-01 10:09:38,231.3,0.04,9.4,2.6e-06,ON,LED_Bulb,synthetic
2026-01-01 10:09:39,231.3,0.039,9.0,2.5e-06,ON,LED_Bulb,synthetic
2026-01-01 10:09:40,229.3,0.04,9.2,2.6e-06,ON,LED_Bulb,synthetic
2026-01-01 10:09:41,229.1,0.039,8.9,2.5e-06,ON,LED_Bulb,synthetic
2026-01-01 10:09:42,229.8,0.04,9.2,2.6e-06,ON,LED_Bulb,synthetic
2026-01-01 10:09:43,228.9,0.001,0.2,1e-07,OFF,LED_Bulb,synthetic
2026-01-01 10:09:44,229.9,0.04,9.1,2.5e-06,ON,LED_Bulb,synthetic
2026-01-01 10:09:45,229.5,0.04,9.1,2.5e-06,ON,LED_Bulb,synthetic
2026-01-01 10:09:46,229.9,0.04,9.2,2.6e-06,ON,LED_Bulb,synthetic
2026-01-01 10:09:47,229.7,0.0,0.0,0.0,OFF,LED_Bulb,synthetic
2026-01-01 10:09:48,230.7,0.0,0.1,0.0,OFF,LED_Bulb,synthetic
2026-01-01 10:09:49,229.0,0.041,9.5,2.6e-06,ON,LED_Bulb,synthetic
2026-01-01 10:09:50,230.0,0.042,9.6,2.7e-06,ON,LED_Bulb,synthetic
2026-01-01 10:09:51,228.6,0.042,9.5,2.6e-06,ON,LED_Bulb,synthetic
2026-01-01 10:09:52,229.1,0.04,9.1,2.5e-06,ON,LED_Bulb,synthetic
2026-01-01 10:09:53,230.1,0.04,9.1,2.5e-06,ON,LED_Bulb,synthetic
2026-01-01 10:09:54,230.7,0.041,9.4,2.6e-06,ON,LED_Bulb,synthetic
2026-01-01 10:09:55,228.9,0.041,9.4,2.6e-06,ON,LED_Bulb,synthetic
2026-01-01 10:09:56,228.8,0.001,0.2,1e-07,OFF,LED_Bulb,synthetic
2026-01-01 10:09:57,229.1,0.038,8.7,2.4e-06,ON,LED_Bulb,synthetic
2026-01-01 10:09:58,229.6,0.04,9.2,2.6e-06,ON,LED_Bulb,synthetic
2026-01-01 10:09:59,230.3,0.04,9.1,2.5e-06,ON,LED_Bulb,synthetic
2026-01-01 10:10:00,228.5,0.04,9.2,2.6e-06,ON,LED_Bulb,synthetic
2026-01-01 10:10:01,229.9,0.04,9.3,2.6e-06,ON,LED_Bulb,synthetic
2026-01-01 10:10:02,229.7,0.0,0.1,0.0,OFF,LED_Bulb,synthetic
2026-01-01 10:10:03,231.2,0.04,9.3,2.6e-06,ON,LED_Bulb,synthetic
2026-01-01 10:10:04,230.4,0.039,9.0,2.5e-06,ON,LED_Bulb,synthetic
2026-01-01 10:10:05,229.5,0.04,9.1,2.5e-06,ON,LED_Bulb,synthetic
2026-01-01 10:10:06,230.3,0.039,8.9,2.5e-06,ON,LED_Bulb,synthetic
2026-01-01 10:10:07,229.8,0.039,9.0,2.5e-06,ON,LED_Bulb,synthetic
2026-01-01 10:10:08,231.0,0.0,0.0,0.0,OFF,LED_Bulb,synthetic
2026-01-01 10:10:09,229.5,0.041,9.5,2.6e-06,ON,LED_Bulb,synthetic
2026-01-01 10:10:10,230.0,0.041,9.5,2.6e-06,ON,LED_Bulb,synthetic
2026-01-01 10:10:11,231.4,0.042,9.7,2.7e-06,ON,LED_Bulb,synthetic
2026-01-01 10:10:12,229.2,0.039,8.9,2.5e-06,ON,LED_Bulb,synthetic
2026-01-01 10:10:13,229.0,0.0,0.0,0.0,OFF,LED_Bulb,synthetic
2026-01-01 10:10:14,230.5,0.042,9.7,2.7e-06,ON,LED_Bulb,synthetic
2026-01-01 10:10:15,229.8,0.039,9.0,2.5e-06,ON,LED_Bulb,synthetic
2026-01-01 10:10:16,228.7,0.041,9.4,2.6e-06,ON,LED_Bulb,synthetic
2026-01-01 10:10:17,230.1,0.039,8.9,2.5e-06,ON,LED_Bulb,synthetic
2026-01-01 10:10:18,229.4,0.039,9.0,2.5e-06,ON,LED_Bulb,synthetic
2026-01-01 10:10:19,231.0,0.04,9.2,2.6e-06,ON,LED_Bulb,synthetic
2026-01-01 10:10:20,230.2,0.04,9.3,2.6e-06,ON,LED_Bulb,synthetic
2026-01-01 10:10:21,229.2,0.038,8.7,2.4e-06,ON,LED_Bulb,synthetic
2026-01-01 10:10:22,230.7,0.0,0.1,0.0,OFF,LED_Bulb,synthetic
2026-01-01 10:10:23,228.6,0.001,0.2,0.0,OFF,LED_Bulb,synthetic
2026-01-01 10:10:24,229.7,0.001,0.2,1e-07,OFF,LED_Bulb,synthetic
2026-01-01 10:10:25,229.0,0.001,0.2,0.0,OFF,LED_Bulb,synthetic
2026-01-01 10:10:26,229.1,0.0,0.0,0.0,OFF,LED_Bulb,synthetic
2026-01-01 10:10:27,229.6,0.039,8.9,2.5e-06,ON,LED_Bulb,synthetic
2026-01-01 10:10:28,229.8,0.039,8.9,2.5e-06,ON,LED_Bulb,synthetic
2026-01-01 10:10:29,230.9,0.041,9.4,2.6e-06,ON,LED_Bulb,synthetic
2026-01-01 10:10:30,230.4,0.039,8.9,2.5e-06,ON,LED_Bulb,synthetic
2026-01-01 10:10:31,230.6,0.042,9.7,2.7e-06,ON,LED_Bulb,synthetic
2026-01-01 10:10:32,228.9,0.039,9.0,2.5e-06,ON,LED_Bulb,synthetic
2026-01-01 10:10:33,230.1,0.038,8.8,2.5e-06,ON,LED_Bulb,synthetic
2026-01-01 10:10:34,231.5,0.039,9.0,2.5e-06,ON,LED_Bulb,synthetic
2026-01-01 10:10:35,230.6,0.042,9.6,2.7e-06,ON,LED_Bulb,synthetic
2026-01-01 10:10:36,229.5,0.0,0.1,0.0,OFF,LED_Bulb,synthetic
2026-01-01 10:10:37,228.7,0.001,0.2,1e-07,OFF,LED_Bulb,synthetic
2026-01-01 10:10:38,231.3,0.041,9.4,2.6e-06,ON,LED_Bulb,synthetic
2026-01-01 10:10:39,228.8,0.042,9.6,2.7e-06,ON,LED_Bulb,synthetic
2026-01-01 10:10:40,229.5,0.039,8.9,2.5e-06,ON,LED_Bulb,synthetic
2026-01-01 10:10:41,228.8,0.001,0.2,1e-07,OFF,LED_Bulb,synthetic
2026-01-01 10:10:42,229.0,0.0,0.1,0.0,OFF,LED_Bulb,synthetic
2026-01-01 10:10:43,230.0,0.04,9.2,2.6e-06,ON,LED_Bulb,synthetic
2026-01-01 10:10:44,231.5,0.041,9.5,2.6e-06,ON,LED_Bulb,synthetic
2026-01-01 10:10:45,231.2,0.0,0.1,0.0,OFF,LED_Bulb,synthetic
2026-01-01 10:10:46,230.0,0.001,0.1,0.0,OFF,LED_Bulb,synthetic
2026-01-01 10:10:47,228.6,0.001,0.2,0.0,OFF,LED_Bulb,synthetic
2026-01-01 10:10:48,228.9,0.0,0.1,0.0,OFF,LED_Bulb,synthetic
2026-01-01 10:10:49,229.5,0.001,0.2,1e-07,OFF,LED_Bulb,synthetic
2026-01-01 10:10:50,230.1,0.001,0.1,0.0,OFF,LED_Bulb,synthetic
2026-01-01 10:10:51,228.9,0.0,0.1,0.0,OFF,LED_Bulb,synthetic
2026-01-01 10:10:52,229.8,0.039,9.1,2.5e-06,ON,LED_Bulb,synthetic
2026-01-01 10:10:53,230.0,0.039,9.0,2.5e-06,ON,LED_Bulb,synthetic
2026-01-01 10:10:54,231.0,0.0,0.0,0.0,OFF,LED_Bulb,synthetic
2026-01-01 10:10:55,230.9,0.039,9.1,2.5e-06,ON,LED_Bulb,synthetic
2026-01-01 10:10:56,229.2,0.04,9.1,2.5e-06,ON,LED_Bulb,synthetic
2026-01-01 10:10:57,229.9,0.039,9.0,2.5e-06,ON,LED_Bulb,synthetic
2026-01-01 10:10:58,230.8,0.039,9.0,2.5e-06,ON,LED_Bulb,synthetic
2026-01-01 10:10:59,229.9,0.04,9.3,2.6e-06,ON,LED_Bulb,synthetic
2026-01-01 10:11:00,229.7,0.041,9.5,2.6e-06,ON,LED_Bulb,synthetic
2026-01-01 10:11:01,229.3,0.041,9.4,2.6e-06,ON,LED_Bulb,synthetic
2026-01-01 10:11:02,229.3,0.04,9.1,2.5e-06,ON,LED_Bulb,synthetic
2026-01-01 10:11:03,229.4,0.0,0.1,0.0,OFF,LED_Bulb,synthetic
2026-01-01 10:11:04,231.0,0.04,9.2,2.6e-06,ON,LED_Bulb,synthetic
2026-01-01 10:11:05,228.7,0.04,9.2,2.5e-06,ON,LED_Bulb,synthetic
2026-01-01 10:11:06,231.0,0.039,9.1,2.5e-06,ON,LED_Bulb,synthetic
2026-01-01 10:11:07,229.5,0.039,9.0,2.5e-06,ON,LED_Bulb,synthetic
2026-01-01 10:11:08,228.7,0.001,0.2,1e-07,OFF,LED_Bulb,synthetic
2026-01-01 10:11:09,230.0,0.04,9.2,2.6e-06,ON,LED_Bulb,synthetic
2026-01-01 10:11:10,229.8,0.001,0.1,0.0,OFF,LED_Bulb,synthetic
2026-01-01 10:11:11,228.6,0.039,8.9,2.5e-06,ON,LED_Bulb,synthetic
2026-01-01 10:11:12,230.0,0.04,9.3,2.6e-06,ON,LED_Bulb,synthetic
2026-01-01 10:11:13,230.0,0.039,8.9,2.5e-06,ON,LED_Bulb,synthetic
2026-01-01 10:11:14,228.7,0.001,0.1,0.0,OFF,LED_Bulb,synthetic
2026-01-01 10:11:15,231.2,0.0,0.1,0.0,OFF,LED_Bulb,synthetic
2026-01-01 10:11:16,230.4,0.041,9.5,2.7e-06,ON,LED_Bulb,synthetic
2026-01-01 10:11:17,230.4,0.039,8.9,2.5e-06,ON,LED_Bulb,synthetic
2026-01-01 10:11:18,229.5,0.001,0.2,0.0,OFF,LED_Bulb,synthetic
2026-01-01 10:11:19,228.6,0.042,9.6,2.7e-06,ON,LED_Bulb,synthetic
2026-01-01 10:11:20,229.3,0.042,9.6,2.7e-06,ON,LED_Bulb,synthetic
2026-01-01 10:11:21,230.7,0.001,0.1,0.0,OFF,LED_Bulb,synthetic
2026-01-01 10:11:22,231.2,0.041,9.6,2.7e-06,ON,LED_Bulb,synthetic
2026-01-01 10:11:23,230.9,0.041,9.4,2.6e-06,ON,LED_Bulb,synthetic
2026-01-01 10:11:24,231.2,0.0,0.0,0.0,OFF,LED_Bulb,synthetic
2026-01-01 10:11:25,230.6,0.038,8.8,2.4e-06,ON,LED_Bulb,synthetic
2026-01-01 10:11:26,230.2,0.001,0.2,0.0,OFF,LED_Bulb,synthetic
2026-01-01 10:11:27,229.9,0.039,9.0,2.5e-06,ON,LED_Bulb,synthetic
2026-01-01 10:11:28,230.9,0.039,9.0,2.5e-06,ON,LED_Bulb,synthetic
2026-01-01 10:11:29,230.7,0.038,8.8,2.5e-06,ON,LED_Bulb,synthetic
2026-01-01 10:11:30,229.0,0.041,9.4,2.6e-06,ON,LED_Bulb,synthetic
2026-01-01 10:11:31,230.4,0.038,8.8,2.4e-06,ON,LED_Bulb,synthetic
2026-01-01 10:11:32,231.0,0.041,9.5,2.6e-06,ON,LED_Bulb,synthetic
2026-01-01 10:11:33,231.1,0.039,9.1,2.5e-06,ON,LED_Bulb,synthetic
2026-01-01 10:11:34,229.6,0.039,9.0,2.5e-06,ON,LED_Bulb,synthetic
2026-01-01 10:11:35,230.6,0.039,8.9,2.5e-06,ON,LED_Bulb,synthetic
2026-01-01 10:11:36,231.4,0.041,9.5,2.7e-06,ON,LED_Bulb,synthetic
2026-01-01 10:11:37,230.8,0.039,8.9,2.5e-06,ON,LED_Bulb,synthetic
2026-01-01 10:11:38,231.3,0.039,8.9,2.5e-06,ON,LED_Bulb,synthetic
2026-01-01 10:11:39,228.7,0.001,0.2,1e-07,OFF,LED_Bulb,synthetic
2026-01-01 10:11:40,230.7,0.039,9.0,2.5e-06,ON,LED_Bulb,synthetic
2026-01-01 10:11:41,229.5,0.041,9.4,2.6e-06,ON,LED_Bulb,synthetic
2026-01-01 10:11:42,230.8,0.001,0.2,1e-07,OFF,LED_Bulb,synthetic
2026-01-01 10:11:43,229.1,0.001,0.2,1e-07,OFF,LED_Bulb,synthetic
2026-01-01 10:11:44,231.5,0.001,0.1,0.0,OFF,LED_Bulb,synthetic
2026-01-01 10:11:45,230.9,0.04,9.3,2.6e-06,ON,LED_Bulb,synthetic
2026-01-01 10:11:46,231.1,0.041,9.5,2.6e-06,ON,LED_Bulb,synthetic
2026-01-01 10:11:47,228.6,0.042,9.6,2.7e-06,ON,LED_Bulb,synthetic
2026-01-01 10:11:48,228.6,0.04,9.1,2.5e-06,ON,LED_Bulb,synthetic
2026-01-01 10:11:49,230.4,0.039,9.0,2.5e-06,ON,LED_Bulb,synthetic
2026-01-01 10:11:50,231.0,0.042,9.6,2.7e-06,ON,LED_Bulb,synthetic
2026-01-01 10:11:51,230.4,0.039,8.9,2.5e-06,ON,LED_Bulb,synthetic
2026-01-01 10:11:52,228.8,0.04,9.1,2.5e-06,ON,LED_Bulb,synthetic
2026-01-01 10:11:53,230.9,0.001,0.1,0.0,OFF,LED_Bulb,synthetic
2026-01-01 10:11:54,229.7,0.039,9.0,2.5e-06,ON,LED_Bulb,synthetic
2026-01-01 10:11:55,229.6,0.04,9.2,2.5e-06,ON,LED_Bulb,synthetic
2026-01-01 10:11:56,231.5,0.038,8.8,2.5e-06,ON,LED_Bulb,synthetic
2026-01-01 10:11:57,229.8,0.001,0.1,0.0,OFF,LED_Bulb,synthetic
2026-01-01 10:11:58,229.1,0.0,0.1,0.0,OFF,LED_Bulb,synthetic
2026-01-01 10:11:59,230.3,0.038,8.9,2.5e-06,ON,LED_Bulb,synthetic
2026-01-01 10:12:00,230.6,0.041,9.4,2.6e-06,ON,LED_Bulb,synthetic
2026-01-01 10:12:01,229.6,0.042,9.6,2.7e-06,ON,LED_Bulb,synthetic
2026-01-01 10:12:02,228.8,0.001,0.2,0.0,OFF,LED_Bulb,synthetic
2026-01-01 10:12:03,231.0,0.038,8.9,2.5e-06,ON,LED_Bulb,synthetic
2026-01-01 10:12:04,229.8,0.039,9.0,2.5e-06,ON,LED_Bulb,synthetic
2026-01-01 10:12:05,230.1,0.04,9.3,2.6e-06,ON,LED_Bulb,synthetic
2026-01-01 10:12:06,229.0,0.039,8.9,2.5e-06,ON,LED_Bulb,synthetic
2026-01-01 10:12:07,230.2,0.0,0.0,0.0,OFF,LED_Bulb,synthetic
2026-01-01 10:12:08,230.7,0.0,0.1,0.0,OFF,LED_Bulb,synthetic
2026-01-01 10:12:09,229.5,0.039,9.1,2.5e-06,ON,LED_Bulb,synthetic
2026-01-01 10:12:10,229.3,0.039,8.9,2.5e-06,ON,LED_Bulb,synthetic
2026-01-01 10:12:11,229.8,0.038,8.8,2.4e-06,ON,LED_Bulb,synthetic
2026-01-01 10:12:12,229.1,0.039,9.0,2.5e-06,ON,LED_Bulb,synthetic
2026-01-01 10:12:13,229.7,0.001,0.2,1e-07,OFF,LED_Bulb,synthetic
2026-01-01 10:12:14,231.0,0.04,9.1,2.5e-06,ON,LED_Bulb,synthetic
2026-01-01 10:12:15,229.8,0.042,9.6,2.7e-06,ON,LED_Bulb,synthetic
2026-01-01 10:12:16,229.1,0.04,9.1,2.5e-06,ON,LED_Bulb,synthetic
2026-01-01 10:12:17,231.2,0.042,9.7,2.7e-06,ON,LED_Bulb,synthetic
2026-01-01 10:12:18,231.5,0.001,0.2,0.0,OFF,LED_Bulb,synthetic
2026-01-01 10:12:19,228.8,0.042,9.6,2.7e-06,ON,LED_Bulb,synthetic
2026-01-01 10:12:20,230.9,0.041,9.5,2.6e-06,ON,LED_Bulb,synthetic
2026-01-01 10:12:21,228.5,0.041,9.4,2.6e-06,ON,LED_Bulb,synthetic
2026-01-01 10:12:22,229.4,0.039,9.0,2.5e-06,ON,LED_Bulb,synthetic
2026-01-01 10:12:23,229.6,0.038,8.8,2.5e-06,ON,LED_Bulb,synthetic
2026-01-01 10:12:24,230.8,0.04,9.1,2.5e-06,ON,LED_Bulb,synthetic
2026-01-01 10:12:25,229.0,0.04,9.2,2.5e-06,ON,LED_Bulb,synthetic
2026-01-01 10:12:26,231.2,0.04,9.3,2.6e-06,ON,LED_Bulb,synthetic
2026-01-01 10:12:27,229.0,0.04,9.2,2.6e-06,ON,LED_Bulb,synthetic
2026-01-01 10:12:28,229.2,0.041,9.3,2.6e-06,ON,LED_Bulb,synthetic
2026-01-01 10:12:29,228.8,0.042,9.6,2.7e-06,ON,LED_Bulb,synthetic
2026-01-01 10:12:30,230.8,0.039,9.0,2.5e-06,ON,LED_Bulb,synthetic
2026-01-01 10:12:31,230.5,0.042,9.6,2.7e-06,ON,LED_Bulb,synthetic
2026-01-01 10:12:32,231.2,0.0,0.1,0.0,OFF,LED_Bulb,synthetic
2026-01-01 10:12:33,230.0,0.0,0.1,0.0,OFF,LED_Bulb,synthetic
2026-01-01 10:12:34,229.0,0.039,8.9,2.5e-06,ON,LED_Bulb,synthetic
2026-01-01 10:12:35,228.7,0.042,9.5,2.7e-06,ON,LED_Bulb,synthetic
2026-01-01 10:12:36,229.2,0.039,9.0,2.5e-06,ON,LED_Bulb,synthetic
2026-01-01 10:12:37,229.8,0.001,0.1,0.0,OFF,LED_Bulb,synthetic
2026-01-01 10:12:38,229.4,0.001,0.2,0.0,OFF,LED_Bulb,synthetic
2026-01-01 10:12:39,228.6,0.041,9.3,2.6e-06,ON,LED_Bulb,synthetic
2026-01-01 10:12:40,228.5,0.041,9.4,2.6e-06,ON,LED_Bulb,synthetic
2026-01-01 10:12:41,228.8,0.04,9.1,2.5e-06,ON,LED_Bulb,synthetic
2026-01-01 10:12:42,231.0,0.04,9.2,2.6e-06,ON,LED_Bulb,synthetic
2026-01-01 10:12:43,229.9,0.041,9.5,2.6e-06,ON,LED_Bulb,synthetic
2026-01-01 10:12:44,231.0,0.041,9.5,2.6e-06,ON,LED_Bulb,synthetic
2026-01-01 10:12:45,229.1,0.0,0.1,0.0,OFF,LED_Bulb,synthetic
2026-01-01 10:12:46,230.0,0.0,0.0,0.0,OFF,LED_Bulb,synthetic
2026-01-01 10:12:47,231.1,0.039,9.0,2.5e-06,ON,LED_Bulb,synthetic
2026-01-01 10:12:48,229.3,0.042,9.6,2.7e-06,ON,LED_Bulb,synthetic
2026-01-01 10:12:49,229.9,0.038,8.8,2.5e-06,ON,LED_Bulb,synthetic
2026-01-01 10:12:50,231.0,0.039,8.9,2.5e-06,ON,LED_Bulb,synthetic
2026-01-01 10:12:51,228.7,0.038,8.8,2.4e-06,ON,LED_Bulb,synthetic
2026-01-01 10:12:52,231.2,0.04,9.2,2.6e-06,ON,LED_Bulb,synthetic
2026-01-01 10:12:53,230.6,0.04,9.2,2.6e-06,ON,LED_Bulb,synthetic
2026-01-01 10:12:54,230.6,0.039,9.1,2.5e-06,ON,LED_Bulb,synthetic
2026-01-01 10:12:55,230.0,0.04,9.2,2.5e-06,ON,LED_Bulb,synthetic
2026-01-01 10:12:56,231.3,0.04,9.3,2.6e-06,ON,LED_Bulb,synthetic
2026-01-01 10:12:57,231.2,0.042,9.6,2.7e-06,ON,LED_Bulb,synthetic
2026-01-01 10:12:58,230.6,0.039,9.0,2.5e-06,ON,LED_Bulb,synthetic
2026-01-01 10:12:59,229.7,0.04,9.3,2.6e-06,ON,LED_Bulb,synthetic
2026-01-01 10:13:00,230.7,0.041,9.4,2.6e-06,ON,LED_Bulb,synthetic
2026-01-01 10:13:01,229.0,0.041,9.5,2.6e-06,ON,LED_Bulb,synthetic
2026-01-01 10:13:02,229.5,0.041,9.3,2.6e-06,ON,LED_Bulb,synthetic
2026-01-01 10:13:03,229.7,0.039,9.0,2.5e-06,ON,LED_Bulb,synthetic
2026-01-01 10:13:04,229.5,0.04,9.2,2.6e-06,ON,LED_Bulb,synthetic
2026-01-01 10:13:05,231.3,0.04,9.2,2.6e-06,ON,LED_Bulb,synthetic
2026-01-01 10:13:06,231.5,0.04,9.2,2.6e-06,ON,LED_Bulb,synthetic
2026-01-01 10:13:07,231.4,0.039,9.0,2.5e-06,ON,LED_Bulb,synthetic
2026-01-01 10:13:08,231.4,0.041,9.5,2.6e-06,ON,LED_Bulb,synthetic
2026-01-01 10:13:09,228.7,0.041,9.3,2.6e-06,ON,LED_Bulb,synthetic
2026-01-01 10:13:10,230.0,0.038,8.8,2.4e-06,ON,LED_Bulb,synthetic
2026-01-01 10:13:11,230.4,0.039,8.9,2.5e-06,ON,LED_Bulb,synthetic
2026-01-01 10:13:12,230.7,0.042,9.7,2.7e-06,ON,LED_Bulb,synthetic
2026-01-01 10:13:13,230.3,0.04,9.3,2.6e-06,ON,LED_Bulb,synthetic
2026-01-01 10:13:14,228.6,0.04,9.3,2.6e-06,ON,LED_Bulb,synthetic
2026-01-01 10:13:15,229.6,0.038,8.8,2.4e-06,ON,LED_Bulb,synthetic
2026-01-01 10:13:16,231.3,0.039,9.0,2.5e-06,ON,LED_Bulb,synthetic
2026-01-01 10:13:17,230.4,0.04,9.3,2.6e-06,ON,LED_Bulb,synthetic
2026-01-01 10:13:18,228.5,0.039,8.9,2.5e-06,ON,LED_Bulb,synthetic
2026-01-01 10:13:19,229.1,0.041,9.4,2.6e-06,ON,LED_Bulb,synthetic
2026-01-01 10:13:20,230.2,0.041,9.4,2.6e-06,ON,LED_Bulb,synthetic
2026-01-01 10:13:21,231.1,0.039,9.0,2.5e-06,ON,LED_Bulb,synthetic
2026-01-01 10:13:22,231.0,0.039,9.0,2.5e-06,ON,LED_Bulb,synthetic
2026-01-01 10:13:23,228.6,0.041,9.4,2.6e-06,ON,LED_Bulb,synthetic
2026-01-01 10:13:24,230.9,0.041,9.5,2.6e-06,ON,LED_Bulb,synthetic
2026-01-01 10:13:25,230.6,0.04,9.2,2.6e-06,ON,LED_Bulb,synthetic
2026-01-01 10:13:26,230.9,0.042,9.6,2.7e-06,ON,LED_Bulb,synthetic
2026-01-01 10:13:27,231.2,0.038,8.8,2.5e-06,ON,LED_Bulb,synthetic
2026-01-01 10:13:28,230.7,0.04,9.3,2.6e-06,ON,LED_Bulb,synthetic
2026-01-01 10:13:29,231.3,0.0,0.0,0.0,OFF,LED_Bulb,synthetic
2026-01-01 10:13:30,231.4,0.001,0.1,0.0,OFF,LED_Bulb,synthetic
2026-01-01 10:13:31,231.3,0.039,9.0,2.5e-06,ON,LED_Bulb,synthetic
2026-01-01 10:13:32,230.1,0.042,9.6,2.7e-06,ON,LED_Bulb,synthetic
2026-01-01 10:13:33,230.8,0.04,9.1,2.5e-06,ON,LED_Bulb,synthetic
2026-01-01 10:13:34,231.5,0.039,8.9,2.5e-06,ON,LED_Bulb,synthetic
2026-01-01 10:13:35,229.4,0.04,9.1,2.5e-06,ON,LED_Bulb,synthetic
2026-01-01 10:13:36,229.1,0.0,0.1,0.0,OFF,LED_Bulb,synthetic
2026-01-01 10:13:37,230.4,0.041,9.4,2.6e-06,ON,LED_Bulb,synthetic
2026-01-01 10:13:38,231.2,0.042,9.7,2.7e-06,ON,LED_Bulb,synthetic
2026-01-01 10:13:39,229.2,0.04,9.2,2.6e-06,ON,LED_Bulb,synthetic
2026-01-01 10:13:40,231.4,0.039,9.0,2.5e-06,ON,LED_Bulb,synthetic
2026-01-01 10:13:41,229.5,0.001,0.2,0.0,OFF,LED_Bulb,synthetic
2026-01-01 10:13:42,230.7,0.042,9.6,2.7e-06,ON,LED_Bulb,synthetic
2026-01-01 10:13:43,229.0,0.038,8.8,2.4e-06,ON,LED_Bulb,synthetic
2026-01-01 10:13:44,230.4,0.041,9.5,2.6e-06,ON,LED_Bulb,synthetic
2026-01-01 10:13:45,229.0,0.038,8.8,2.4e-06,ON,LED_Bulb,synthetic
2026-01-01 10:13:46,229.1,0.042,9.6,2.7e-06,ON,LED_Bulb,synthetic
2026-01-01 10:13:47,230.0,0.0,0.0,0.0,OFF,LED_Bulb,synthetic
2026-01-01 10:13:48,229.3,0.04,9.2,2.5e-06,ON,LED_Bulb,synthetic
2026-01-01 10:13:49,230.2,0.042,9.7,2.7e-06,ON,LED_Bulb,synthetic
2026-01-01 10:13:50,231.5,0.041,9.4,2.6e-06,ON,LED_Bulb,synthetic
2026-01-01 10:13:51,230.4,0.042,9.6,2.7e-06,ON,LED_Bulb,synthetic
2026-01-01 10:13:52,229.6,0.038,8.8,2.5e-06,ON,LED_Bulb,synthetic
2026-01-01 10:13:53,230.1,0.001,0.1,0.0,OFF,LED_Bulb,synthetic
2026-01-01 10:13:54,228.9,0.038,8.8,2.4e-06,ON,LED_Bulb,synthetic
2026-01-01 10:13:55,229.0,0.0,0.1,0.0,OFF,LED_Bulb,synthetic
2026-01-01 10:13:56,230.9,0.041,9.5,2.7e-06,ON,LED_Bulb,synthetic
2026-01-01 10:13:57,228.8,0.039,8.9,2.5e-06,ON,LED_Bulb,synthetic
2026-01-01 10:13:58,230.4,0.042,9.6,2.7e-06,ON,LED_Bulb,synthetic
2026-01-01 10:13:59,229.3,0.039,9.0,2.5e-06,ON,LED_Bulb,synthetic
2026-01-01 10:14:00,229.7,0.042,9.5,2.7e-06,ON,LED_Bulb,synthetic
2026-01-01 10:14:01,230.4,0.042,9.6,2.7e-06,ON,LED_Bulb,synthetic
2026-01-01 10:14:02,229.8,0.04,9.2,2.6e-06,ON,LED_Bulb,synthetic
2026-01-01 10:14:03,229.9,0.042,9.7,2.7e-06,ON,LED_Bulb,synthetic
2026-01-01 10:14:04,230.4,0.04,9.2,2.6e-06,ON,LED_Bulb,synthetic
2026-01-01 10:14:05,229.2,0.041,9.3,2.6e-06,ON,LED_Bulb,synthetic
2026-01-01 10:14:06,229.4,0.001,0.2,1e-07,OFF,LED_Bulb,synthetic
2026-01-01 10:14:07,231.1,0.039,9.1,2.5e-06,ON,LED_Bulb,synthetic
2026-01-01 10:14:08,231.1,0.041,9.5,2.6e-06,ON,LED_Bulb,synthetic
2026-01-01 10:14:09,228.6,0.039,8.9,2.5e-06,ON,LED_Bulb,synthetic
2026-01-01 10:14:10,230.8,0.042,9.7,2.7e-06,ON,LED_Bulb,synthetic
2026-01-01 10:14:11,230.4,0.04,9.1,2.5e-06,ON,LED_Bulb,synthetic
2026-01-01 10:14:12,229.7,0.039,9.0,2.5e-06,ON,LED_Bulb,synthetic
2026-01-01 10:14:13,228.6,0.041,9.3,2.6e-06,ON,LED_Bulb,synthetic
2026-01-01 10:14:14,229.7,0.039,9.0,2.5e-06,ON,LED_Bulb,synthetic
2026-01-01 10:14:15,230.8,0.0,0.0,0.0,OFF,LED_Bulb,synthetic
2026-01-01 10:14:16,230.1,0.038,8.8,2.4e-06,ON,LED_Bulb,synthetic
2026-01-01 10:14:17,230.4,0.042,9.7,2.7e-06,ON,LED_Bulb,synthetic
2026-01-01 10:14:18,231.1,0.001,0.1,0.0,OFF,LED_Bulb,synthetic
2026-01-01 10:14:19,229.3,0.041,9.5,2.6e-06,ON,LED_Bulb,synthetic
2026-01-01 10:14:20,230.8,0.041,9.5,2.6e-06,ON,LED_Bulb,synthetic
2026-01-01 10:14:21,229.6,0.038,8.8,2.4e-06,ON,LED_Bulb,synthetic
2026-01-01 10:14:22,228.7,0.001,0.1,0.0,OFF,LED_Bulb,synthetic
2026-01-01 10:14:23,230.8,0.041,9.6,2.7e-06,ON,LED_Bulb,synthetic
2026-01-01 10:14:24,229.2,0.041,9.4,2.6e-06,ON,LED_Bulb,synthetic
2026-01-01 10:14:25,230.6,0.04,9.2,2.6e-06,ON,LED_Bulb,synthetic
2026-01-01 10:14:26,229.4,0.042,9.5,2.7e-06,ON,LED_Bulb,synthetic
2026-01-01 10:14:27,230.2,0.041,9.4,2.6e-06,ON,LED_Bulb,synthetic
2026-01-01 10:14:28,229.6,0.039,9.0,2.5e-06,ON,LED_Bulb,synthetic
2026-01-01 10:14:29,229.0,0.04,9.2,2.6e-06,ON,LED_Bulb,synthetic
2026-01-01 10:14:30,231.4,0.041,9.5,2.6e-06,ON,LED_Bulb,synthetic
2026-01-01 10:14:31,229.3,0.001,0.2,1e-07,OFF,LED_Bulb,synthetic
2026-01-01 10:14:32,230.7,0.041,9.5,2.6e-06,ON,LED_Bulb,synthetic
2026-01-01 10:14:33,229.8,0.04,9.2,2.5e-06,ON,LED_Bulb,synthetic
2026-01-01 10:14:34,229.0,0.039,8.9,2.5e-06,ON,LED_Bulb,synthetic
2026-01-01 10:14:35,230.4,0.001,0.1,0.0,OFF,LED_Bulb,synthetic
2026-01-01 10:14:36,230.9,0.039,9.0,2.5e-06,ON,LED_Bulb,synthetic
2026-01-01 10:14:37,230.3,0.039,9.0,2.5e-06,ON,LED_Bulb,synthetic
2026-01-01 10:14:38,229.9,0.04,9.2,2.5e-06,ON,LED_Bulb,synthetic
2026-01-01 10:14:39,229.1,0.042,9.5,2.6e-06,ON,LED_Bulb,synthetic
2026-01-01 10:14:40,229.0,0.039,9.0,2.5e-06,ON,LED_Bulb,synthetic
2026-01-01 10:14:41,231.3,0.039,9.0,2.5e-06,ON,LED_Bulb,synthetic
2026-01-01 10:14:42,228.8,0.041,9.5,2.6e-06,ON,LED_Bulb,synthetic
2026-01-01 10:14:43,230.2,0.04,9.2,2.6e-06,ON,LED_Bulb,synthetic
2026-01-01 10:14:44,230.2,0.041,9.4,2.6e-06,ON,LED_Bulb,synthetic
2026-01-01 10:14:45,230.6,0.041,9.4,2.6e-06,ON,LED_Bulb,synthetic
2026-01-01 10:14:46,230.0,0.04,9.3,2.6e-06,ON,LED_Bulb,synthetic
2026-01-01 10:14:47,230.9,0.041,9.5,2.6e-06,ON,LED_Bulb,synthetic
2026-01-01 10:14:48,231.0,0.041,9.6,2.7e-06,ON,LED_Bulb,synthetic
2026-01-01 10:14:49,229.3,0.041,9.4,2.6e-06,ON,LED_Bulb,synthetic
2026-01-01 10:14:50,229.4,0.041,9.4,2.6e-06,ON,LED_Bulb,synthetic
2026-01-01 10:14:51,228.6,0.0,0.1,0.0,OFF,LED_Bulb,synthetic
2026-01-01 10:14:52,229.8,0.039,8.9,2.5e-06,ON,LED_Bulb,synthetic
2026-01-01 10:14:53,229.8,0.041,9.3,2.6e-06,ON,LED_Bulb,synthetic
2026-01-01 10:14:54,231.1,0.041,9.4,2.6e-06,ON,LED_Bulb,synthetic
2026-01-01 10:14:55,229.8,0.041,9.4,2.6e-06,ON,LED_Bulb,synthetic
2026-01-01 10:14:56,228.6,0.04,9.1,2.5e-06,ON,LED_Bulb,synthetic
2026-01-01 10:14:57,228.7,0.042,9.6,2.7e-06,ON,LED_Bulb,synthetic
2026-01-01 10:14:58,230.6,0.039,9.1,2.5e-06,ON,LED_Bulb,synthetic
2026-01-01 10:14:59,230.1,0.042,9.6,2.7e-06,ON,LED_Bulb,synthetic
2026-01-01 10:15:00,230.9,0.038,8.8,2.5e-06,ON,LED_Bulb,synthetic
2026-01-01 10:15:01,230.8,0.038,8.8,2.4e-06,ON,LED_Bulb,synthetic
2026-01-01 10:15:02,230.9,0.039,9.0,2.5e-06,ON,LED_Bulb,synthetic
2026-01-01 10:15:03,231.2,0.038,8.9,2.5e-06,ON,LED_Bulb,synthetic
2026-01-01 10:15:04,228.6,0.039,9.0,2.5e-06,ON,LED_Bulb,synthetic
2026-01-01 10:15:05,230.9,0.001,0.2,1e-07,OFF,LED_Bulb,synthetic
2026-01-01 10:15:06,229.8,0.04,9.2,2.6e-06,ON,LED_Bulb,synthetic
2026-01-01 10:15:07,231.3,0.039,9.1,2.5e-06,ON,LED_Bulb,synthetic
2026-01-01 10:15:08,231.4,0.001,0.2,1e-07,OFF,LED_Bulb,synthetic
2026-01-01 10:15:09,229.2,0.039,8.9,2.5e-06,ON,LED_Bulb,synthetic
2026-01-01 10:15:10,230.6,0.042,9.6,2.7e-06,ON,LED_Bulb,synthetic
2026-01-01 10:15:11,229.1,0.04,9.3,2.6e-06,ON,LED_Bulb,synthetic
2026-01-01 10:15:12,230.5,0.041,9.4,2.6e-06,ON,LED_Bulb,synthetic
2026-01-01 10:15:13,229.0,0.039,8.8,2.5e-06,ON,LED_Bulb,synthetic
2026-01-01 10:15:14,229.2,0.001,0.2,1e-07,OFF,LED_Bulb,synthetic
2026-01-01 10:15:15,229.2,0.042,9.6,2.7e-06,ON,LED_Bulb,synthetic
2026-01-01 10:15:16,231.1,0.042,9.7,2.7e-06,ON,LED_Bulb,synthetic
2026-01-01 10:15:17,231.3,0.0,0.0,0.0,OFF,LED_Bulb,synthetic
2026-01-01 10:15:18,230.4,0.0,0.0,0.0,OFF,LED_Bulb,synthetic
2026-01-01 10:15:19,230.3,0.039,9.0,2.5e-06,ON,LED_Bulb,synthetic
2026-01-01 10:15:20,231.5,0.042,9.7,2.7e-06,ON,LED_Bulb,synthetic
2026-01-01 10:15:21,230.8,0.04,9.1,2.5e-06,ON,LED_Bulb,synthetic
2026-01-01 10:15:22,229.6,0.038,8.7,2.4e-06,ON,LED_Bulb,synthetic
2026-01-01 10:15:23,231.3,0.039,8.9,2.5e-06,ON,LED_Bulb,synthetic
2026-01-01 10:15:24,228.8,0.04,9.2,2.6e-06,ON,LED_Bulb,synthetic
2026-01-01 10:15:25,230.7,0.001,0.2,0.0,OFF,LED_Bulb,synthetic
2026-01-01 10:15:26,230.5,0.0,0.1,0.0,OFF,LED_Bulb,synthetic
2026-01-01 10:15:27,230.6,0.04,9.2,2.6e-06,ON,LED_Bulb,synthetic
2026-01-01 10:15:28,229.9,0.041,9.3,2.6e-06,ON,LED_Bulb,synthetic
2026-01-01 10:15:29,230.0,0.042,9.6,2.7e-06,ON,LED_Bulb,synthetic
2026-01-01 10:15:30,229.5,0.041,9.4,2.6e-06,ON,LED_Bulb,synthetic
2026-01-01 10:15:31,230.1,0.038,8.8,2.4e-06,ON,LED_Bulb,synthetic
2026-01-01 10:15:32,229.6,0.042,9.5,2.7e-06,ON,LED_Bulb,synthetic
2026-01-01 10:15:33,230.4,0.042,9.6,2.7e-06,ON,LED_Bulb,synthetic
2026-01-01 10:15:34,230.7,0.042,9.7,2.7e-06,ON,LED_Bulb,synthetic
2026-01-01 10:15:35,228.7,0.04,9.1,2.5e-06,ON,LED_Bulb,synthetic
2026-01-01 10:15:36,230.1,0.04,9.2,2.6e-06,ON,LED_Bulb,synthetic
2026-01-01 10:15:37,228.6,0.04,9.1,2.5e-06,ON,LED_Bulb,synthetic
2026-01-01 10:15:38,230.7,0.042,9.7,2.7e-06,ON,LED_Bulb,synthetic
2026-01-01 10:15:39,231.0,0.038,8.9,2.5e-06,ON,LED_Bulb,synthetic
2026-01-01 10:15:40,230.9,0.041,9.6,2.7e-06,ON,LED_Bulb,synthetic
2026-01-01 10:15:41,230.5,0.04,9.3,2.6e-06,ON,LED_Bulb,synthetic
2026-01-01 10:15:42,231.3,0.039,9.1,2.5e-06,ON,LED_Bulb,synthetic
2026-01-01 10:15:43,229.2,0.041,9.5,2.6e-06,ON,LED_Bulb,synthetic
2026-01-01 10:15:44,228.5,0.04,9.3,2.6e-06,ON,LED_Bulb,synthetic
2026-01-01 10:15:45,231.2,0.04,9.2,2.6e-06,ON,LED_Bulb,synthetic
2026-01-01 10:15:46,229.1,0.04,9.2,2.6e-06,ON,LED_Bulb,synthetic
2026-01-01 10:15:47,231.1,0.001,0.1,0.0,OFF,LED_Bulb,synthetic
2026-01-01 10:15:48,230.9,0.039,8.9,2.5e-06,ON,LED_Bulb,synthetic
2026-01-01 10:15:49,229.0,0.04,9.1,2.5e-06,ON,LED_Bulb,synthetic
2026-01-01 10:15:50,229.8,0.039,9.0,2.5e-06,ON,LED_Bulb,synthetic
2026-01-01 10:15:51,231.2,0.04,9.2,2.5e-06,ON,LED_Bulb,synthetic
2026-01-01 10:15:52,229.2,0.039,9.0,2.5e-06,ON,LED_Bulb,synthetic
2026-01-01 10:15:53,230.0,0.042,9.6,2.7e-06,ON,LED_Bulb,synthetic
2026-01-01 10:15:54,228.9,0.04,9.2,2.5e-06,ON,LED_Bulb,synthetic
2026-01-01 10:15:55,228.9,0.04,9.2,2.6e-06,ON,LED_Bulb,synthetic
2026-01-01 10:15:56,229.9,0.001,0.2,1e-07,OFF,LED_Bulb,synthetic
2026-01-01 10:15:57,228.9,0.041,9.5,2.6e-06,ON,LED_Bulb,synthetic
2026-01-01 10:15:58,230.3,0.001,0.1,0.0,OFF,LED_Bulb,synthetic
2026-01-01 10:15:59,229.1,0.039,9.0,2.5e-06,ON,LED_Bulb,synthetic
2026-01-01 10:16:00,229.4,0.041,9.5,2.6e-06,ON,LED_Bulb,synthetic
2026-01-01 10:16:01,231.1,0.039,8.9,2.5e-06,ON,LED_Bulb,synthetic
2026-01-01 10:16:02,231.0,0.041,9.4,2.6e-06,ON,LED_Bulb,synthetic
2026-01-01 10:16:03,228.5,0.042,9.6,2.7e-06,ON,LED_Bulb,synthetic
2026-01-01 10:16:04,231.1,0.04,9.2,2.5e-06,ON,LED_Bulb,synthetic
2026-01-01 10:16:05,231.1,0.042,9.7,2.7e-06,ON,LED_Bulb,synthetic
2026-01-01 10:16:06,230.8,0.0,0.0,0.0,OFF,LED_Bulb,synthetic
2026-01-01 10:16:07,229.9,0.039,8.9,2.5e-06,ON,LED_Bulb,synthetic
2026-01-01 10:16:08,228.9,0.039,9.0,2.5e-06,ON,LED_Bulb,synthetic
2026-01-01 10:16:09,229.8,0.039,8.9,2.5e-06,ON,LED_Bulb,synthetic
2026-01-01 10:16:10,230.0,0.041,9.4,2.6e-06,ON,LED_Bulb,synthetic
2026-01-01 10:16:11,230.5,0.038,8.8,2.4e-06,ON,LED_Bulb,synthetic
2026-01-01 10:16:12,228.7,0.001,0.2,1e-07,OFF,LED_Bulb,synthetic
2026-01-01 10:16:13,229.2,0.04,9.1,2.5e-06,ON,LED_Bulb,synthetic
2026-01-01 10:16:14,230.2,0.042,9.6,2.7e-06,ON,LED_Bulb,synthetic
2026-01-01 10:16:15,231.2,0.039,8.9,2.5e-06,ON,LED_Bulb,synthetic
2026-01-01 10:16:16,230.9,0.039,8.9,2.5e-06,ON,LED_Bulb,synthetic
2026-01-01 10:16:17,229.1,0.001,0.1,0.0,OFF,LED_Bulb,synthetic
2026-01-01 10:16:18,230.3,0.04,9.1,2.5e-06,ON,LED_Bulb,synthetic
2026-01-01 10:16:19,231.4,0.039,9.0,2.5e-06,ON,LED_Bulb,synthetic
2026-01-01 10:16:20,230.8,0.042,9.7,2.7e-06,ON,LED_Bulb,synthetic
2026-01-01 10:16:21,230.6,0.042,9.6,2.7e-06,ON,LED_Bulb,synthetic
2026-01-01 10:16:22,230.1,0.039,8.9,2.5e-06,ON,LED_Bulb,synthetic
2026-01-01 10:16:23,229.5,0.041,9.3,2.6e-06,ON,LED_Bulb,synthetic
2026-01-01 10:16:24,230.3,0.039,9.1,2.5e-06,ON,LED_Bulb,synthetic
2026-01-01 10:16:25,231.3,0.04,9.3,2.6e-06,ON,LED_Bulb,synthetic
2026-01-01 10:16:26,229.7,0.0,0.0,0.0,OFF,LED_Bulb,synthetic
2026-01-01 10:16:27,229.4,0.041,9.5,2.6e-06,ON,LED_Bulb,synthetic
2026-01-01 10:16:28,230.3,0.0,0.1,0.0,OFF,LED_Bulb,synthetic
2026-01-01 10:16:29,229.6,0.039,8.9,2.5e-06,ON,LED_Bulb,synthetic
2026-01-01 10:16:30,231.4,0.04,9.3,2.6e-06,ON,LED_Bulb,synthetic
2026-01-01 10:16:31,230.8,0.039,9.0,2.5e-06,ON,LED_Bulb,synthetic
2026-01-01 10:16:32,231.5,0.039,9.1,2.5e-06,ON,LED_Bulb,synthetic
2026-01-01 10:16:33,229.7,0.0,0.1,0.0,OFF,LED_Bulb,synthetic
2026-01-01 10:16:34,230.5,0.039,8.9,2.5e-06,ON,LED_Bulb,synthetic
2026-01-01 10:16:35,231.2,0.041,9.5,2.6e-06,ON,LED_Bulb,synthetic
2026-01-01 10:16:36,230.6,0.039,9.0,2.5e-06,ON,LED_Bulb,synthetic
2026-01-01 10:16:37,230.1,0.041,9.4,2.6e-06,ON,LED_Bulb,synthetic
2026-01-01 10:16:38,228.8,0.041,9.4,2.6e-06,ON,LED_Bulb,synthetic
2026-01-01 10:16:39,229.7,0.041,9.3,2.6e-06,ON,LED_Bulb,synthetic
2026-01-01 10:16:40,228.7,0.039,8.9,2.5e-06,ON,LED_Bulb,synthetic
2026-01-01 10:16:41,228.8,0.042,9.5,2.7e-06,ON,LED_Bulb,synthetic
2026-01-01 10:16:42,228.5,0.039,8.9,2.5e-06,ON,LED_Bulb,synthetic
2026-01-01 10:16:43,231.1,0.001,0.1,0.0,OFF,LED_Bulb,synthetic
2026-01-01 10:16:44,230.2,0.001,0.1,0.0,OFF,LED_Bulb,synthetic
2026-01-01 10:16:45,231.2,0.041,9.4,2.6e-06,ON,LED_Bulb,synthetic
2026-01-01 10:16:46,231.4,0.042,9.7,2.7e-06,ON,LED_Bulb,synthetic
2026-01-01 10:16:47,229.8,0.039,9.0,2.5e-06,ON,LED_Bulb,synthetic
2026-01-01 10:16:48,229.0,0.041,9.5,2.6e-06,ON,LED_Bulb,synthetic
2026-01-01 10:16:49,230.2,0.039,9.1,2.5e-06,ON,LED_Bulb,synthetic
2026-01-01 10:16:50,230.5,0.039,9.1,2.5e-06,ON,LED_Bulb,synthetic
2026-01-01 10:16:51,231.3,0.0,0.0,0.0,OFF,LED_Bulb,synthetic
2026-01-01 10:16:52,229.4,0.039,8.9,2.5e-06,ON,LED_Bulb,synthetic
2026-01-01 10:16:53,228.8,0.042,9.5,2.6e-06,ON,LED_Bulb,synthetic
2026-01-01 10:16:54,229.6,0.041,9.5,2.6e-06,ON,LED_Bulb,synthetic
2026-01-01 10:16:55,230.9,0.039,9.0,2.5e-06,ON,LED_Bulb,synthetic
2026-01-01 10:16:56,228.8,0.0,0.0,0.0,OFF,LED_Bulb,synthetic
2026-01-01 10:16:57,231.0,0.041,9.4,2.6e-06,ON,LED_Bulb,synthetic
2026-01-01 10:16:58,228.8,0.038,8.8,2.4e-06,ON,LED_Bulb,synthetic
2026-01-01 10:16:59,230.8,0.04,9.1,2.5e-06,ON,LED_Bulb,synthetic
2026-01-01 10:17:00,231.1,0.039,8.9,2.5e-06,ON,LED_Bulb,synthetic
2026-01-01 10:17:01,230.5,0.039,8.9,2.5e-06,ON,LED_Bulb,synthetic
2026-01-01 10:17:02,230.7,0.04,9.3,2.6e-06,ON,LED_Bulb,synthetic
2026-01-01 10:17:03,228.8,0.039,8.8,2.5e-06,ON,LED_Bulb,synthetic
2026-01-01 10:17:04,228.9,0.041,9.3,2.6e-06,ON,LED_Bulb,synthetic
2026-01-01 10:17:05,231.1,0.041,9.5,2.6e-06,ON,LED_Bulb,synthetic
2026-01-01 10:17:06,230.7,0.039,9.1,2.5e-06,ON,LED_Bulb,synthetic
2026-01-01 10:17:07,230.9,0.039,9.1,2.5e-06,ON,LED_Bulb,synthetic
2026-01-01 10:17:08,230.0,0.0,0.0,0.0,OFF,LED_Bulb,synthetic
2026-01-01 10:17:09,229.1,0.04,9.1,2.5e-06,ON,LED_Bulb,synthetic
2026-01-01 10:17:10,228.7,0.038,8.8,2.4e-06,ON,LED_Bulb,synthetic
2026-01-01 10:17:11,231.2,0.04,9.3,2.6e-06,ON,LED_Bulb,synthetic
2026-01-01 10:17:12,230.1,0.041,9.5,2.7e-06,ON,LED_Bulb,synthetic
2026-01-01 10:17:13,231.0,0.039,9.1,2.5e-06,ON,LED_Bulb,synthetic
2026-01-01 10:17:14,229.2,0.041,9.4,2.6e-06,ON,LED_Bulb,synthetic
2026-01-01 10:17:15,230.4,0.04,9.3,2.6e-06,ON,LED_Bulb,synthetic
2026-01-01 10:17:16,230.0,0.039,9.0,2.5e-06,ON,LED_Bulb,synthetic
2026-01-01 10:17:17,230.3,0.04,9.2,2.5e-06,ON,LED_Bulb,synthetic
2026-01-01 10:17:18,230.0,0.041,9.4,2.6e-06,ON,LED_Bulb,synthetic
2026-01-01 10:17:19,231.2,0.0,0.1,0.0,OFF,LED_Bulb,synthetic
2026-01-01 10:17:20,230.1,0.039,9.0,2.5e-06,ON,LED_Bulb,synthetic
2026-01-01 10:17:21,231.3,0.038,8.9,2.5e-06,ON,LED_Bulb,synthetic
2026-01-01 10:17:22,229.9,0.038,8.8,2.4e-06,ON,LED_Bulb,synthetic
2026-01-01 10:17:23,228.5,0.0,0.0,0.0,OFF,LED_Bulb,synthetic
2026-01-01 10:17:24,229.0,0.0,0.1,0.0,OFF,LED_Bulb,synthetic
2026-01-01 10:17:25,229.5,0.041,9.4,2.6e-06,ON,LED_Bulb,synthetic
2026-01-01 10:17:26,231.3,0.0,0.1,0.0,OFF,LED_Bulb,synthetic
2026-01-01 10:17:27,229.4,0.042,9.6,2.7e-06,ON,LED_Bulb,synthetic
2026-01-01 10:17:28,229.5,0.041,9.4,2.6e-06,ON,LED_Bulb,synthetic
2026-01-01 10:17:29,228.6,0.001,0.2,1e-07,OFF,LED_Bulb,synthetic
2026-01-01 10:17:30,230.1,0.04,9.1,2.5e-06,ON,LED_Bulb,synthetic
2026-01-01 10:17:31,230.2,0.04,9.2,2.6e-06,ON,LED_Bulb,synthetic
2026-01-01 10:17:32,230.1,0.042,9.6,2.7e-06,ON,LED_Bulb,synthetic
2026-01-01 10:17:33,231.1,0.042,9.7,2.7e-06,ON,LED_Bulb,synthetic
2026-01-01 10:17:34,229.3,0.041,9.4,2.6e-06,ON,LED_Bulb,synthetic
2026-01-01 10:17:35,229.2,0.041,9.5,2.6e-06,ON,LED_Bulb,synthetic
2026-01-01 10:17:36,230.7,0.039,9.0,2.5e-06,ON,LED_Bulb,synthetic
2026-01-01 10:17:37,229.3,0.041,9.3,2.6e-06,ON,LED_Bulb,synthetic
2026-01-01 10:17:38,231.3,0.04,9.3,2.6e-06,ON,LED_Bulb,synthetic
2026-01-01 10:17:39,229.0,0.042,9.5,2.6e-06,ON,LED_Bulb,synthetic
2026-01-01 10:17:40,231.2,0.041,9.5,2.7e-06,ON,LED_Bulb,synthetic
2026-01-01 10:17:41,228.6,0.039,9.0,2.5e-06,ON,LED_Bulb,synthetic
2026-01-01 10:17:42,228.8,0.038,8.7,2.4e-06,ON,LED_Bulb,synthetic
2026-01-01 10:17:43,229.7,0.039,8.9,2.5e-06,ON,LED_Bulb,synthetic
2026-01-01 10:17:44,231.0,0.041,9.4,2.6e-06,ON,LED_Bulb,synthetic
2026-01-01 10:17:45,230.0,0.039,9.0,2.5e-06,ON,LED_Bulb,synthetic
2026-01-01 10:17:46,230.2,0.04,9.3,2.6e-06,ON,LED_Bulb,synthetic
2026-01-01 10:17:47,229.3,0.001,0.2,0.0,OFF,LED_Bulb,synthetic
2026-01-01 10:17:48,228.6,0.0,0.0,0.0,OFF,LED_Bulb,synthetic
2026-01-01 10:17:49,228.5,0.041,9.5,2.6e-06,ON,LED_Bulb,synthetic
2026-01-01 10:17:50,229.4,0.04,9.3,2.6e-06,ON,LED_Bulb,synthetic
2026-01-01 10:17:51,230.5,0.041,9.4,2.6e-06,ON,LED_Bulb,synthetic
2026-01-01 10:17:52,229.3,0.001,0.2,0.0,OFF,LED_Bulb,synthetic
2026-01-01 10:17:53,231.4,0.042,9.6,2.7e-06,ON,LED_Bulb,synthetic
2026-01-01 10:17:54,229.2,0.039,8.9,2.5e-06,ON,LED_Bulb,synthetic
2026-01-01 10:17:55,230.9,0.041,9.4,2.6e-06,ON,LED_Bulb,synthetic
2026-01-01 10:17:56,231.4,0.04,9.3,2.6e-06,ON,LED_Bulb,synthetic
2026-01-01 10:17:57,228.8,0.04,9.1,2.5e-06,ON,LED_Bulb,synthetic
2026-01-01 10:17:58,229.8,0.04,9.2,2.5e-06,ON,LED_Bulb,synthetic
2026-01-01 10:17:59,228.5,0.041,9.4,2.6e-06,ON,LED_Bulb,synthetic
2026-01-01 10:18:00,231.0,0.001,0.2,1e-07,OFF,LED_Bulb,synthetic
2026-01-01 10:18:01,229.6,0.001,0.2,1e-07,OFF,LED_Bulb,synthetic
2026-01-01 10:18:02,230.0,0.039,9.0,2.5e-06,ON,LED_Bulb,synthetic
2026-01-01 10:18:03,230.5,0.04,9.3,2.6e-06,ON,LED_Bulb,synthetic
2026-01-01 10:18:04,229.9,0.039,9.0,2.5e-06,ON,LED_Bulb,synthetic
2026-01-01 10:18:05,231.2,0.0,0.0,0.0,OFF,LED_Bulb,synthetic
2026-01-01 10:18:06,229.5,0.001,0.1,0.0,OFF,LED_Bulb,synthetic
2026-01-01 10:18:07,228.8,0.0,0.0,0.0,OFF,LED_Bulb,synthetic
2026-01-01 10:18:08,230.8,0.039,9.1,2.5e-06,ON,LED_Bulb,synthetic
2026-01-01 10:18:09,229.0,0.039,9.0,2.5e-06,ON,LED_Bulb,synthetic
2026-01-01 10:18:10,231.2,0.042,9.6,2.7e-06,ON,LED_Bulb,synthetic
2026-01-01 10:18:11,230.3,0.041,9.4,2.6e-06,ON,LED_Bulb,synthetic
2026-01-01 10:18:12,231.5,0.039,9.0,2.5e-06,ON,LED_Bulb,synthetic
2026-01-01 10:18:13,229.7,0.039,9.0,2.5e-06,ON,LED_Bulb,synthetic
2026-01-01 10:18:14,230.1,0.038,8.8,2.4e-06,ON,LED_Bulb,synthetic
2026-01-01 10:18:15,229.7,0.001,0.1,0.0,OFF,LED_Bulb,synthetic
2026-01-01 10:18:16,229.4,0.039,8.9,2.5e-06,ON,LED_Bulb,synthetic
2026-01-01 10:18:17,231.2,0.0,0.0,0.0,OFF,LED_Bulb,synthetic
2026-01-01 10:18:18,229.9,0.039,9.1,2.5e-06,ON,LED_Bulb,synthetic
2026-01-01 10:18:19,231.4,0.04,9.2,2.5e-06,ON,LED_Bulb,synthetic
2026-01-01 10:18:20,229.9,0.041,9.3,2.6e-06,ON,LED_Bulb,synthetic
2026-01-01 10:18:21,229.7,0.04,9.1,2.5e-06,ON,LED_Bulb,synthetic
2026-01-01 10:18:22,229.4,0.039,9.0,2.5e-06,ON,LED_Bulb,synthetic
2026-01-01 10:18:23,231.3,0.039,9.0,2.5e-06,ON,LED_Bulb,synthetic
2026-01-01 10:18:24,228.8,0.001,0.2,1e-07,OFF,LED_Bulb,synthetic
2026-01-01 10:18:25,230.6,0.042,9.6,2.7e-06,ON,LED_Bulb,synthetic
2026-01-01 10:18:26,231.3,0.042,9.7,2.7e-06,ON,LED_Bulb,synthetic
2026-01-01 10:18:27,230.6,0.001,0.2,1e-07,OFF,LED_Bulb,synthetic
2026-01-01 10:18:28,230.2,0.04,9.3,2.6e-06,ON,LED_Bulb,synthetic
2026-01-01 10:18:29,231.1,0.041,9.4,2.6e-06,ON,LED_Bulb,synthetic
2026-01-01 10:18:30,231.4,0.039,9.0,2.5e-06,ON,LED_Bulb,synthetic
2026-01-01 10:18:31,231.1,0.039,9.1,2.5e-06,ON,LED_Bulb,synthetic
2026-01-01 10:18:32,230.2,0.0,0.1,0.0,OFF,LED_Bulb,synthetic
2026-01-01 10:18:33,229.0,0.039,8.9,2.5e-06,ON,LED_Bulb,synthetic
2026-01-01 10:18:34,231.4,0.04,9.4,2.6e-06,ON,LED_Bulb,synthetic
2026-01-01 10:18:35,231.0,0.04,9.3,2.6e-06,ON,LED_Bulb,synthetic
2026-01-01 10:18:36,231.2,0.0,0.1,0.0,OFF,LED_Bulb,synthetic
2026-01-01 10:18:37,229.7,0.04,9.3,2.6e-06,ON,LED_Bulb,synthetic
2026-01-01 10:18:38,229.6,0.038,8.8,2.4e-06,ON,LED_Bulb,synthetic
2026-01-01 10:18:39,230.4,0.039,8.9,2.5e-06,ON,LED_Bulb,synthetic
2026-01-01 10:18:40,229.1,0.039,9.0,2.5e-06,ON,LED_Bulb,synthetic
2026-01-01 10:18:41,230.1,0.0,0.0,0.0,OFF,LED_Bulb,synthetic
2026-01-01 10:18:42,231.0,0.042,9.6,2.7e-06,ON,LED_Bulb,synthetic
2026-01-01 10:18:43,229.1,0.039,8.8,2.5e-06,ON,LED_Bulb,synthetic
2026-01-01 10:18:44,228.6,0.041,9.5,2.6e-06,ON,LED_Bulb,synthetic
2026-01-01 10:18:45,230.3,0.041,9.4,2.6e-06,ON,LED_Bulb,synthetic
2026-01-01 10:18:46,229.0,0.041,9.3,2.6e-06,ON,LED_Bulb,synthetic
2026-01-01 10:18:47,228.9,0.039,8.8,2.5e-06,ON,LED_Bulb,synthetic
2026-01-01 10:18:48,229.5,0.039,9.0,2.5e-06,ON,LED_Bulb,synthetic
2026-01-01 10:18:49,231.0,0.04,9.1,2.5e-06,ON,LED_Bulb,synthetic
2026-01-01 10:18:50,228.7,0.041,9.3,2.6e-06,ON,LED_Bulb,synthetic
2026-01-01 10:18:51,229.7,0.041,9.4,2.6e-06,ON,LED_Bulb,synthetic
2026-01-01 10:18:52,231.3,0.039,9.0,2.5e-06,ON,LED_Bulb,synthetic
2026-01-01 10:18:53,230.4,0.038,8.8,2.4e-06,ON,LED_Bulb,synthetic
2026-01-01 10:18:54,230.8,0.041,9.5,2.6e-06,ON,LED_Bulb,synthetic
2026-01-01 10:18:55,230.3,0.039,9.1,2.5e-06,ON,LED_Bulb,synthetic
2026-01-01 10:18:56,228.8,0.039,8.9,2.5e-06,ON,LED_Bulb,synthetic
2026-01-01 10:18:57,230.6,0.04,9.3,2.6e-06,ON,LED_Bulb,synthetic
2026-01-01 10:18:58,228.7,0.042,9.5,2.6e-06,ON,LED_Bulb,synthetic
2026-01-01 10:18:59,229.9,0.041,9.5,2.6e-06,ON,LED_Bulb,synthetic
2026-01-01 10:19:00,228.8,0.039,9.0,2.5e-06,ON,LED_Bulb,synthetic
2026-01-01 10:19:01,230.4,0.001,0.2,1e-07,OFF,LED_Bulb,synthetic
2026-01-01 10:19:02,230.8,0.038,8.8,2.4e-06,ON,LED_Bulb,synthetic
2026-01-01 10:19:03,229.1,0.001,0.1,0.0,OFF,LED_Bulb,synthetic
2026-01-01 10:19:04,230.4,0.041,9.5,2.6e-06,ON,LED_Bulb,synthetic
2026-01-01 10:19:05,230.8,0.04,9.2,2.6e-06,ON,LED_Bulb,synthetic
2026-01-01 10:19:06,229.0,0.04,9.1,2.5e-06,ON,LED_Bulb,synthetic
2026-01-01 10:19:07,230.0,0.001,0.2,0.0,OFF,LED_Bulb,synthetic
2026-01-01 10:19:08,231.2,0.039,9.0,2.5e-06,ON,LED_Bulb,synthetic
2026-01-01 10:19:09,229.2,0.0,0.1,0.0,OFF,LED_Bulb,synthetic
2026-01-01 10:19:10,228.8,0.041,9.3,2.6e-06,ON,LED_Bulb,synthetic
2026-01-01 10:19:11,231.0,0.041,9.5,2.6e-06,ON,LED_Bulb,synthetic
2026-01-01 10:19:12,228.9,0.038,8.8,2.4e-06,ON,LED_Bulb,synthetic
2026-01-01 10:19:13,229.2,0.001,0.2,1e-07,OFF,LED_Bulb,synthetic
2026-01-01 10:19:14,231.2,0.038,8.8,2.5e-06,ON,LED_Bulb,synthetic
2026-01-01 10:19:15,230.8,0.039,9.1,2.5e-06,ON,LED_Bulb,synthetic
2026-01-01 10:19:16,230.8,0.041,9.4,2.6e-06,ON,LED_Bulb,synthetic
2026-01-01 10:19:17,230.0,0.038,8.8,2.4e-06,ON,LED_Bulb,synthetic
2026-01-01 10:19:18,229.3,0.04,9.2,2.6e-06,ON,LED_Bulb,synthetic
2026-01-01 10:19:19,231.2,0.038,8.8,2.4e-06,ON,LED_Bulb,synthetic
2026-01-01 10:19:20,230.7,0.04,9.3,2.6e-06,ON,LED_Bulb,synthetic
2026-01-01 10:19:21,230.0,0.0,0.0,0.0,OFF,LED_Bulb,synthetic
2026-01-01 10:19:22,229.3,0.039,9.0,2.5e-06,ON,LED_Bulb,synthetic
2026-01-01 10:19:23,228.7,0.04,9.1,2.5e-06,ON,LED_Bulb,synthetic
2026-01-01 10:19:24,230.0,0.001,0.2,1e-07,OFF,LED_Bulb,synthetic
2026-01-01 10:19:25,230.0,0.04,9.1,2.5e-06,ON,LED_Bulb,synthetic
2026-01-01 10:19:26,230.3,0.0,0.1,0.0,OFF,LED_Bulb,synthetic
2026-01-01 10:19:27,230.5,0.039,8.9,2.5e-06,ON,LED_Bulb,synthetic
2026-01-01 10:19:28,230.3,0.039,9.0,2.5e-06,ON,LED_Bulb,synthetic
2026-01-01 10:19:29,231.0,0.04,9.2,2.6e-06,ON,LED_Bulb,synthetic
2026-01-01 10:19:30,230.8,0.038,8.9,2.5e-06,ON,LED_Bulb,synthetic
2026-01-01 10:19:31,230.5,0.039,9.0,2.5e-06,ON,LED_Bulb,synthetic
2026-01-01 10:19:32,231.4,0.038,8.8,2.4e-06,ON,LED_Bulb,synthetic
2026-01-01 10:19:33,230.0,0.04,9.2,2.6e-06,ON,LED_Bulb,synthetic
2026-01-01 10:19:34,231.4,0.041,9.6,2.7e-06,ON,LED_Bulb,synthetic
2026-01-01 10:19:35,230.2,0.001,0.2,0.0,OFF,LED_Bulb,synthetic
2026-01-01 10:19:36,231.2,0.04,9.1,2.5e-06,ON,LED_Bulb,synthetic
2026-01-01 10:19:37,228.8,0.042,9.5,2.7e-06,ON,LED_Bulb,synthetic
2026-01-01 10:19:38,230.7,0.039,9.0,2.5e-06,ON,LED_Bulb,synthetic
2026-01-01 10:19:39,229.1,0.039,9.0,2.5e-06,ON,LED_Bulb,synthetic
2026-01-01 10:19:40,230.1,0.041,9.4,2.6e-06,ON,LED_Bulb,synthetic
2026-01-01 10:19:41,230.8,0.04,9.2,2.5e-06,ON,LED_Bulb,synthetic
2026-01-01 10:19:42,229.3,0.041,9.5,2.6e-06,ON,LED_Bulb,synthetic
2026-01-01 10:19:43,230.5,0.0,0.1,0.0,OFF,LED_Bulb,synthetic
2026-01-01 10:19:44,229.0,0.041,9.5,2.6e-06,ON,LED_Bulb,synthetic
2026-01-01 10:19:45,230.5,0.038,8.8,2.5e-06,ON,LED_Bulb,synthetic
2026-01-01 10:19:46,229.8,0.039,8.9,2.5e-06,ON,LED_Bulb,synthetic
2026-01-01 10:19:47,230.1,0.039,8.9,2.5e-06,ON,LED_Bulb,synthetic
2026-01-01 10:19:48,229.5,0.0,0.0,0.0,OFF,LED_Bulb,synthetic
2026-01-01 10:19:49,230.2,0.001,0.1,0.0,OFF,LED_Bulb,synthetic
2026-01-01 10:19:50,228.9,0.042,9.5,2.7e-06,ON,LED_Bulb,synthetic
2026-01-01 10:19:51,228.8,0.041,9.4,2.6e-06,ON,LED_Bulb,synthetic
2026-01-01 10:19:52,230.8,0.038,8.8,2.4e-06,ON,LED_Bulb,synthetic
2026-01-01 10:19:53,229.3,0.038,8.8,2.4e-06,ON,LED_Bulb,synthetic
2026-01-01 10:19:54,228.8,0.04,9.1,2.5e-06,ON,LED_Bulb,synthetic
2026-01-01 10:19:55,230.5,0.041,9.5,2.6e-06,ON,LED_Bulb,synthetic
2026-01-01 10:19:56,231.5,0.04,9.2,2.6e-06,ON,LED_Bulb,synthetic
2026-01-01 10:19:57,230.1,0.042,9.6,2.7e-06,ON,LED_Bulb,synthetic
2026-01-01 10:19:58,229.5,0.04,9.2,2.6e-06,ON,LED_Bulb,synthetic
2026-01-01 10:19:59,229.1,0.039,8.9,2.5e-06,ON,LED_Bulb,synthetic
2026-01-01 10:20:00,231.4,0.001,0.2,1e-07,OFF,LED_Bulb,synthetic
2026-01-01 10:20:01,230.8,0.0,0.0,0.0,OFF,LED_Bulb,synthetic
2026-01-01 10:20:02,231.5,0.039,9.1,2.5e-06,ON,LED_Bulb,synthetic
2026-01-01 10:20:03,228.9,0.041,9.5,2.6e-06,ON,LED_Bulb,synthetic
2026-01-01 10:20:04,231.1,0.0,0.1,0.0,OFF,LED_Bulb,synthetic
2026-01-01 10:20:05,230.7,0.038,8.8,2.5e-06,ON,LED_Bulb,synthetic
2026-01-01 10:20:06,229.7,0.039,8.9,2.5e-06,ON,LED_Bulb,synthetic
2026-01-01 10:20:07,230.1,0.041,9.5,2.6e-06,ON,LED_Bulb,synthetic
2026-01-01 10:20:08,230.6,0.041,9.6,2.7e-06,ON,LED_Bulb,synthetic
2026-01-01 10:20:09,231.1,0.039,9.0,2.5e-06,ON,LED_Bulb,synthetic
2026-01-01 10:20:10,230.3,0.039,8.9,2.5e-06,ON,LED_Bulb,synthetic
2026-01-01 10:20:11,229.1,0.041,9.3,2.6e-06,ON,LED_Bulb,synthetic
2026-01-01 10:20:12,228.7,0.039,8.8,2.4e-06,ON,LED_Bulb,synthetic
2026-01-01 10:20:13,231.3,0.039,9.0,2.5e-06,ON,LED_Bulb,synthetic
2026-01-01 10:20:14,231.1,0.04,9.3,2.6e-06,ON,LED_Bulb,synthetic
2026-01-01 10:20:15,231.0,0.039,9.1,2.5e-06,ON,LED_Bulb,synthetic
2026-01-01 10:20:16,229.5,0.0,0.1,0.0,OFF,LED_Bulb,synthetic
2026-01-01 10:20:17,229.2,0.042,9.6,2.7e-06,ON,LED_Bulb,synthetic
2026-01-01 10:20:18,230.9,0.04,9.2,2.6e-06,ON,LED_Bulb,synthetic
2026-01-01 10:20:19,230.0,0.041,9.4,2.6e-06,ON,LED_Bulb,synthetic
2026-01-01 10:20:20,229.4,0.039,9.0,2.5e-06,ON,LED_Bulb,synthetic
2026-01-01 10:20:21,228.7,0.04,9.2,2.6e-06,ON,LED_Bulb,synthetic
2026-01-01 10:20:22,231.3,0.041,9.6,2.7e-06,ON,LED_Bulb,synthetic
2026-01-01 10:20:23,229.2,0.041,9.4,2.6e-06,ON,LED_Bulb,synthetic
2026-01-01 10:20:24,228.9,0.041,9.4,2.6e-06,ON,LED_Bulb,synthetic
2026-01-01 10:20:25,229.0,0.04,9.2,2.5e-06,ON,LED_Bulb,synthetic
2026-01-01 10:20:26,229.2,0.04,9.2,2.6e-06,ON,LED_Bulb,synthetic
2026-01-01 10:20:27,231.3,0.04,9.3,2.6e-06,ON,LED_Bulb,synthetic
2026-01-01 10:20:28,229.3,0.04,9.2,2.6e-06,ON,LED_Bulb,synthetic
2026-01-01 10:20:29,230.8,0.039,9.0,2.5e-06,ON,LED_Bulb,synthetic
2026-01-01 10:20:30,229.5,0.04,9.1,2.5e-06,ON,LED_Bulb,synthetic
2026-01-01 10:20:31,229.6,0.039,8.9,2.5e-06,ON,LED_Bulb,synthetic
2026-01-01 10:20:32,230.5,0.041,9.6,2.7e-06,ON,LED_Bulb,synthetic
2026-01-01 10:20:33,231.0,0.04,9.3,2.6e-06,ON,LED_Bulb,synthetic
2026-01-01 10:20:34,229.6,0.041,9.5,2.6e-06,ON,LED_Bulb,synthetic
2026-01-01 10:20:35,231.2,0.041,9.4,2.6e-06,ON,LED_Bulb,synthetic
2026-01-01 10:20:36,230.4,0.04,9.2,2.6e-06,ON,LED_Bulb,synthetic
2026-01-01 10:20:37,229.0,0.038,8.7,2.4e-06,ON,LED_Bulb,synthetic
2026-01-01 10:20:38,228.6,0.039,8.9,2.5e-06,ON,LED_Bulb,synthetic
2026-01-01 10:20:39,230.3,0.041,9.5,2.6e-06,ON,LED_Bulb,synthetic
2026-01-01 10:20:40,229.4,0.04,9.1,2.5e-06,ON,LED_Bulb,synthetic
2026-01-01 10:20:41,230.9,0.0,0.0,0.0,OFF,LED_Bulb,synthetic
2026-01-01 10:20:42,228.7,0.038,8.7,2.4e-06,ON,LED_Bulb,synthetic
2026-01-01 10:20:43,231.0,0.042,9.7,2.7e-06,ON,LED_Bulb,synthetic
2026-01-01 10:20:44,230.4,0.0,0.0,0.0,OFF,LED_Bulb,synthetic
2026-01-01 10:20:45,229.9,0.04,9.1,2.5e-06,ON,LED_Bulb,synthetic
2026-01-01 10:20:46,230.8,0.042,9.6,2.7e-06,ON,LED_Bulb,synthetic
2026-01-01 10:20:47,228.7,0.04,9.1,2.5e-06,ON,LED_Bulb,synthetic
2026-01-01 10:20:48,229.3,0.042,9.6,2.7e-06,ON,LED_Bulb,synthetic
2026-01-01 10:20:49,229.5,0.042,9.5,2.6e-06,ON,LED_Bulb,synthetic
2026-01-01 10:20:50,230.0,0.04,9.1,2.5e-06,ON,LED_Bulb,synthetic
2026-01-01 10:20:51,230.9,0.042,9.7,2.7e-06,ON,LED_Bulb,synthetic
2026-01-01 10:20:52,231.2,0.001,0.2,1e-07,OFF,LED_Bulb,synthetic
2026-01-01 10:20:53,231.4,0.041,9.5,2.6e-06,ON,LED_Bulb,synthetic
2026-01-01 10:20:54,230.4,0.001,0.1,0.0,OFF,LED_Bulb,synthetic
2026-01-01 10:20:55,228.5,0.042,9.5,2.6e-06,ON,LED_Bulb,synthetic
2026-01-01 10:20:56,230.3,0.04,9.2,2.6e-06,ON,LED_Bulb,synthetic
2026-01-01 10:20:57,231.1,0.04,9.3,2.6e-06,ON,LED_Bulb,synthetic
2026-01-01 10:20:58,231.1,0.039,8.9,2.5e-06,ON,LED_Bulb,synthetic
2026-01-01 10:20:59,230.9,0.042,9.6,2.7e-06,ON,LED_Bulb,synthetic
2026-01-01 10:21:00,231.1,0.001,0.2,1e-07,OFF,LED_Bulb,synthetic
2026-01-01 10:21:01,229.3,0.039,8.9,2.5e-06,ON,LED_Bulb,synthetic
2026-01-01 10:21:02,230.4,0.042,9.6,2.7e-06,ON,LED_Bulb,synthetic
2026-01-01 10:21:03,230.0,0.038,8.8,2.4e-06,ON,LED_Bulb,synthetic
2026-01-01 10:21:04,230.2,0.041,9.5,2.6e-06,ON,LED_Bulb,synthetic
2026-01-01 10:21:05,231.2,0.001,0.2,1e-07,OFF,LED_Bulb,synthetic
2026-01-01 10:21:06,230.8,0.041,9.4,2.6e-06,ON,LED_Bulb,synthetic
2026-01-01 10:21:07,230.0,0.041,9.5,2.6e-06,ON,LED_Bulb,synthetic
2026-01-01 10:21:08,230.9,0.042,9.6,2.7e-06,ON,LED_Bulb,synthetic
2026-01-01 10:21:09,229.5,0.04,9.1,2.5e-06,ON,LED_Bulb,synthetic
2026-01-01 10:21:10,229.0,0.042,9.6,2.7e-06,ON,LED_Bulb,synthetic
2026-01-01 10:21:11,230.6,0.041,9.4,2.6e-06,ON,LED_Bulb,synthetic
2026-01-01 10:21:12,230.4,0.04,9.3,2.6e-06,ON,LED_Bulb,synthetic
2026-01-01 10:21:13,229.7,0.042,9.6,2.7e-06,ON,LED_Bulb,synthetic
2026-01-01 10:21:14,231.0,0.038,8.9,2.5e-06,ON,LED_Bulb,synthetic
2026-01-01 10:21:15,229.9,0.041,9.3,2.6e-06,ON,LED_Bulb,synthetic
2026-01-01 10:21:16,229.2,0.039,9.0,2.5e-06,ON,LED_Bulb,synthetic
2026-01-01 10:21:17,231.5,0.04,9.4,2.6e-06,ON,LED_Bulb,synthetic
2026-01-01 10:21:18,229.0,0.001,0.2,1e-07,OFF,LED_Bulb,synthetic
2026-01-01 10:21:19,230.8,0.001,0.2,0.0,OFF,LED_Bulb,synthetic
2026-01-01 10:21:20,228.8,0.001,0.2,1e-07,OFF,LED_Bulb,synthetic
2026-01-01 10:21:21,229.0,0.038,8.7,2.4e-06,ON,LED_Bulb,synthetic
2026-01-01 10:21:22,230.8,0.0,0.0,0.0,OFF,LED_Bulb,synthetic
2026-01-01 10:21:23,230.7,0.042,9.7,2.7e-06,ON,LED_Bulb,synthetic
2026-01-01 10:21:24,228.9,0.041,9.3,2.6e-06,ON,LED_Bulb,synthetic
2026-01-01 10:21:25,231.2,0.039,9.0,2.5e-06,ON,LED_Bulb,synthetic
2026-01-01 10:21:26,229.3,0.0,0.0,0.0,OFF,LED_Bulb,synthetic
2026-01-01 10:21:27,231.1,0.039,9.0,2.5e-06,ON,LED_Bulb,synthetic
2026-01-01 10:21:28,230.5,0.038,8.9,2.5e-06,ON,LED_Bulb,synthetic
2026-01-01 10:21:29,229.8,0.041,9.5,2.6e-06,ON,LED_Bulb,synthetic
2026-01-01 10:21:30,229.0,0.038,8.7,2.4e-06,ON,LED_Bulb,synthetic
2026-01-01 10:21:31,230.5,0.04,9.3,2.6e-06,ON,LED_Bulb,synthetic
2026-01-01 10:21:32,229.6,0.041,9.4,2.6e-06,ON,LED_Bulb,synthetic
2026-01-01 10:21:33,230.5,0.0,0.1,0.0,OFF,LED_Bulb,synthetic
2026-01-01 10:21:34,230.2,0.039,8.9,2.5e-06,ON,LED_Bulb,synthetic
2026-01-01 10:21:35,229.2,0.042,9.5,2.6e-06,ON,LED_Bulb,synthetic
2026-01-01 10:21:36,229.6,0.039,8.9,2.5e-06,ON,LED_Bulb,synthetic
2026-01-01 10:21:37,228.7,0.042,9.5,2.6e-06,ON,LED_Bulb,synthetic
2026-01-01 10:21:38,228.9,0.042,9.6,2.7e-06,ON,LED_Bulb,synthetic
2026-01-01 10:21:39,230.0,0.041,9.4,2.6e-06,ON,LED_Bulb,synthetic
2026-01-01 10:21:40,231.4,0.039,9.1,2.5e-06,ON,LED_Bulb,synthetic
2026-01-01 10:21:41,230.3,0.04,9.3,2.6e-06,ON,LED_Bulb,synthetic
2026-01-01 10:21:42,229.5,0.001,0.2,1e-07,OFF,LED_Bulb,synthetic
2026-01-01 10:21:43,230.7,0.0,0.0,0.0,OFF,LED_Bulb,synthetic
2026-01-01 10:21:44,228.7,0.04,9.1,2.5e-06,ON,LED_Bulb,synthetic
2026-01-01 10:21:45,230.7,0.038,8.8,2.4e-06,ON,LED_Bulb,synthetic
2026-01-01 10:21:46,231.2,0.038,8.8,2.5e-06,ON,LED_Bulb,synthetic
2026-01-01 10:21:47,230.7,0.039,9.1,2.5e-06,ON,LED_Bulb,synthetic
2026-01-01 10:21:48,228.7,0.038,8.7,2.4e-06,ON,LED_Bulb,synthetic
2026-01-01 10:21:49,228.9,0.041,9.5,2.6e-06,ON,LED_Bulb,synthetic
2026-01-01 10:21:50,231.2,0.041,9.5,2.6e-06,ON,LED_Bulb,synthetic
2026-01-01 10:21:51,230.9,0.038,8.9,2.5e-06,ON,LED_Bulb,synthetic
2026-01-01 10:21:52,228.8,0.039,8.8,2.5e-06,ON,LED_Bulb,synthetic
2026-01-01 10:21:53,231.5,0.038,8.9,2.5e-06,ON,LED_Bulb,synthetic
2026-01-01 10:21:54,228.7,0.042,9.5,2.7e-06,ON,LED_Bulb,synthetic
2026-01-01 10:21:55,229.3,0.038,8.8,2.4e-06,ON,LED_Bulb,synthetic
2026-01-01 10:21:56,231.1,0.041,9.4,2.6e-06,ON,LED_Bulb,synthetic
2026-01-01 10:21:57,229.8,0.04,9.1,2.5e-06,ON,LED_Bulb,synthetic
2026-01-01 10:21:58,230.4,0.039,8.9,2.5e-06,ON,LED_Bulb,synthetic
2026-01-01 10:21:59,229.9,0.04,9.1,2.5e-06,ON,LED_Bulb,synthetic
2026-01-01 10:22:00,230.5,0.001,0.2,1e-07,OFF,LED_Bulb,synthetic
2026-01-01 10:22:01,230.6,0.042,9.6,2.7e-06,ON,LED_Bulb,synthetic
2026-01-01 10:22:02,230.3,0.0,0.1,0.0,OFF,LED_Bulb,synthetic
2026-01-01 10:22:03,229.8,0.042,9.6,2.7e-06,ON,LED_Bulb,synthetic
2026-01-01 10:22:04,230.6,0.039,9.0,2.5e-06,ON,LED_Bulb,synthetic
2026-01-01 10:22:05,231.1,0.04,9.2,2.5e-06,ON,LED_Bulb,synthetic
2026-01-01 10:22:06,228.7,0.038,8.8,2.4e-06,ON,LED_Bulb,synthetic
2026-01-01 10:22:07,229.7,0.038,8.8,2.4e-06,ON,LED_Bulb,synthetic
2026-01-01 10:22:08,229.1,0.04,9.2,2.6e-06,ON,LED_Bulb,synthetic
2026-01-01 10:22:09,228.8,0.042,9.6,2.7e-06,ON,LED_Bulb,synthetic
2026-01-01 10:22:10,231.1,0.039,8.9,2.5e-06,ON,LED_Bulb,synthetic
2026-01-01 10:22:11,230.0,0.038,8.8,2.4e-06,ON,LED_Bulb,synthetic
2026-01-01 10:22:12,230.0,0.042,9.5,2.7e-06,ON,LED_Bulb,synthetic
2026-01-01 10:22:13,228.7,0.0,0.1,0.0,OFF,LED_Bulb,synthetic
2026-01-01 10:22:14,228.7,0.04,9.2,2.5e-06,ON,LED_Bulb,synthetic
2026-01-01 10:22:15,230.4,0.038,8.8,2.5e-06,ON,LED_Bulb,synthetic
2026-01-01 10:22:16,231.2,0.0,0.0,0.0,OFF,LED_Bulb,synthetic
2026-01-01 10:22:17,231.2,0.039,9.1,2.5e-06,ON,LED_Bulb,synthetic
2026-01-01 10:22:18,229.8,0.042,9.6,2.7e-06,ON,LED_Bulb,synthetic
2026-01-01 10:22:19,229.4,0.001,0.2,1e-07,OFF,LED_Bulb,synthetic
2026-01-01 10:22:20,230.4,0.04,9.2,2.6e-06,ON,LED_Bulb,synthetic
2026-01-01 10:22:21,229.8,0.038,8.8,2.4e-06,ON,LED_Bulb,synthetic
2026-01-01 10:22:22,230.7,0.039,9.1,2.5e-06,ON,LED_Bulb,synthetic
2026-01-01 10:22:23,230.6,0.041,9.4,2.6e-06,ON,LED_Bulb,synthetic
2026-01-01 10:22:24,228.9,0.041,9.4,2.6e-06,ON,LED_Bulb,synthetic
2026-01-01 10:22:25,228.5,0.041,9.4,2.6e-06,ON,LED_Bulb,synthetic
2026-01-01 10:22:26,228.9,0.04,9.1,2.5e-06,ON,LED_Bulb,synthetic
2026-01-01 10:22:27,229.0,0.039,9.0,2.5e-06,ON,LED_Bulb,synthetic
2026-01-01 10:22:28,230.4,0.042,9.7,2.7e-06,ON,LED_Bulb,synthetic
2026-01-01 10:22:29,229.9,0.039,9.0,2.5e-06,ON,LED_Bulb,synthetic
2026-01-01 10:22:30,228.5,0.001,0.2,0.0,OFF,LED_Bulb,synthetic
2026-01-01 10:22:31,231.3,0.001,0.1,0.0,OFF,LED_Bulb,synthetic
2026-01-01 10:22:32,229.2,0.039,9.0,2.5e-06,ON,LED_Bulb,synthetic
2026-01-01 10:22:33,229.4,0.041,9.3,2.6e-06,ON,LED_Bulb,synthetic
2026-01-01 10:22:34,230.9,0.04,9.3,2.6e-06,ON,LED_Bulb,synthetic
2026-01-01 10:22:35,230.7,0.041,9.4,2.6e-06,ON,LED_Bulb,synthetic
2026-01-01 10:22:36,231.2,0.038,8.9,2.5e-06,ON,LED_Bulb,synthetic
2026-01-01 10:22:37,229.3,0.038,8.8,2.4e-06,ON,LED_Bulb,synthetic
2026-01-01 10:22:38,229.5,0.041,9.3,2.6e-06,ON,LED_Bulb,synthetic
2026-01-01 10:22:39,230.0,0.038,8.8,2.4e-06,ON,LED_Bulb,synthetic
2026-01-01 10:22:40,229.0,0.001,0.1,0.0,OFF,LED_Bulb,synthetic
2026-01-01 10:22:41,231.4,0.04,9.3,2.6e-06,ON,LED_Bulb,synthetic
2026-01-01 10:22:42,231.0,0.038,8.8,2.4e-06,ON,LED_Bulb,synthetic
2026-01-01 10:22:43,231.3,0.04,9.2,2.6e-06,ON,LED_Bulb,synthetic
2026-01-01 10:22:44,228.6,0.04,9.1,2.5e-06,ON,LED_Bulb,synthetic
2026-01-01 10:22:45,229.5,0.0,0.0,0.0,OFF,LED_Bulb,synthetic
2026-01-01 10:22:46,230.2,0.041,9.3,2.6e-06,ON,LED_Bulb,synthetic
2026-01-01 10:22:47,231.4,0.042,9.7,2.7e-06,ON,LED_Bulb,synthetic
2026-01-01 10:22:48,230.4,0.04,9.2,2.6e-06,ON,LED_Bulb,synthetic
2026-01-01 10:22:49,230.5,0.041,9.4,2.6e-06,ON,LED_Bulb,synthetic
2026-01-01 10:22:50,228.5,0.001,0.2,0.0,OFF,LED_Bulb,synthetic
2026-01-01 10:22:51,228.5,0.0,0.1,0.0,OFF,LED_Bulb,synthetic
2026-01-01 10:22:52,229.7,0.039,8.8,2.5e-06,ON,LED_Bulb,synthetic
2026-01-01 10:22:53,230.5,0.039,8.9,2.5e-06,ON,LED_Bulb,synthetic
2026-01-01 10:22:54,229.0,0.041,9.3,2.6e-06,ON,LED_Bulb,synthetic
2026-01-01 10:22:55,229.4,0.042,9.6,2.7e-06,ON,LED_Bulb,synthetic
2026-01-01 10:22:56,231.3,0.04,9.2,2.6e-06,ON,LED_Bulb,synthetic
2026-01-01 10:22:57,228.8,0.04,9.2,2.6e-06,ON,LED_Bulb,synthetic
2026-01-01 10:22:58,229.7,0.039,9.0,2.5e-06,ON,LED_Bulb,synthetic
2026-01-01 10:22:59,230.5,0.039,9.1,2.5e-06,ON,LED_Bulb,synthetic
2026-01-01 10:23:00,229.7,0.0,0.1,0.0,OFF,LED_Bulb,synthetic
2026-01-01 10:23:01,230.8,0.039,9.0,2.5e-06,ON,LED_Bulb,synthetic
2026-01-01 10:23:02,230.6,0.041,9.5,2.6e-06,ON,LED_Bulb,synthetic
2026-01-01 10:23:03,231.0,0.0,0.0,0.0,OFF,LED_Bulb,synthetic
2026-01-01 10:23:04,231.3,0.038,8.8,2.5e-06,ON,LED_Bulb,synthetic
2026-01-01 10:23:05,229.7,0.04,9.2,2.5e-06,ON,LED_Bulb,synthetic
2026-01-01 10:23:06,230.7,0.042,9.7,2.7e-06,ON,LED_Bulb,synthetic
2026-01-01 10:23:07,231.2,0.041,9.4,2.6e-06,ON,LED_Bulb,synthetic
2026-01-01 10:23:08,228.6,0.039,9.0,2.5e-06,ON,LED_Bulb,synthetic
2026-01-01 10:23:09,230.3,0.042,9.6,2.7e-06,ON,LED_Bulb,synthetic
2026-01-01 10:23:10,228.6,0.042,9.6,2.7e-06,ON,LED_Bulb,synthetic
2026-01-01 10:23:11,231.4,0.041,9.4,2.6e-06,ON,LED_Bulb,synthetic
2026-01-01 10:23:12,229.1,0.041,9.3,2.6e-06,ON,LED_Bulb,synthetic
2026-01-01 10:23:13,229.8,0.04,9.2,2.5e-06,ON,LED_Bulb,synthetic
2026-01-01 10:23:14,231.0,0.04,9.2,2.6e-06,ON,LED_Bulb,synthetic
2026-01-01 10:23:15,230.8,0.041,9.5,2.6e-06,ON,LED_Bulb,synthetic
2026-01-01 10:23:16,229.5,0.04,9.2,2.6e-06,ON,LED_Bulb,synthetic
2026-01-01 10:23:17,231.1,0.041,9.5,2.6e-06,ON,LED_Bulb,synthetic
2026-01-01 10:23:18,229.1,0.04,9.1,2.5e-06,ON,LED_Bulb,synthetic
2026-01-01 10:23:19,229.8,0.039,9.1,2.5e-06,ON,LED_Bulb,synthetic
2026-01-01 10:23:20,231.0,0.041,9.4,2.6e-06,ON,LED_Bulb,synthetic
2026-01-01 10:23:21,230.5,0.0,0.0,0.0,OFF,LED_Bulb,synthetic
2026-01-01 10:23:22,230.8,0.04,9.1,2.5e-06,ON,LED_Bulb,synthetic
2026-01-01 10:23:23,228.7,0.041,9.5,2.6e-06,ON,LED_Bulb,synthetic
2026-01-01 10:23:24,230.4,0.039,9.0,2.5e-06,ON,LED_Bulb,synthetic
2026-01-01 10:23:25,229.5,0.039,8.9,2.5e-06,ON,LED_Bulb,synthetic
2026-01-01 10:23:26,230.6,0.042,9.6,2.7e-06,ON,LED_Bulb,synthetic
2026-01-01 10:23:27,228.9,0.041,9.4,2.6e-06,ON,LED_Bulb,synthetic
2026-01-01 10:23:28,229.3,0.04,9.2,2.6e-06,ON,LED_Bulb,synthetic
2026-01-01 10:23:29,231.4,0.042,9.6,2.7e-06,ON,LED_Bulb,synthetic
2026-01-01 10:23:30,230.7,0.039,8.9,2.5e-06,ON,LED_Bulb,synthetic
2026-01-01 10:23:31,228.9,0.038,8.8,2.4e-06,ON,LED_Bulb,synthetic
2026-01-01 10:23:32,230.8,0.039,8.9,2.5e-06,ON,LED_Bulb,synthetic
2026-01-01 10:23:33,230.8,0.038,8.8,2.4e-06,ON,LED_Bulb,synthetic
2026-01-01 10:23:34,229.5,0.041,9.3,2.6e-06,ON,LED_Bulb,synthetic
2026-01-01 10:23:35,230.8,0.039,8.9,2.5e-06,ON,LED_Bulb,synthetic
2026-01-01 10:23:36,230.6,0.041,9.5,2.6e-06,ON,LED_Bulb,synthetic
2026-01-01 10:23:37,228.9,0.04,9.0,2.5e-06,ON,LED_Bulb,synthetic
2026-01-01 10:23:38,228.5,0.041,9.3,2.6e-06,ON,LED_Bulb,synthetic
2026-01-01 10:23:39,228.5,0.001,0.1,0.0,OFF,LED_Bulb,synthetic
2026-01-01 10:23:40,230.6,0.0,0.1,0.0,OFF,LED_Bulb,synthetic
2026-01-01 10:23:41,229.6,0.0,0.0,0.0,OFF,LED_Bulb,synthetic
2026-01-01 10:23:42,230.7,0.039,8.9,2.5e-06,ON,LED_Bulb,synthetic
2026-01-01 10:23:43,228.5,0.039,8.9,2.5e-06,ON,LED_Bulb,synthetic
2026-01-01 10:23:44,228.6,0.04,9.1,2.5e-06,ON,LED_Bulb,synthetic
2026-01-01 10:23:45,231.2,0.041,9.5,2.6e-06,ON,LED_Bulb,synthetic
2026-01-01 10:23:46,230.1,0.039,9.0,2.5e-06,ON,LED_Bulb,synthetic
2026-01-01 10:23:47,228.9,0.039,9.0,2.5e-06,ON,LED_Bulb,synthetic
2026-01-01 10:23:48,230.6,0.04,9.3,2.6e-06,ON,LED_Bulb,synthetic
2026-01-01 10:23:49,230.6,0.04,9.2,2.5e-06,ON,LED_Bulb,synthetic
2026-01-01 10:23:50,230.1,0.04,9.3,2.6e-06,ON,LED_Bulb,synthetic
2026-01-01 10:23:51,229.6,0.04,9.3,2.6e-06,ON,LED_Bulb,synthetic
2026-01-01 10:23:52,231.5,0.039,8.9,2.5e-06,ON,LED_Bulb,synthetic
2026-01-01 10:23:53,229.1,0.04,9.1,2.5e-06,ON,LED_Bulb,synthetic
2026-01-01 10:23:54,231.5,0.042,9.7,2.7e-06,ON,LED_Bulb,synthetic
2026-01-01 10:23:55,228.8,0.041,9.4,2.6e-06,ON,LED_Bulb,synthetic
2026-01-01 10:23:56,228.5,0.001,0.1,0.0,OFF,LED_Bulb,synthetic
2026-01-01 10:23:57,229.1,0.039,8.8,2.5e-06,ON,LED_Bulb,synthetic
2026-01-01 10:23:58,228.6,0.04,9.1,2.5e-06,ON,LED_Bulb,synthetic
2026-01-01 10:23:59,229.4,0.041,9.4,2.6e-06,ON,LED_Bulb,synthetic
2026-01-01 10:24:00,229.6,0.04,9.2,2.5e-06,ON,LED_Bulb,synthetic
2026-01-01 10:24:01,230.6,0.041,9.4,2.6e-06,ON,LED_Bulb,synthetic
2026-01-01 10:24:02,228.9,0.0,0.1,0.0,OFF,LED_Bulb,synthetic
2026-01-01 10:24:03,230.1,0.04,9.2,2.6e-06,ON,LED_Bulb,synthetic
2026-01-01 10:24:04,229.3,0.04,9.1,2.5e-06,ON,LED_Bulb,synthetic
2026-01-01 10:24:05,231.2,0.041,9.5,2.6e-06,ON,LED_Bulb,synthetic
2026-01-01 10:24:06,229.2,0.0,0.0,0.0,OFF,LED_Bulb,synthetic
2026-01-01 10:24:07,229.8,0.042,9.5,2.7e-06,ON,LED_Bulb,synthetic
2026-01-01 10:24:08,229.4,0.04,9.2,2.6e-06,ON,LED_Bulb,synthetic
2026-01-01 10:24:09,230.8,0.042,9.7,2.7e-06,ON,LED_Bulb,synthetic
2026-01-01 10:24:10,228.5,0.0,0.0,0.0,OFF,LED_Bulb,synthetic
2026-01-01 10:24:11,228.5,0.039,9.0,2.5e-06,ON,LED_Bulb,synthetic
2026-01-01 10:24:12,230.4,0.038,8.8,2.5e-06,ON,LED_Bulb,synthetic
2026-01-01 10:24:13,228.9,0.042,9.6,2.7e-06,ON,LED_Bulb,synthetic
2026-01-01 10:24:14,229.1,0.04,9.1,2.5e-06,ON,LED_Bulb,synthetic
2026-01-01 10:24:15,229.7,0.001,0.1,0.0,OFF,LED_Bulb,synthetic
2026-01-01 10:24:16,230.6,0.04,9.2,2.6e-06,ON,LED_Bulb,synthetic
2026-01-01 10:24:17,229.1,0.041,9.3,2.6e-06,ON,LED_Bulb,synthetic
2026-01-01 10:24:18,231.1,0.001,0.1,0.0,OFF,LED_Bulb,synthetic
2026-01-01 10:24:19,230.3,0.001,0.2,0.0,OFF,LED_Bulb,synthetic
2026-01-01 10:24:20,230.7,0.0,0.1,0.0,OFF,LED_Bulb,synthetic
2026-01-01 10:24:21,229.5,0.041,9.3,2.6e-06,ON,LED_Bulb,synthetic
2026-01-01 10:24:22,230.0,0.039,8.9,2.5e-06,ON,LED_Bulb,synthetic
2026-01-01 10:24:23,230.2,0.001,0.2,1e-07,OFF,LED_Bulb,synthetic
2026-01-01 10:24:24,229.0,0.04,9.1,2.5e-06,ON,LED_Bulb,synthetic
2026-01-01 10:24:25,231.3,0.039,8.9,2.5e-06,ON,LED_Bulb,synthetic
2026-01-01 10:24:26,231.2,0.04,9.2,2.6e-06,ON,LED_Bulb,synthetic
2026-01-01 10:24:27,229.2,0.0,0.0,0.0,OFF,LED_Bulb,synthetic
2026-01-01 10:24:28,229.7,0.039,9.0,2.5e-06,ON,LED_Bulb,synthetic
2026-01-01 10:24:29,229.5,0.0,0.1,0.0,OFF,LED_Bulb,synthetic
2026-01-01 10:24:30,231.2,0.041,9.4,2.6e-06,ON,LED_Bulb,synthetic
2026-01-01 10:24:31,228.9,0.039,8.9,2.5e-06,ON,LED_Bulb,synthetic
2026-01-01 10:24:32,229.4,0.04,9.3,2.6e-06,ON,LED_Bulb,synthetic
2026-01-01 10:24:33,230.9,0.04,9.2,2.6e-06,ON,LED_Bulb,synthetic
2026-01-01 10:24:34,231.3,0.039,9.1,2.5e-06,ON,LED_Bulb,synthetic
2026-01-01 10:24:35,229.1,0.038,8.8,2.4e-06,ON,LED_Bulb,synthetic
2026-01-01 10:24:36,231.3,0.04,9.1,2.5e-06,ON,LED_Bulb,synthetic
2026-01-01 10:24:37,230.3,0.0,0.0,0.0,OFF,LED_Bulb,synthetic
2026-01-01 10:24:38,229.0,0.039,8.8,2.5e-06,ON,LED_Bulb,synthetic
2026-01-01 10:24:39,228.8,0.0,0.1,0.0,OFF,LED_Bulb,synthetic
2026-01-01 10:24:40,231.2,0.041,9.5,2.6e-06,ON,LED_Bulb,synthetic
2026-01-01 10:24:41,229.3,0.04,9.1,2.5e-06,ON,LED_Bulb,synthetic
2026-01-01 10:24:42,229.9,0.04,9.2,2.5e-06,ON,LED_Bulb,synthetic
2026-01-01 10:24:43,229.2,0.038,8.8,2.4e-06,ON,LED_Bulb,synthetic
2026-01-01 10:24:44,230.2,0.041,9.3,2.6e-06,ON,LED_Bulb,synthetic
2026-01-01 10:24:45,230.3,0.0,0.1,0.0,OFF,LED_Bulb,synthetic
2026-01-01 10:24:46,231.4,0.039,8.9,2.5e-06,ON,LED_Bulb,synthetic
2026-01-01 10:24:47,231.4,0.04,9.3,2.6e-06,ON,LED_Bulb,synthetic
2026-01-01 10:24:48,230.6,0.04,9.3,2.6e-06,ON,LED_Bulb,synthetic
2026-01-01 10:24:49,228.5,0.039,8.8,2.4e-06,ON,LED_Bulb,synthetic
2026-01-01 10:24:50,228.8,0.001,0.2,1e-07,OFF,LED_Bulb,synthetic
2026-01-01 10:24:51,230.1,0.039,8.9,2.5e-06,ON,LED_Bulb,synthetic
2026-01-01 10:24:52,231.1,0.042,9.7,2.7e-06,ON,LED_Bulb,synthetic
2026-01-01 10:24:53,229.8,0.04,9.3,2.6e-06,ON,LED_Bulb,synthetic
2026-01-01 10:24:54,229.9,0.001,0.1,0.0,OFF,LED_Bulb,synthetic
2026-01-01 10:24:55,230.1,0.04,9.2,2.6e-06,ON,LED_Bulb,synthetic
2026-01-01 10:24:56,231.1,0.041,9.4,2.6e-06,ON,LED_Bulb,synthetic
2026-01-01 10:24:57,230.2,0.0,0.1,0.0,OFF,LED_Bulb,synthetic
2026-01-01 10:24:58,231.1,0.041,9.6,2.7e-06,ON,LED_Bulb,synthetic
2026-01-01 10:24:59,229.3,0.001,0.2,1e-07,OFF,LED_Bulb,synthetic
